#pragma once
#include <Arduino.h>

static constexpr int kLogoSrcW = 240;
static constexpr int kLogoSrcH = 135;

static const uint16_t commodore_logo_rgb565[] PROGMEM = {
  0x0000, 0x0000, 0x0000, 0x0000, 0x0000, 0x0000, 0x0000, 0x0000, 0x0000, 0x0000, 0x0000, 0x0000,
  0x0000, 0x0000, 0x0000, 0x0000, 0x0000, 0x0000, 0x0000, 0x0000, 0x0000, 0x0000, 0x0000, 0x0000,
  0x0000, 0x0000, 0x0000, 0x0000, 0x0000, 0x0000, 0x0000, 0x0000, 0x0000, 0x0000, 0x0000, 0x0000,
  0x0000, 0x0000, 0x0000, 0x0000, 0x0000, 0x0000, 0x0000, 0x0000, 0x0000, 0x0000, 0x0000, 0x0000,
  0x0000, 0x0000, 0x0000, 0x0000, 0x0000, 0x0000, 0x0000, 0x0000, 0x0000, 0x0000, 0x0000, 0x0000,
  0x0000, 0x0000, 0x0000, 0x0000, 0x0000, 0x0000, 0x0000, 0x0000, 0x0000, 0x0000, 0x0000, 0x0000,
  0x0000, 0x0000, 0x0000, 0x0000, 0x0000, 0x0000, 0x0000, 0x0000, 0x0000, 0x0000, 0x0000, 0x0000,
  0x0000, 0x0000, 0x0000, 0x0000, 0x0000, 0x0000, 0x0000, 0x0000, 0x0000, 0x0000, 0x0000, 0x0000,
  0x0000, 0x0000, 0x0000, 0x0000, 0x0000, 0x0000, 0x0000, 0x0000, 0x0000, 0x0000, 0x0000, 0x0000,
  0x0000, 0x0000, 0x0000, 0x0000, 0x0000, 0x0000, 0x0000, 0x0000, 0x0000, 0x0000, 0x0000, 0x0000,
  0x0000, 0x0000, 0x0000, 0x0000, 0x0000, 0x0000, 0x0000, 0x0000, 0x0000, 0x0000, 0x0000, 0x0000,
  0x0000, 0x0000, 0x0000, 0x0000, 0x0000, 0x0000, 0x0000, 0x0000, 0x0000, 0x0000, 0x0000, 0x0000,
  0x0000, 0x0000, 0x0000, 0x0000, 0x0000, 0x0000, 0x0000, 0x0000, 0x0000, 0x0000, 0x0000, 0x0000,
  0x0000, 0x0000, 0x0000, 0x0000, 0x0000, 0x0000, 0x0000, 0x0000, 0x0000, 0x0000, 0x0000, 0x0000,
  0x0000, 0x0000, 0x0000, 0x0000, 0x0000, 0x0000, 0x0000, 0x0000, 0x0000, 0x0000, 0x0000, 0x0000,
  0x0000, 0x0000, 0x0000, 0x0000, 0x0000, 0x0000, 0x0000, 0x0000, 0x0000, 0x0000, 0x0000, 0x0000,
  0x0000, 0x0000, 0x0000, 0x0000, 0x0000, 0x0000, 0x0000, 0x0000, 0x0000, 0x0000, 0x0000, 0x0000,
  0x0000, 0x0000, 0x0000, 0x0000, 0x0000, 0x0000, 0x0000, 0x0000, 0x0000, 0x0000, 0x0000, 0x0000,
  0x0000, 0x0000, 0x0000, 0x0000, 0x0000, 0x0000, 0x0000, 0x0000, 0x0000, 0x0000, 0x0000, 0x0000,
  0x0000, 0x0000, 0x0000, 0x0000, 0x0000, 0x0000, 0x0000, 0x0000, 0x0000, 0x0000, 0x0000, 0x0000,
  0x0000, 0x0000, 0x0000, 0x0000, 0x0000, 0x0000, 0x0000, 0x0000, 0x0000, 0x0000, 0x0000, 0x0000,
  0x0000, 0x0000, 0x0000, 0x0000, 0x0000, 0x0000, 0x0000, 0x0000, 0x0000, 0x0000, 0x0000, 0x0000,
  0x0000, 0x0000, 0x0000, 0x0000, 0x0000, 0x0000, 0x0000, 0x0000, 0x0000, 0x0000, 0x0000, 0x0000,
  0x0000, 0x0000, 0x0000, 0x0000, 0x0000, 0x0000, 0x0000, 0x0000, 0x0000, 0x0000, 0x0000, 0x0000,
  0x0000, 0x0000, 0x0000, 0x0000, 0x0000, 0x0000, 0x0000, 0x0000, 0x0000, 0x0000, 0x0000, 0x0000,
  0x0000, 0x0000, 0x0000, 0x0000, 0x0000, 0x0000, 0x0000, 0x0000, 0x0000, 0x0000, 0x0000, 0x0000,
  0x0000, 0x0000, 0x0000, 0x0000, 0x0000, 0x0000, 0x0000, 0x0000, 0x0000, 0x0000, 0x0000, 0x0000,
  0x0000, 0x0000, 0x0000, 0x0000, 0x0000, 0x0000, 0x0000, 0x0000, 0x0000, 0x0000, 0x0000, 0x0000,
  0x0000, 0x0000, 0x0000, 0x0000, 0x0000, 0x0000, 0x0000, 0x0000, 0x0000, 0x0000, 0x0000, 0x0000,
  0x0000, 0x0000, 0x0000, 0x0000, 0x0000, 0x0000, 0x0000, 0x0000, 0x0000, 0x0000, 0x0000, 0x0000,
  0x0000, 0x0000, 0x0000, 0x0000, 0x0000, 0x0000, 0x0000, 0x0000, 0x0000, 0x0000, 0x0000, 0x0000,
  0x0000, 0x0000, 0x0000, 0x0000, 0x0000, 0x0000, 0x0000, 0x0000, 0x0000, 0x0000, 0x0000, 0x0000,
  0x0000, 0x0000, 0x0000, 0x0000, 0x0000, 0x0000, 0x0000, 0x0000, 0x0000, 0x0000, 0x0000, 0x0000,
  0x0000, 0x0000, 0x0000, 0x0000, 0x0000, 0x0000, 0x0000, 0x0000, 0x0000, 0x0000, 0x0000, 0x0000,
  0x0000, 0x0000, 0x0000, 0x0000, 0x0000, 0x0000, 0x0000, 0x0000, 0x0000, 0x0000, 0x0000, 0x0000,
  0x0000, 0x0000, 0x0000, 0x0000, 0x0000, 0x0000, 0x0000, 0x0000, 0x0000, 0x0000, 0x0000, 0x0000,
  0x0000, 0x0000, 0x0000, 0x0000, 0x0000, 0x0000, 0x0000, 0x0000, 0x0000, 0x0000, 0x0000, 0x0000,
  0x0000, 0x0000, 0x0000, 0x0000, 0x0000, 0x0000, 0x0000, 0x0000, 0x0000, 0x0000, 0x0000, 0x0000,
  0x0000, 0x0000, 0x0000, 0x0000, 0x0000, 0x0000, 0x0000, 0x0000, 0x0000, 0x0000, 0x0000, 0x0000,
  0x0000, 0x0000, 0x0000, 0x0000, 0x0000, 0x0000, 0x0000, 0x0000, 0x0000, 0x0000, 0x0000, 0x0000,
  0x0000, 0x0000, 0x0000, 0x0000, 0x0000, 0x0000, 0x0000, 0x0000, 0x0000, 0x0000, 0x0000, 0x0000,
  0x0000, 0x0000, 0x0000, 0x0000, 0x0000, 0x0000, 0x0000, 0x0000, 0x0000, 0x0000, 0x0000, 0x0000,
  0x0000, 0x0000, 0x0000, 0x0000, 0x0000, 0x0000, 0x0000, 0x0000, 0x0000, 0x0000, 0x0000, 0x0000,
  0x0000, 0x0000, 0x0000, 0x0000, 0x0000, 0x0000, 0x0000, 0x0000, 0x0000, 0x0000, 0x0000, 0x0000,
  0x0000, 0x0000, 0x0000, 0x0000, 0x0000, 0x0000, 0x0000, 0x0000, 0x0000, 0x0000, 0x0000, 0x0000,
  0x0000, 0x0000, 0x0000, 0x0000, 0x0000, 0x0000, 0x0000, 0x0000, 0x0000, 0x0000, 0x0000, 0x0000,
  0x0000, 0x0000, 0x0000, 0x0000, 0x0000, 0x0000, 0x0000, 0x0000, 0x0000, 0x0000, 0x0000, 0x0000,
  0x0000, 0x0000, 0x0000, 0x0000, 0x0000, 0x0000, 0x0000, 0x0000, 0x0000, 0x0000, 0x0000, 0x0000,
  0x0000, 0x0000, 0x0000, 0x0000, 0x0000, 0x0000, 0x0000, 0x0000, 0x0000, 0x0000, 0x0000, 0x0000,
  0x0000, 0x0000, 0x0000, 0x0000, 0x0000, 0x0000, 0x0000, 0x0000, 0x0000, 0x0000, 0x0000, 0x0000,
  0x0000, 0x0000, 0x0000, 0x0000, 0x0000, 0x0000, 0x0000, 0x0000, 0x0000, 0x0000, 0x0000, 0x0000,
  0x0000, 0x0000, 0x0000, 0x0000, 0x0000, 0x0000, 0x0000, 0x0000, 0x0000, 0x0000, 0x0000, 0x0000,
  0x0000, 0x0000, 0x0000, 0x0000, 0x0000, 0x0000, 0x0000, 0x0000, 0x0000, 0x0000, 0x0000, 0x0000,
  0x0000, 0x0000, 0x0000, 0x0000, 0x0000, 0x0000, 0x0000, 0x0000, 0x0000, 0x0000, 0x0000, 0x0000,
  0x0000, 0x0000, 0x0000, 0x0000, 0x0000, 0x0000, 0x0000, 0x0000, 0x0000, 0x0000, 0x0000, 0x0000,
  0x0000, 0x0000, 0x0000, 0x0000, 0x0000, 0x0000, 0x0000, 0x0000, 0x0000, 0x0000, 0x0000, 0x0000,
  0x0000, 0x0000, 0x0000, 0x0000, 0x0000, 0x0000, 0x0000, 0x0000, 0x0000, 0x0000, 0x0000, 0x0000,
  0x0000, 0x0000, 0x0000, 0x0000, 0x0000, 0x0000, 0x0000, 0x0000, 0x0000, 0x0000, 0x0000, 0x0000,
  0x0000, 0x0000, 0x0000, 0x0000, 0x0000, 0x0000, 0x0000, 0x0000, 0x0000, 0x0000, 0x0000, 0x0000,
  0x0000, 0x0000, 0x0000, 0x0000, 0x0000, 0x0000, 0x0000, 0x0000, 0x0000, 0x0000, 0x0000, 0x0000,
  0x0000, 0x0000, 0x0000, 0x0000, 0x0000, 0x0000, 0x0000, 0x0000, 0x0000, 0x0000, 0x0000, 0x0000,
  0x0000, 0x0000, 0x0000, 0x0000, 0x0000, 0x0000, 0x0000, 0x0000, 0x0000, 0x0000, 0x0000, 0x0000,
  0x0000, 0x0000, 0x0000, 0x0000, 0x0000, 0x0000, 0x0000, 0x0000, 0x0000, 0x0000, 0x0000, 0x0000,
  0x0000, 0x0000, 0x0000, 0x0000, 0x0000, 0x0000, 0x0000, 0x0000, 0x0000, 0x0000, 0x0000, 0x0000,
  0x0000, 0x0000, 0x0000, 0x0000, 0x0000, 0x0000, 0x0000, 0x0000, 0x0000, 0x0000, 0x0000, 0x0000,
  0x0000, 0x0000, 0x0000, 0x0000, 0x0000, 0x0000, 0x0000, 0x0000, 0x0000, 0x0000, 0x0000, 0x0000,
  0x0000, 0x0000, 0x0000, 0x0000, 0x0000, 0x0000, 0x0000, 0x0000, 0x0000, 0x0000, 0x0000, 0x0000,
  0x0000, 0x0000, 0x0000, 0x0000, 0x0000, 0x0000, 0x0000, 0x0000, 0x0000, 0x0000, 0x0000, 0x0000,
  0x0000, 0x0000, 0x0000, 0x0000, 0x0000, 0x0000, 0x0000, 0x0000, 0x0000, 0x0000, 0x0000, 0x0000,
  0x0000, 0x0000, 0x0000, 0x0000, 0x0000, 0x0000, 0x0000, 0x0000, 0x0000, 0x0000, 0x0000, 0x0000,
  0x0000, 0x0000, 0x0000, 0x0000, 0x0000, 0x0000, 0x0000, 0x0000, 0x0000, 0x0000, 0x0000, 0x0000,
  0x0000, 0x0000, 0x0000, 0x0000, 0x0000, 0x0000, 0x0000, 0x0000, 0x0000, 0x0000, 0x0000, 0x0000,
  0x0000, 0x0000, 0x0000, 0x0000, 0x0000, 0x0000, 0x0000, 0x0000, 0x0000, 0x0000, 0x0000, 0x0000,
  0x0000, 0x0000, 0x0000, 0x0000, 0x0000, 0x0000, 0x0000, 0x0000, 0x0000, 0x0000, 0x0000, 0x0000,
  0x0000, 0x0000, 0x0000, 0x0000, 0x0000, 0x0000, 0x0000, 0x0000, 0x0000, 0x0000, 0x0000, 0x0000,
  0x0000, 0x0000, 0x0000, 0x0000, 0x0000, 0x0000, 0x0000, 0x0000, 0x0000, 0x0000, 0x0000, 0x0000,
  0x0000, 0x0000, 0x0000, 0x0000, 0x0000, 0x0000, 0x0000, 0x0000, 0x0000, 0x0000, 0x0000, 0x0000,
  0x0000, 0x0000, 0x0000, 0x0000, 0x0000, 0x0000, 0x0000, 0x0000, 0x0000, 0x0000, 0x0000, 0x0000,
  0x0000, 0x0000, 0x0000, 0x0000, 0x0000, 0x0000, 0x0000, 0x0000, 0x0000, 0x0000, 0x0000, 0x0000,
  0x0000, 0x0000, 0x0000, 0x0000, 0x0000, 0x0000, 0x0000, 0x0000, 0x0000, 0x0000, 0x0000, 0x0000,
  0x0000, 0x0000, 0x0000, 0x0000, 0x0000, 0x0000, 0x0000, 0x0000, 0x0000, 0x0000, 0x0000, 0x0000,
  0x0000, 0x0000, 0x0000, 0x0000, 0x0000, 0x0000, 0x0000, 0x0000, 0x0000, 0x0000, 0x0000, 0x0000,
  0x0000, 0x0000, 0x0000, 0x0000, 0x0000, 0x0000, 0x0000, 0x0000, 0x0000, 0x0000, 0x0000, 0x0000,
  0x0000, 0x0000, 0x0000, 0x0000, 0x0000, 0x0000, 0x0000, 0x0000, 0x0000, 0x0000, 0x0000, 0x0000,
  0x0000, 0x0000, 0x0000, 0x0000, 0x0000, 0x0000, 0x0000, 0x0000, 0x0000, 0x0000, 0x0000, 0x0000,
  0x0000, 0x0000, 0x0000, 0x0000, 0x0000, 0x0000, 0x0000, 0x0000, 0x0000, 0x0000, 0x0000, 0x0000,
  0x0000, 0x0000, 0x0000, 0x0000, 0x0000, 0x0000, 0x0000, 0x0000, 0x0000, 0x0000, 0x0000, 0x0000,
  0x0000, 0x0000, 0x0000, 0x0000, 0x0000, 0x0000, 0x0000, 0x0000, 0x0000, 0x0000, 0x0000, 0x0000,
  0x0000, 0x0000, 0x0000, 0x0000, 0x0000, 0x0000, 0x0000, 0x0000, 0x0000, 0x0000, 0x0000, 0x0000,
  0x0000, 0x0000, 0x0000, 0x0000, 0x0000, 0x0000, 0x0000, 0x0000, 0x0000, 0x0000, 0x0000, 0x0000,
  0x0000, 0x0000, 0x0000, 0x0000, 0x0000, 0x0000, 0x0000, 0x0000, 0x0000, 0x0000, 0x0000, 0x0000,
  0x0000, 0x0000, 0x0000, 0x0000, 0x0000, 0x0000, 0x0000, 0x0000, 0x0000, 0x0000, 0x0000, 0x0000,
  0x0000, 0x0000, 0x0000, 0x0000, 0x0000, 0x0000, 0x0000, 0x0000, 0x0000, 0x0000, 0x0000, 0x0000,
  0x0000, 0x0000, 0x0000, 0x0000, 0x0000, 0x0000, 0x0000, 0x0000, 0x0000, 0x0000, 0x0000, 0x0000,
  0x0000, 0x0000, 0x0000, 0x0000, 0x0000, 0x0000, 0x0000, 0x0000, 0x0000, 0x0000, 0x0000, 0x0000,
  0x0000, 0x0000, 0x0000, 0x0000, 0x0000, 0x0000, 0x0000, 0x0000, 0x0000, 0x0000, 0x0000, 0x0000,
  0x0000, 0x0000, 0x0000, 0x0000, 0x0000, 0x0000, 0x0000, 0x0000, 0x0000, 0x0000, 0x0000, 0x0000,
  0x0000, 0x0000, 0x0000, 0x0000, 0x0000, 0x0000, 0x0000, 0x0000, 0x0000, 0x0000, 0x0000, 0x0000,
  0x0000, 0x0000, 0x0000, 0x0000, 0x0000, 0x0000, 0x0000, 0x0000, 0x0000, 0x0000, 0x0000, 0x0000,
  0x0000, 0x0000, 0x0000, 0x0000, 0x0000, 0x0000, 0x0000, 0x0000, 0x0000, 0x0000, 0x0000, 0x0000,
  0x0000, 0x0000, 0x0000, 0x0000, 0x0000, 0x0000, 0x0000, 0x0000, 0x0000, 0x0000, 0x0000, 0x0000,
  0x0000, 0x0000, 0x0000, 0x0000, 0x0000, 0x0000, 0x0000, 0x0000, 0x0000, 0x0000, 0x0000, 0x0000,
  0x0000, 0x0000, 0x0000, 0x0000, 0x0000, 0x0000, 0x0000, 0x0000, 0x0000, 0x0000, 0x0000, 0x0000,
  0x0000, 0x0000, 0x0000, 0x0000, 0x0000, 0x0000, 0x0000, 0x0000, 0x0000, 0x0000, 0x0000, 0x0000,
  0x0000, 0x0000, 0x0000, 0x0000, 0x0000, 0x0000, 0x0000, 0x0000, 0x0000, 0x0000, 0x0000, 0x0000,
  0x0000, 0x0000, 0x0000, 0x0000, 0x0000, 0x0000, 0x0000, 0x0000, 0x0000, 0x0000, 0x0000, 0x0000,
  0x0000, 0x0000, 0x0000, 0x0000, 0x0000, 0x0000, 0x0000, 0x0000, 0x0000, 0x0000, 0x0000, 0x0000,
  0x0000, 0x0000, 0x0000, 0x0000, 0x0000, 0x0000, 0x0000, 0x0000, 0x0000, 0x0000, 0x0000, 0x0000,
  0x0000, 0x0000, 0x0000, 0x0000, 0x0000, 0x0000, 0x0000, 0x0000, 0x0000, 0x0000, 0x0000, 0x0000,
  0x0000, 0x0000, 0x0000, 0x0000, 0x0000, 0x0000, 0x0000, 0x0000, 0x0000, 0x0000, 0x0000, 0x0000,
  0x0000, 0x0000, 0x0000, 0x0000, 0x0000, 0x0000, 0x0000, 0x0000, 0x0000, 0x0000, 0x0000, 0x0000,
  0x0000, 0x0000, 0x0000, 0x0000, 0x0000, 0x0000, 0x0000, 0x0000, 0x0000, 0x0000, 0x0000, 0x0000,
  0x0000, 0x0000, 0x0000, 0x0000, 0x0000, 0x0000, 0x0000, 0x0000, 0x0000, 0x0000, 0x0000, 0x0000,
  0x0000, 0x0000, 0x0000, 0x0000, 0x0000, 0x0000, 0x0000, 0x0000, 0x0000, 0x0000, 0x0000, 0x0000,
  0x0000, 0x0000, 0x0000, 0x0000, 0x0000, 0x0000, 0x0000, 0x0000, 0x0000, 0x0000, 0x0000, 0x0000,
  0x0000, 0x0000, 0x0000, 0x0000, 0x0000, 0x0000, 0x0000, 0x0000, 0x0000, 0x0000, 0x0000, 0x0000,
  0x0000, 0x0000, 0x0000, 0x0000, 0x0000, 0x0000, 0x0000, 0x0000, 0x0000, 0x0000, 0x0000, 0x0000,
  0x0000, 0x0000, 0x0000, 0x0000, 0x0000, 0x0000, 0x0000, 0x0000, 0x0000, 0x0000, 0x0000, 0x0000,
  0x0000, 0x0000, 0x0000, 0x0000, 0x0000, 0x0000, 0x0000, 0x0000, 0x0000, 0x0000, 0x0000, 0x0000,
  0x0000, 0x0000, 0x0000, 0x0000, 0x0000, 0x0000, 0x0000, 0x0000, 0x0000, 0x0000, 0x0000, 0x0000,
  0x0000, 0x0000, 0x0000, 0x0000, 0x0000, 0x0000, 0x0000, 0x0000, 0x0000, 0x0000, 0x0000, 0x0000,
  0x0000, 0x0000, 0x0000, 0x0000, 0x0000, 0x0000, 0x0000, 0x0000, 0x0000, 0x0000, 0x0000, 0x0000,
  0x0000, 0x0000, 0x0000, 0x0000, 0x0000, 0x0000, 0x0000, 0x0000, 0x0000, 0x0000, 0x0000, 0x0000,
  0x0000, 0x0000, 0x0000, 0x0000, 0x0000, 0x0000, 0x0000, 0x0000, 0x0000, 0x0000, 0x0000, 0x0000,
  0x0000, 0x0000, 0x0000, 0x0000, 0x0000, 0x0000, 0x0000, 0x0000, 0x0000, 0x0000, 0x0000, 0x0000,
  0x0000, 0x0000, 0x0000, 0x0000, 0x0000, 0x0000, 0x0000, 0x0000, 0x0000, 0x0000, 0x0000, 0x0000,
  0x0000, 0x0000, 0x0000, 0x0000, 0x0000, 0x0000, 0x0000, 0x0000, 0x0000, 0x0000, 0x0000, 0x0000,
  0x0000, 0x0000, 0x0000, 0x0000, 0x0000, 0x0000, 0x0000, 0x0000, 0x0000, 0x0000, 0x0000, 0x0000,
  0x0000, 0x0000, 0x0000, 0x0000, 0x0000, 0x0000, 0x0000, 0x0000, 0x0000, 0x0000, 0x0000, 0x0000,
  0x0000, 0x0000, 0x0000, 0x0000, 0x0000, 0x0000, 0x0000, 0x0000, 0x0000, 0x0000, 0x0000, 0x0000,
  0x0000, 0x0000, 0x0000, 0x0000, 0x0000, 0x0000, 0x0000, 0x0000, 0x0000, 0x0000, 0x0000, 0x0000,
  0x0000, 0x0000, 0x0000, 0x0000, 0x0000, 0x0000, 0x0000, 0x0000, 0x0000, 0x0000, 0x0000, 0x0000,
  0x0000, 0x0000, 0x0000, 0x0000, 0x0000, 0x0000, 0x0000, 0x0000, 0x0000, 0x0000, 0x0000, 0x0000,
  0x0000, 0x0000, 0x0000, 0x0000, 0x0000, 0x0000, 0x0000, 0x0000, 0x0000, 0x0000, 0x0000, 0x0000,
  0x0000, 0x0000, 0x0000, 0x0000, 0x0000, 0x0000, 0x0000, 0x0000, 0x0000, 0x0000, 0x0000, 0x0000,
  0x0000, 0x0000, 0x0000, 0x0000, 0x0000, 0x0000, 0x0000, 0x0000, 0x0000, 0x0000, 0x0000, 0x0000,
  0x0000, 0x0000, 0x0000, 0x0000, 0x0000, 0x0000, 0x0000, 0x0000, 0x0000, 0x0000, 0x0000, 0x0000,
  0x0000, 0x0000, 0x0000, 0x0000, 0x0000, 0x0000, 0x0000, 0x0000, 0x0000, 0x0000, 0x0000, 0x0000,
  0x0000, 0x0000, 0x0000, 0x0000, 0x0000, 0x0000, 0x0000, 0x0000, 0x0000, 0x0000, 0x0000, 0x0000,
  0x0000, 0x0000, 0x0000, 0x0000, 0x0000, 0x0000, 0x0000, 0x0000, 0x0000, 0x0000, 0x0000, 0x0000,
  0x0000, 0x0000, 0x0000, 0x0000, 0x0000, 0x0000, 0x0000, 0x0000, 0x0000, 0x0000, 0x0000, 0x0000,
  0x0000, 0x0000, 0x0000, 0x0000, 0x0000, 0x0000, 0x0000, 0x0000, 0x0000, 0x0000, 0x0000, 0x0000,
  0x0000, 0x0000, 0x0000, 0x0000, 0x0000, 0x0000, 0x0000, 0x0000, 0x0000, 0x0000, 0x0000, 0x0000,
  0x0000, 0x0000, 0x0000, 0x0000, 0x0000, 0x0000, 0x0000, 0x0000, 0x0000, 0x0000, 0x0000, 0x0000,
  0x0000, 0x0000, 0x0000, 0x0000, 0x0000, 0x0000, 0x0000, 0x0000, 0x0000, 0x0000, 0x0000, 0x0000,
  0x0000, 0x0000, 0x0000, 0x0000, 0x0000, 0x0000, 0x0000, 0x0000, 0x0000, 0x0000, 0x0000, 0x0000,
  0x0000, 0x0000, 0x0000, 0x0000, 0x0000, 0x0000, 0x0000, 0x0000, 0x0000, 0x0000, 0x0000, 0x0000,
  0x0000, 0x0000, 0x0000, 0x0000, 0x0000, 0x0000, 0x0000, 0x0000, 0x0000, 0x0000, 0x0000, 0x0000,
  0x0000, 0x0000, 0x0000, 0x0000, 0x0000, 0x0000, 0x0000, 0x0000, 0x0000, 0x0000, 0x0000, 0x0000,
  0x0000, 0x0000, 0x0000, 0x0000, 0x0000, 0x0000, 0x0000, 0x0000, 0x0000, 0x0000, 0x0000, 0x0000,
  0x0000, 0x0000, 0x0000, 0x0000, 0x0000, 0x0000, 0x0000, 0x0000, 0x0000, 0x0000, 0x0000, 0x0000,
  0x0000, 0x0000, 0x0000, 0x0000, 0x0000, 0x0000, 0x0000, 0x0000, 0x0000, 0x0000, 0x0000, 0x0000,
  0x0000, 0x0000, 0x0000, 0x0000, 0x0000, 0x0000, 0x0000, 0x0000, 0x0000, 0x0000, 0x0000, 0x0000,
  0x0000, 0x0000, 0x0000, 0x0000, 0x0000, 0x0000, 0x0000, 0x0000, 0x0000, 0x0000, 0x0000, 0x0000,
  0x0000, 0x0000, 0x0000, 0x0000, 0x0000, 0x0000, 0x0000, 0x0000, 0x0000, 0x0000, 0x0000, 0x0000,
  0x0000, 0x0000, 0x0000, 0x0000, 0x0000, 0x0000, 0x0000, 0x0000, 0x0000, 0x0000, 0x0000, 0x0000,
  0x0000, 0x0000, 0x0000, 0x0000, 0x0000, 0x0000, 0x0000, 0x0000, 0x0000, 0x0000, 0x0000, 0x0000,
  0x0000, 0x0000, 0x0000, 0x0000, 0x0000, 0x0000, 0x0000, 0x0000, 0x0000, 0x0000, 0x0000, 0x0000,
  0x0000, 0x0000, 0x0000, 0x0000, 0x0000, 0x0000, 0x0000, 0x0000, 0x0000, 0x0000, 0x0000, 0x0000,
  0x0000, 0x0000, 0x0000, 0x0000, 0x0000, 0x0000, 0x0000, 0x0000, 0x0000, 0x0000, 0x0000, 0x0000,
  0x0000, 0x0000, 0x0000, 0x0000, 0x0000, 0x0000, 0x0000, 0x0000, 0x0000, 0x0000, 0x0000, 0x0000,
  0x0000, 0x0000, 0x0000, 0x0000, 0x0000, 0x0000, 0x0000, 0x0000, 0x0000, 0x0000, 0x0000, 0x0000,
  0x0000, 0x0000, 0x0000, 0x0000, 0x0000, 0x0000, 0x0000, 0x0000, 0x0000, 0x0000, 0x0000, 0x0000,
  0x0000, 0x0000, 0x0000, 0x0000, 0x0000, 0x0000, 0x0000, 0x0000, 0x0000, 0x0000, 0x0000, 0x0000,
  0x0000, 0x0000, 0x0000, 0x0000, 0x0000, 0x0000, 0x0000, 0x0000, 0x0000, 0x0000, 0x0000, 0x0000,
  0x0000, 0x0000, 0x0000, 0x0000, 0x0000, 0x0000, 0x0000, 0x0000, 0x0000, 0x0000, 0x0000, 0x0000,
  0x0000, 0x0000, 0x0000, 0x0000, 0x0000, 0x0000, 0x0000, 0x0000, 0x0000, 0x0000, 0x0000, 0x0000,
  0x0000, 0x0000, 0x0000, 0x0000, 0x0000, 0x0000, 0x0000, 0x0000, 0x0000, 0x0000, 0x0000, 0x0000,
  0x0000, 0x0000, 0x0000, 0x0000, 0x0000, 0x0000, 0x0000, 0x0000, 0x0000, 0x0000, 0x0000, 0x0000,
  0x0000, 0x0000, 0x0000, 0x0000, 0x0000, 0x0000, 0x0000, 0x0000, 0x0000, 0x0000, 0x0000, 0x0000,
  0x0000, 0x0000, 0x0000, 0x0000, 0x0000, 0x0000, 0x0000, 0x0000, 0x0000, 0x0000, 0x0000, 0x0000,
  0x0000, 0x0000, 0x0000, 0x0000, 0x0000, 0x0000, 0x0000, 0x0000, 0x0000, 0x0000, 0x0000, 0x0000,
  0x0000, 0x0000, 0x0000, 0x0000, 0x0000, 0x0000, 0x0000, 0x0000, 0x0000, 0x0000, 0x0000, 0x0000,
  0x0000, 0x0000, 0x0000, 0x0000, 0x0000, 0x0000, 0x0000, 0x0000, 0x0000, 0x0000, 0x0000, 0x0000,
  0x0000, 0x0000, 0x0000, 0x0000, 0x0000, 0x0000, 0x0000, 0x0000, 0x0000, 0x0000, 0x0000, 0x0000,
  0x0000, 0x0000, 0x0000, 0x0000, 0x0000, 0x0000, 0x0000, 0x0000, 0x0000, 0x0000, 0x0000, 0x0000,
  0x0000, 0x0000, 0x0000, 0x0000, 0x0000, 0x0000, 0x0000, 0x0000, 0x0000, 0x0000, 0x0000, 0x0000,
  0x0000, 0x0000, 0x0000, 0x0000, 0x0000, 0x0000, 0x0000, 0x0000, 0x0000, 0x0000, 0x0000, 0x0000,
  0x0000, 0x0000, 0x0000, 0x0000, 0x0000, 0x0000, 0x0000, 0x0000, 0x0000, 0x0000, 0x0000, 0x0000,
  0x0000, 0x0000, 0x0000, 0x0000, 0x0000, 0x0000, 0x0000, 0x0000, 0x0000, 0x0000, 0x0000, 0x0000,
  0x0000, 0x0000, 0x0000, 0x0000, 0x0000, 0x0000, 0x0000, 0x0000, 0x0000, 0x0000, 0x0000, 0x0000,
  0x0000, 0x0000, 0x0000, 0x0000, 0x0000, 0x0000, 0x0000, 0x0000, 0x0000, 0x0000, 0x0000, 0x0000,
  0x0000, 0x0000, 0x0000, 0x0000, 0x0000, 0x0000, 0x0000, 0x0000, 0x0000, 0x0000, 0x0000, 0x0000,
  0x0000, 0x0000, 0x0000, 0x0000, 0x0000, 0x0000, 0x0000, 0x0000, 0x0000, 0x0000, 0x0000, 0x0000,
  0x0000, 0x0000, 0x0000, 0x0000, 0x0000, 0x0000, 0x0000, 0x0000, 0x0000, 0x0000, 0x0000, 0x0000,
  0x0000, 0x0000, 0x0000, 0x0000, 0x0000, 0x0000, 0x0000, 0x0000, 0x0000, 0x0000, 0x0000, 0x0000,
  0x0000, 0x0000, 0x0000, 0x0000, 0x0000, 0x0000, 0x0000, 0x0000, 0x0000, 0x0000, 0x0000, 0x0000,
  0x0000, 0x0000, 0x0000, 0x0000, 0x0000, 0x0000, 0x0000, 0x0000, 0x0000, 0x0000, 0x0000, 0x0000,
  0x0000, 0x0000, 0x0000, 0x0000, 0x0000, 0x0000, 0x0000, 0x0000, 0x0000, 0x0000, 0x0000, 0x0000,
  0x0000, 0x0000, 0x0000, 0x0000, 0x0000, 0x0000, 0x0000, 0x0000, 0x0000, 0x0000, 0x0000, 0x0000,
  0x0000, 0x0000, 0x0000, 0x0000, 0x0000, 0x0000, 0x0000, 0x0000, 0x0000, 0x0000, 0x0000, 0x0000,
  0x0000, 0x0000, 0x0000, 0x0000, 0x0000, 0x0000, 0x0000, 0x0000, 0x0000, 0x0000, 0x0000, 0x0000,
  0x0000, 0x0000, 0x0000, 0x0000, 0x0000, 0x0000, 0x0000, 0x0000, 0x0000, 0x0000, 0x0000, 0x0000,
  0x0000, 0x0000, 0x0000, 0x0000, 0x0000, 0x0000, 0x0000, 0x0000, 0x0000, 0x0000, 0x0000, 0x0000,
  0x0000, 0x0000, 0x0000, 0x0000, 0x0000, 0x0000, 0x0000, 0x0000, 0x0000, 0x0000, 0x0000, 0x0000,
  0x0000, 0x0000, 0x0000, 0x0000, 0x0000, 0x0000, 0x0000, 0x0000, 0x0000, 0x0000, 0x0000, 0x0000,
  0x0000, 0x0000, 0x0000, 0x0000, 0x0000, 0x0000, 0x0000, 0x0000, 0x0000, 0x0000, 0x0000, 0x0000,
  0x0000, 0x0000, 0x0000, 0x0000, 0x0000, 0x0000, 0x0000, 0x0000, 0x0000, 0x0000, 0x0000, 0x0000,
  0x0000, 0x0000, 0x0000, 0x0000, 0x0000, 0x0000, 0x0000, 0x0000, 0x0000, 0x0000, 0x0000, 0x0000,
  0x0000, 0x0000, 0x0000, 0x0000, 0x0000, 0x0000, 0x0000, 0x0000, 0x0000, 0x0000, 0x0000, 0x0000,
  0x0000, 0x0000, 0x0000, 0x0000, 0x0000, 0x0000, 0x0000, 0x0000, 0x0000, 0x0000, 0x0000, 0x0000,
  0x0000, 0x0000, 0x0000, 0x0000, 0x0000, 0x0000, 0x0000, 0x0000, 0x0000, 0x0000, 0x0000, 0x0000,
  0x0000, 0x0000, 0x0000, 0x0000, 0x0000, 0x0000, 0x0000, 0x0000, 0x0000, 0x0000, 0x0000, 0x0000,
  0x0000, 0x0000, 0x0000, 0x0000, 0x0000, 0x0000, 0x0000, 0x0000, 0x0000, 0x0000, 0x0000, 0x0000,
  0x0000, 0x0000, 0x0000, 0x0000, 0x0000, 0x0000, 0x0000, 0x0000, 0x0000, 0x0000, 0x0000, 0x0000,
  0x0000, 0x0000, 0x0000, 0x0000, 0x0000, 0x0000, 0x0000, 0x0000, 0x0000, 0x0000, 0x0000, 0x0000,
  0x0000, 0x0000, 0x0000, 0x0000, 0x0000, 0x0000, 0x0000, 0x0000, 0x0000, 0x0000, 0x0000, 0x0000,
  0x0000, 0x0000, 0x0000, 0x0000, 0x0000, 0x0000, 0x0000, 0x0000, 0x0000, 0x0000, 0x0000, 0x0000,
  0x0000, 0x0000, 0x0000, 0x0000, 0x0000, 0x0000, 0x0000, 0x0000, 0x0000, 0x0000, 0x0000, 0x0000,
  0x0000, 0x0000, 0x0000, 0x0000, 0x0000, 0x0000, 0x0000, 0x0000, 0x0000, 0x0000, 0x0000, 0x0000,
  0x0000, 0x0000, 0x0000, 0x0000, 0x0000, 0x0000, 0x0000, 0x0000, 0x0000, 0x0000, 0x0000, 0x0000,
  0x0000, 0x0000, 0x0000, 0x0000, 0x0000, 0x0000, 0x0000, 0x0000, 0x0000, 0x0000, 0x0000, 0x0000,
  0x0000, 0x0000, 0x0000, 0x0000, 0x0000, 0x0000, 0x0000, 0x0000, 0x0000, 0x0000, 0x0000, 0x0000,
  0x0000, 0x0000, 0x0000, 0x0000, 0x0000, 0x0000, 0x0000, 0x0000, 0x0000, 0x0000, 0x0000, 0x0000,
  0x0000, 0x0000, 0x0000, 0x0000, 0x0000, 0x0000, 0x0000, 0x0000, 0x0000, 0x0000, 0x0000, 0x0000,
  0x0000, 0x0000, 0x0000, 0x0000, 0x0000, 0x0000, 0x0000, 0x0000, 0x0000, 0x0000, 0x0000, 0x0000,
  0x0000, 0x0000, 0x0000, 0x0000, 0x0000, 0x0000, 0x0000, 0x0000, 0x0000, 0x0000, 0x0000, 0x0000,
  0x0000, 0x0000, 0x0000, 0x0000, 0x0000, 0x0000, 0x0000, 0x0000, 0x0000, 0x0000, 0x0000, 0x0000,
  0x0000, 0x0000, 0x0000, 0x0000, 0x0000, 0x0000, 0x0000, 0x0000, 0x0000, 0x0000, 0x0000, 0x0000,
  0x0000, 0x0000, 0x0000, 0x0000, 0x0000, 0x0000, 0x0000, 0x0000, 0x0000, 0x0000, 0x0000, 0x0000,
  0x0000, 0x0000, 0x0000, 0x0000, 0x0000, 0x0000, 0x0000, 0x0000, 0x0000, 0x0000, 0x0000, 0x0000,
  0x0000, 0x0000, 0x0000, 0x0000, 0x0000, 0x0000, 0x0000, 0x0000, 0x0000, 0x0000, 0x0000, 0x0000,
  0x0000, 0x0000, 0x0000, 0x0000, 0x0000, 0x0000, 0x0000, 0x0000, 0x0000, 0x0000, 0x0000, 0x0000,
  0x0000, 0x0000, 0x0000, 0x0000, 0x0000, 0x0000, 0x0000, 0x0000, 0x0000, 0x0000, 0x0000, 0x0000,
  0x0000, 0x0000, 0x0000, 0x0000, 0x0000, 0x0000, 0x0000, 0x0000, 0x0000, 0x0000, 0x0000, 0x0000,
  0x0000, 0x0000, 0x0000, 0x0000, 0x0000, 0x0000, 0x0000, 0x0000, 0x0000, 0x0000, 0x0000, 0x0000,
  0x0000, 0x0000, 0x0000, 0x0000, 0x0000, 0x0000, 0x0000, 0x0000, 0x0000, 0x0000, 0x0000, 0x0000,
  0x0000, 0x0000, 0x0000, 0x0000, 0x0000, 0x0000, 0x0000, 0x0000, 0x0000, 0x0000, 0x0000, 0x0000,
  0x0000, 0x0000, 0x0000, 0x0000, 0x0000, 0x0000, 0x0000, 0x0000, 0x0000, 0x0000, 0x0000, 0x0000,
  0x0000, 0x0000, 0x0000, 0x0000, 0x0000, 0x0000, 0x0000, 0x0000, 0x0000, 0x0000, 0x0000, 0x0000,
  0x0000, 0x0000, 0x0000, 0x0000, 0x0000, 0x0000, 0x0000, 0x0000, 0x0000, 0x0000, 0x0000, 0x0000,
  0x0000, 0x0000, 0x0000, 0x0000, 0x0000, 0x0000, 0x0000, 0x0000, 0x0000, 0x0000, 0x0000, 0x0000,
  0x0000, 0x0000, 0x0000, 0x0000, 0x0000, 0x0000, 0x0000, 0x0000, 0x0000, 0x0000, 0x0000, 0x0000,
  0x0000, 0x0000, 0x0000, 0x0000, 0x0000, 0x0000, 0x0000, 0x0000, 0x0000, 0x0000, 0x0000, 0x0000,
  0x0000, 0x0000, 0x0000, 0x0000, 0x0000, 0x0000, 0x0000, 0x0000, 0x0000, 0x0000, 0x0000, 0x0000,
  0x0000, 0x0000, 0x0000, 0x0000, 0x0000, 0x0000, 0x0000, 0x0000, 0x0000, 0x0000, 0x0000, 0x0000,
  0x0000, 0x0000, 0x0000, 0x0000, 0x0000, 0x0000, 0x0000, 0x0000, 0x0000, 0x0000, 0x0000, 0x0000,
  0x0000, 0x0000, 0x0000, 0x0000, 0x0000, 0x0000, 0x0000, 0x0000, 0x0000, 0x0000, 0x0000, 0x0000,
  0x0000, 0x0000, 0x0000, 0x0000, 0x0000, 0x0000, 0x0000, 0x0000, 0x0000, 0x0000, 0x0000, 0x0000,
  0x0000, 0x0000, 0x0000, 0x0000, 0x0000, 0x0000, 0x0000, 0x0000, 0x0000, 0x0000, 0x0000, 0x0000,
  0x0000, 0x0000, 0x0000, 0x0000, 0x0000, 0x0000, 0x0000, 0x0000, 0x0000, 0x0000, 0x0000, 0x0000,
  0x0000, 0x0000, 0x0000, 0x0000, 0x0000, 0x0000, 0x0000, 0x0000, 0x0000, 0x0000, 0x0000, 0x0000,
  0x0000, 0x0000, 0x0000, 0x0000, 0x0000, 0x0000, 0x0000, 0x0000, 0x0000, 0x0000, 0x0000, 0x0000,
  0x0000, 0x0000, 0x0000, 0x0000, 0x0000, 0x0000, 0x0000, 0x0000, 0x0000, 0x0000, 0x0000, 0x0000,
  0x0000, 0x0000, 0x0000, 0x0000, 0x0000, 0x0000, 0x0000, 0x0000, 0x0000, 0x0000, 0x0000, 0x0000,
  0x0000, 0x0000, 0x0000, 0x0000, 0x0000, 0x0000, 0x0000, 0x0000, 0x0000, 0x0000, 0x0000, 0x0000,
  0x0000, 0x0000, 0x0000, 0x0000, 0x0000, 0x0000, 0x0000, 0x0000, 0x0000, 0x0000, 0x0000, 0x0000,
  0x0000, 0x0000, 0x0000, 0x0000, 0x0000, 0x0000, 0x0000, 0x0000, 0x0000, 0x0000, 0x0000, 0x0000,
  0x0000, 0x0000, 0x0000, 0x0000, 0x0000, 0x0000, 0x0000, 0x0000, 0x0000, 0x0000, 0x0000, 0x0000,
  0x0000, 0x0000, 0x0000, 0x0000, 0x0000, 0x0000, 0x0000, 0x0000, 0x0000, 0x0000, 0x0000, 0x0000,
  0x0000, 0x0000, 0x0000, 0x0000, 0x0000, 0x0000, 0x0000, 0x0000, 0x0000, 0x0000, 0x0000, 0x0000,
  0x0000, 0x0000, 0x0000, 0x0000, 0x0000, 0x0000, 0x0000, 0x0000, 0x0000, 0x0000, 0x0000, 0x0000,
  0x0000, 0x0000, 0x0000, 0x0000, 0x0000, 0x0000, 0x0000, 0x0000, 0x0000, 0x0000, 0x0000, 0x0000,
  0x0000, 0x0000, 0x0000, 0x0000, 0x0000, 0x0000, 0x0000, 0x0000, 0x0000, 0x0000, 0x0000, 0x0000,
  0x0000, 0x0000, 0x0000, 0x0000, 0x0000, 0x0000, 0x0000, 0x0000, 0x0000, 0x0000, 0x0000, 0x0000,
  0x0000, 0x0000, 0x0000, 0x0000, 0x0000, 0x0000, 0x0000, 0x0000, 0x0000, 0x0000, 0x0000, 0x0000,
  0x0000, 0x0000, 0x0000, 0x0000, 0x0000, 0x0000, 0x0000, 0x0000, 0x0000, 0x0000, 0x0000, 0x0000,
  0x0000, 0x0000, 0x0000, 0x0000, 0x0000, 0x0000, 0x0000, 0x0000, 0x0000, 0x0000, 0x0000, 0x0000,
  0x0000, 0x0000, 0x0000, 0x0000, 0x0000, 0x0000, 0x0000, 0x0000, 0x0000, 0x0000, 0x0000, 0x0000,
  0x0000, 0x0000, 0x0000, 0x0000, 0x0000, 0x0000, 0x0000, 0x0000, 0x0000, 0x0000, 0x0000, 0x0000,
  0x0000, 0x0000, 0x0000, 0x0000, 0x0000, 0x0000, 0x0000, 0x0000, 0x0000, 0x0000, 0x0000, 0x0000,
  0x0000, 0x0000, 0x0000, 0x0000, 0x0000, 0x0000, 0x0000, 0x0000, 0x0000, 0x0000, 0x0000, 0x0000,
  0x0000, 0x0000, 0x0000, 0x0000, 0x0000, 0x0000, 0x0000, 0x0000, 0x0000, 0x0000, 0x0000, 0x0000,
  0x0000, 0x0000, 0x0000, 0x0000, 0x0000, 0x0000, 0x0000, 0x0000, 0x0000, 0x0000, 0x0000, 0x0000,
  0x0000, 0x0000, 0x0000, 0x0000, 0x0000, 0x0000, 0x0000, 0x0000, 0x0000, 0x0000, 0x0000, 0x0000,
  0x0000, 0x0000, 0x0000, 0x0000, 0x0000, 0x0000, 0x0000, 0x0000, 0x0000, 0x0000, 0x0000, 0x0000,
  0x0000, 0x0000, 0x0000, 0x0000, 0x0000, 0x0000, 0x0000, 0x0000, 0x0000, 0x0000, 0x0000, 0x0000,
  0x0000, 0x0000, 0x0000, 0x0000, 0x0000, 0x0000, 0x0000, 0x0000, 0x0000, 0x0000, 0x0000, 0x0000,
  0x0000, 0x0000, 0x0000, 0x0000, 0x0000, 0x0000, 0x0000, 0x0000, 0x0000, 0x0000, 0x0000, 0x0000,
  0x0000, 0x0000, 0x0000, 0x0000, 0x0000, 0x0000, 0x0000, 0x0000, 0x0000, 0x0000, 0x0000, 0x0000,
  0x0000, 0x0000, 0x0000, 0x0000, 0x0000, 0x0000, 0x0000, 0x0000, 0x0000, 0x0000, 0x0000, 0x0000,
  0x0000, 0x0000, 0x0000, 0x0000, 0x0000, 0x0000, 0x0000, 0x0000, 0x0000, 0x0000, 0x0000, 0x0000,
  0x0000, 0x0000, 0x0000, 0x0000, 0x0000, 0x0000, 0x0000, 0x0000, 0x0000, 0x0000, 0x0000, 0x0000,
  0x0000, 0x0000, 0x0000, 0x0000, 0x0000, 0x0000, 0x0000, 0x0000, 0x0000, 0x0000, 0x0000, 0x0000,
  0x0000, 0x0000, 0x0000, 0x0000, 0x0000, 0x0000, 0x0000, 0x0000, 0x0000, 0x0000, 0x0000, 0x0000,
  0x0000, 0x0000, 0x0000, 0x0000, 0x0000, 0x0000, 0x0000, 0x0000, 0x0000, 0x0000, 0x0000, 0x0000,
  0x0000, 0x0000, 0x0000, 0x0000, 0x0000, 0x0000, 0x0000, 0x0000, 0x0000, 0x0000, 0x0000, 0x0000,
  0x0000, 0x0000, 0x0000, 0x0000, 0x0000, 0x0000, 0x0000, 0x0000, 0x0000, 0x0000, 0x0000, 0x0000,
  0x0000, 0x0000, 0x0000, 0x0000, 0x0000, 0x0000, 0x0000, 0x0000, 0x0000, 0x0000, 0x0000, 0x0000,
  0x0000, 0x0000, 0x0000, 0x0000, 0x0000, 0x0000, 0x0000, 0x0000, 0x0000, 0x0000, 0x0000, 0x0000,
  0x0000, 0x0000, 0x0000, 0x0000, 0x0000, 0x0000, 0x0000, 0x0000, 0x0000, 0x0000, 0x0000, 0x0000,
  0x0000, 0x0000, 0x0000, 0x0000, 0x0000, 0x0000, 0x0000, 0x0000, 0x0000, 0x0000, 0x0000, 0x0000,
  0x0000, 0x0000, 0x0000, 0x0000, 0x0000, 0x0000, 0x0000, 0x0000, 0x0000, 0x0000, 0x0000, 0x0000,
  0x0000, 0x0000, 0x0000, 0x0000, 0x0000, 0x0000, 0x0000, 0x0000, 0x0000, 0x0000, 0x0000, 0x0000,
  0x0000, 0x0000, 0x0000, 0x0000, 0x0000, 0x0000, 0x0000, 0x0000, 0x0000, 0x0000, 0x0000, 0x0000,
  0x0000, 0x0000, 0x0000, 0x0000, 0x0000, 0x0000, 0x0000, 0x0000, 0x0000, 0x0000, 0x0000, 0x0000,
  0x0000, 0x0000, 0x0000, 0x0000, 0x0000, 0x0000, 0x0000, 0x0000, 0x0000, 0x0000, 0x0000, 0x0000,
  0x0000, 0x0000, 0x0000, 0x0000, 0x0000, 0x0000, 0x0000, 0x0000, 0x0000, 0x0000, 0x0000, 0x0000,
  0x0000, 0x0000, 0x0000, 0x0000, 0x0000, 0x0000, 0x0000, 0x0000, 0x0000, 0x0000, 0x0000, 0x0000,
  0x0000, 0x0000, 0x0000, 0x0000, 0x0000, 0x0000, 0x0000, 0x0000, 0x0000, 0x0000, 0x0000, 0x0000,
  0x0000, 0x0000, 0x0000, 0x0000, 0x0000, 0x0000, 0x0000, 0x0000, 0x0000, 0x0000, 0x0000, 0x0000,
  0x0000, 0x0000, 0x0000, 0x0000, 0x0000, 0x0000, 0x0000, 0x0000, 0x0000, 0x0000, 0x0000, 0x0000,
  0x0000, 0x0000, 0x0000, 0x0000, 0x0000, 0x0000, 0x0000, 0x0000, 0x0000, 0x0000, 0x0000, 0x0000,
  0x0000, 0x0000, 0x0000, 0x0000, 0x0000, 0x0000, 0x0000, 0x0000, 0x0000, 0x0000, 0x0000, 0x0000,
  0x0000, 0x0000, 0x0000, 0x0000, 0x0000, 0x0000, 0x0000, 0x0000, 0x0000, 0x0000, 0x0000, 0x0000,
  0x0000, 0x0000, 0x0000, 0x0000, 0x0000, 0x0000, 0x0000, 0x0000, 0x0000, 0x0000, 0x0000, 0x0000,
  0x0000, 0x0000, 0x0000, 0x0000, 0x0000, 0x0000, 0x0000, 0x0000, 0x0000, 0x0000, 0x0000, 0x0000,
  0x0000, 0x0000, 0x0000, 0x0000, 0x0000, 0x0000, 0x0000, 0x0000, 0x0000, 0x0000, 0x0000, 0x0000,
  0x0000, 0x0000, 0x0000, 0x0000, 0x0000, 0x0000, 0x0000, 0x0000, 0x0000, 0x0000, 0x0000, 0x0000,
  0x0000, 0x0000, 0x0000, 0x0000, 0x0000, 0x0000, 0x0000, 0x0000, 0x0000, 0x0000, 0x0000, 0x0000,
  0x0000, 0x0000, 0x0000, 0x0000, 0x0000, 0x0000, 0x0000, 0x0000, 0x0000, 0x0000, 0x0000, 0x0000,
  0x0000, 0x0000, 0x0000, 0x0000, 0x0000, 0x0000, 0x0000, 0x0000, 0x0000, 0x0000, 0x0000, 0x0000,
  0x0000, 0x0000, 0x0000, 0x0000, 0x0000, 0x0000, 0x0000, 0x0000, 0x0000, 0x0000, 0x0000, 0x0000,
  0x0000, 0x0000, 0x0000, 0x0000, 0x0000, 0x0000, 0x0000, 0x0000, 0x0000, 0x0000, 0x0000, 0x0000,
  0x0000, 0x0000, 0x0000, 0x0000, 0x0000, 0x0000, 0x0000, 0x0000, 0x0000, 0x0000, 0x0000, 0x0000,
  0x0000, 0x0000, 0x0000, 0x0000, 0x0000, 0x0000, 0x0000, 0x0000, 0x0000, 0x0000, 0x0000, 0x0000,
  0x0000, 0x0000, 0x0000, 0x0000, 0x0000, 0x0000, 0x0000, 0x0000, 0x0000, 0x0000, 0x0000, 0x0000,
  0x0000, 0x0000, 0x0000, 0x0000, 0x0000, 0x0000, 0x0000, 0x0000, 0x0000, 0x0000, 0x0000, 0x0000,
  0x0000, 0x0000, 0x0000, 0x0000, 0x0000, 0x0000, 0x0000, 0x0000, 0x0000, 0x0000, 0x0000, 0x0000,
  0x0000, 0x0000, 0x0000, 0x0000, 0x0000, 0x0000, 0x0000, 0x0000, 0x0000, 0x0000, 0x0000, 0x0000,
  0x0000, 0x0000, 0x0000, 0x0000, 0x0000, 0x0000, 0x0000, 0x0000, 0x0000, 0x0000, 0x0000, 0x0000,
  0x0000, 0x0000, 0x0000, 0x0000, 0x0000, 0x0000, 0x0000, 0x0000, 0x0000, 0x0000, 0x0000, 0x0000,
  0x0000, 0x0000, 0x0000, 0x0000, 0x0000, 0x0000, 0x0000, 0x0000, 0x0000, 0x0000, 0x0000, 0x0000,
  0x0000, 0x0000, 0x0000, 0x0000, 0x0000, 0x0000, 0x0000, 0x0000, 0x0000, 0x0000, 0x0000, 0x0000,
  0x0000, 0x0000, 0x0000, 0x0000, 0x0000, 0x0000, 0x0000, 0x0000, 0x0000, 0x0000, 0x0000, 0x0000,
  0x0000, 0x0000, 0x0000, 0x0000, 0x0000, 0x0000, 0x0000, 0x0000, 0x0000, 0x0000, 0x0000, 0x0000,
  0x0000, 0x0000, 0x0000, 0x0000, 0x0000, 0x0000, 0x0000, 0x0000, 0x0000, 0x0000, 0x0000, 0x0000,
  0x0000, 0x0000, 0x0000, 0x0000, 0x0000, 0x0000, 0x0000, 0x0000, 0x0000, 0x0000, 0x0000, 0x0000,
  0x0000, 0x0000, 0x0000, 0x0000, 0x0000, 0x0000, 0x0000, 0x0000, 0x0000, 0x0000, 0x0000, 0x0000,
  0x0000, 0x0000, 0x0000, 0x0000, 0x0000, 0x0000, 0x0000, 0x0000, 0x0000, 0x0000, 0x0000, 0x0000,
  0x0000, 0x0000, 0x0000, 0x0000, 0x0000, 0x0000, 0x0000, 0x0000, 0x0000, 0x0000, 0x0000, 0x0000,
  0x0000, 0x0000, 0x0000, 0x0000, 0x0000, 0x0000, 0x0000, 0x0000, 0x0000, 0x0000, 0x0000, 0x0000,
  0x0000, 0x0000, 0x0000, 0x0000, 0x0000, 0x0000, 0x0000, 0x0000, 0x0000, 0x0000, 0x0000, 0x0000,
  0x0000, 0x0000, 0x0000, 0x0000, 0x0000, 0x0000, 0x0000, 0x0000, 0x0000, 0x0000, 0x0000, 0x0000,
  0x0000, 0x0000, 0x0000, 0x0000, 0x0000, 0x0000, 0x0000, 0x0000, 0x0000, 0x0000, 0x0000, 0x0000,
  0x0000, 0x0000, 0x0000, 0x0000, 0x0000, 0x0000, 0x0000, 0x0000, 0x0000, 0x0000, 0x0000, 0x0000,
  0x0000, 0x0000, 0x0000, 0x0000, 0x0000, 0x0000, 0x0000, 0x0000, 0x0000, 0x0000, 0x0000, 0x0000,
  0x0000, 0x0000, 0x0000, 0x0000, 0x0000, 0x0000, 0x0000, 0x0000, 0x0000, 0x0000, 0x0000, 0x0000,
  0x0000, 0x0000, 0x0000, 0x0000, 0x0000, 0x0000, 0x0000, 0x0000, 0x0000, 0x0000, 0x0000, 0x0000,
  0x0000, 0x0000, 0x0000, 0x0000, 0x0000, 0x0000, 0x0000, 0x0000, 0x0000, 0x0000, 0x0000, 0x0000,
  0x0000, 0x0000, 0x0000, 0x0000, 0x0000, 0x0000, 0x0000, 0x0000, 0x0000, 0x0000, 0x0000, 0x0000,
  0x0000, 0x0000, 0x0000, 0x0000, 0x0000, 0x0000, 0x0000, 0x0000, 0x0000, 0x0000, 0x0000, 0x0000,
  0x0000, 0x0000, 0x0000, 0x0000, 0x0000, 0x0000, 0x0000, 0x0000, 0x0000, 0x0000, 0x0000, 0x0000,
  0x0000, 0x0000, 0x0000, 0x0000, 0x0000, 0x0000, 0x0000, 0x0000, 0x0000, 0x0000, 0x0000, 0x0000,
  0x0000, 0x0000, 0x0000, 0x0000, 0x0000, 0x0000, 0x0000, 0x0000, 0x0000, 0x0000, 0x0000, 0x0000,
  0x0000, 0x0000, 0x0000, 0x0000, 0x0000, 0x0000, 0x0000, 0x0000, 0x0000, 0x0000, 0x0000, 0x0000,
  0x0000, 0x0000, 0x0000, 0x0000, 0x0000, 0x0000, 0x0000, 0x0000, 0x0000, 0x0000, 0x0000, 0x0000,
  0x0000, 0x0000, 0x0000, 0x0000, 0x0000, 0x0000, 0x0000, 0x0000, 0x0000, 0x0000, 0x0000, 0x0000,
  0x0000, 0x0000, 0x0000, 0x0000, 0x0000, 0x0000, 0x0000, 0x0000, 0x0000, 0x0000, 0x0000, 0x0000,
  0x0000, 0x0000, 0x0000, 0x0000, 0x0000, 0x0000, 0x0000, 0x0000, 0x0000, 0x0000, 0x0000, 0x0000,
  0x0000, 0x0000, 0x0000, 0x0000, 0x0000, 0x0000, 0x0000, 0x0000, 0x0000, 0x0000, 0x0000, 0x0000,
  0x0000, 0x0000, 0x0000, 0x0000, 0x0000, 0x0000, 0x0000, 0x0000, 0x0000, 0x0000, 0x0000, 0x0000,
  0x0000, 0x0000, 0x0000, 0x0000, 0x0000, 0x0000, 0x0000, 0x0000, 0x0000, 0x0000, 0x0000, 0x0000,
  0x0000, 0x0000, 0x0000, 0x0000, 0x0000, 0x0000, 0x0000, 0x0000, 0x0000, 0x0000, 0x0000, 0x0000,
  0x0000, 0x0000, 0x0000, 0x0000, 0x0000, 0x0000, 0x0000, 0x0000, 0x0000, 0x0000, 0x0000, 0x0000,
  0x0000, 0x0000, 0x0000, 0x0000, 0x0000, 0x0000, 0x0000, 0x0000, 0x0000, 0x0000, 0x0000, 0x0000,
  0x0000, 0x0000, 0x0000, 0x0000, 0x0000, 0x0000, 0x0000, 0x0000, 0x0000, 0x0000, 0x0000, 0x0000,
  0x0000, 0x0000, 0x0000, 0x0000, 0x0000, 0x0000, 0x0000, 0x0000, 0x0000, 0x0000, 0x0000, 0x0000,
  0x0000, 0x0000, 0x0000, 0x0000, 0x0000, 0x0000, 0x0000, 0x0000, 0x0000, 0x0000, 0x0000, 0x0000,
  0x0000, 0x0000, 0x0000, 0x0000, 0x0000, 0x0000, 0x0000, 0x0000, 0x0000, 0x0000, 0x0000, 0x0000,
  0x0000, 0x0000, 0x0000, 0x0000, 0x0000, 0x0000, 0x0000, 0x0000, 0x0000, 0x0000, 0x0000, 0x0000,
  0x0000, 0x0000, 0x0000, 0x0000, 0x0000, 0x0000, 0x0000, 0x0000, 0x0000, 0x0000, 0x0000, 0x0000,
  0x0000, 0x0000, 0x0000, 0x0000, 0x0000, 0x0000, 0x0000, 0x0000, 0x0000, 0x0000, 0x0000, 0x0000,
  0x0000, 0x0000, 0x0000, 0x0000, 0x0000, 0x0000, 0x0000, 0x0000, 0x0000, 0x0000, 0x0000, 0x0000,
  0x0000, 0x0000, 0x0000, 0x0000, 0x0000, 0x0000, 0x0000, 0x0000, 0x0000, 0x0000, 0x0000, 0x0000,
  0x0000, 0x0000, 0x0000, 0x0000, 0x0000, 0x0000, 0x0000, 0x0000, 0x0000, 0x0000, 0x0000, 0x0000,
  0x0000, 0x0000, 0x0000, 0x0000, 0x0000, 0x0000, 0x0000, 0x0000, 0x0000, 0x0000, 0x0000, 0x0000,
  0x0000, 0x0000, 0x0000, 0x0000, 0x0000, 0x0000, 0x0000, 0x0000, 0x0000, 0x0000, 0x0000, 0x0000,
  0x0000, 0x0000, 0x0000, 0x0000, 0x0000, 0x0000, 0x0000, 0x0000, 0x0000, 0x0000, 0x0000, 0x0000,
  0x0000, 0x0000, 0x0000, 0x0000, 0x0000, 0x0000, 0x0000, 0x0000, 0x0000, 0x0000, 0x0000, 0x0000,
  0x0000, 0x0000, 0x0000, 0x0000, 0x0000, 0x0000, 0x0000, 0x0000, 0x0000, 0x0000, 0x0000, 0x0000,
  0x0000, 0x0000, 0x0000, 0x0000, 0x0000, 0x0000, 0x0000, 0x0000, 0x0000, 0x0000, 0x0000, 0x0000,
  0x0000, 0x0000, 0x0000, 0x0000, 0x0000, 0x0000, 0x0000, 0x0000, 0x0000, 0x0000, 0x0000, 0x0000,
  0x0000, 0x0000, 0x0000, 0x0000, 0x0000, 0x0000, 0x0000, 0x0000, 0x0000, 0x0000, 0x0000, 0x0000,
  0x0000, 0x0000, 0x0000, 0x0000, 0x0000, 0x0000, 0x0000, 0x0000, 0x0000, 0x0000, 0x0000, 0x0000,
  0x0000, 0x0000, 0x0000, 0x0000, 0x0000, 0x0000, 0x0000, 0x0000, 0x0000, 0x0000, 0x0000, 0x0000,
  0x0000, 0x0000, 0x0000, 0x0000, 0x0000, 0x0000, 0x0000, 0x0000, 0x0000, 0x0000, 0x0000, 0x0000,
  0x0000, 0x0000, 0x0000, 0x0000, 0x0000, 0x0000, 0x0000, 0x0000, 0x0000, 0x0000, 0x0000, 0x0000,
  0x0000, 0x0000, 0x0000, 0x0000, 0x0000, 0x0000, 0x0000, 0x0000, 0x0000, 0x0000, 0x0000, 0x0000,
  0x0000, 0x0000, 0x0000, 0x0000, 0x0000, 0x0000, 0x0000, 0x0000, 0x0000, 0x0000, 0x0000, 0x0000,
  0x0000, 0x0000, 0x0000, 0x0000, 0x0000, 0x0000, 0x0000, 0x0000, 0x0000, 0x0000, 0x0000, 0x0000,
  0x0000, 0x0000, 0x0000, 0x0000, 0x0000, 0x0000, 0x0000, 0x0000, 0x0000, 0x0000, 0x0000, 0x0000,
  0x0000, 0x0000, 0x0000, 0x0000, 0x0000, 0x0000, 0x0000, 0x0000, 0x0000, 0x0000, 0x0000, 0x0000,
  0x0000, 0x0000, 0x0000, 0x0000, 0x0000, 0x0000, 0x0000, 0x0000, 0x0000, 0x0000, 0x0000, 0x0000,
  0x0000, 0x0000, 0x0000, 0x0000, 0x0000, 0x0000, 0x0000, 0x0000, 0x0000, 0x0000, 0x0000, 0x0000,
  0x0000, 0x0000, 0x0000, 0x0000, 0x0000, 0x0000, 0x0000, 0x0000, 0x0000, 0x0000, 0x0000, 0x0000,
  0x0000, 0x0000, 0x0000, 0x0000, 0x0000, 0x0000, 0x0000, 0x0000, 0x0000, 0x0000, 0x0000, 0x0000,
  0x0000, 0x0000, 0x0000, 0x0000, 0x0000, 0x0000, 0x0000, 0x0000, 0x0000, 0x0000, 0x0000, 0x0000,
  0x0000, 0x0000, 0x0000, 0x0000, 0x0000, 0x0000, 0x0000, 0x0000, 0x0000, 0x0000, 0x0000, 0x0000,
  0x0000, 0x0000, 0x0000, 0x0000, 0x0000, 0x0000, 0x0000, 0x0000, 0x0000, 0x0000, 0x0000, 0x0000,
  0x0000, 0x0000, 0x0000, 0x0000, 0x0000, 0x0000, 0x0000, 0x0000, 0x0000, 0x0000, 0x0000, 0x0000,
  0x0000, 0x0000, 0x0000, 0x0000, 0x0000, 0x0000, 0x0000, 0x0000, 0x0000, 0x0000, 0x0000, 0x0000,
  0x0000, 0x0000, 0x0000, 0x0000, 0x0000, 0x0000, 0x0000, 0x0000, 0x0000, 0x0000, 0x0000, 0x0000,
  0x0000, 0x0000, 0x0000, 0x0000, 0x0000, 0x0000, 0x0000, 0x0000, 0x0000, 0x0000, 0x0000, 0x0000,
  0x0000, 0x0000, 0x0000, 0x0000, 0x0000, 0x0000, 0x0000, 0x0000, 0x0000, 0x0000, 0x0000, 0x0000,
  0x0000, 0x0000, 0x0000, 0x0000, 0x0000, 0x0000, 0x0000, 0x0000, 0x0000, 0x0000, 0x0000, 0x0000,
  0x0000, 0x0000, 0x0000, 0x0000, 0x0000, 0x0000, 0x0000, 0x0000, 0x0000, 0x0000, 0x0000, 0x0000,
  0x0000, 0x0000, 0x0000, 0x0000, 0x0000, 0x0000, 0x0000, 0x0000, 0x0000, 0x0000, 0x0000, 0x0000,
  0x0000, 0x0000, 0x0000, 0x0000, 0x0000, 0x0000, 0x0000, 0x0000, 0x0000, 0x0000, 0x0000, 0x0000,
  0x0000, 0x0000, 0x0000, 0x0000, 0x0000, 0x0000, 0x0000, 0x0000, 0x0000, 0x0000, 0x0000, 0x0000,
  0x0000, 0x0000, 0x0000, 0x0000, 0x0000, 0x0000, 0x0000, 0x0000, 0x0000, 0x0000, 0x0000, 0x0000,
  0x0000, 0x0000, 0x0000, 0x0000, 0x0000, 0x0000, 0x0000, 0x0000, 0x0000, 0x0000, 0x0000, 0x0000,
  0x0000, 0x0000, 0x0000, 0x0000, 0x0000, 0x0000, 0x0000, 0x0000, 0x0000, 0x0000, 0x0000, 0x0000,
  0x0000, 0x0000, 0x0000, 0x0000, 0x0000, 0x0000, 0x0000, 0x0000, 0x0000, 0x0000, 0x0000, 0x0000,
  0x0000, 0x0000, 0x0000, 0x0000, 0x0000, 0x0000, 0x0000, 0x0000, 0x0000, 0x0000, 0x0000, 0x0000,
  0x0000, 0x0000, 0x0000, 0x0000, 0x0000, 0x0000, 0x0000, 0x0000, 0x0000, 0x0000, 0x0000, 0x0000,
  0x0000, 0x0000, 0x0000, 0x0000, 0x0000, 0x0000, 0x0000, 0x0000, 0x0000, 0x0000, 0x0000, 0x0000,
  0x0000, 0x0000, 0x0000, 0x0000, 0x0000, 0x0000, 0x0000, 0x0000, 0x0000, 0x0000, 0x0000, 0x0000,
  0x0000, 0x0000, 0x0000, 0x0000, 0x0000, 0x0000, 0x0000, 0x0000, 0x0000, 0x0000, 0x0000, 0x0000,
  0x0000, 0x0000, 0x0000, 0x0000, 0x0000, 0x0000, 0x0000, 0x0000, 0x0000, 0x0000, 0x0000, 0x0000,
  0x0000, 0x0000, 0x0000, 0x0000, 0x0000, 0x0000, 0x0000, 0x0000, 0x0000, 0x0000, 0x0000, 0x0000,
  0x0000, 0x0000, 0x0000, 0x0000, 0x0000, 0x0000, 0x0000, 0x0000, 0x0000, 0x0000, 0x0000, 0x0000,
  0x0000, 0x0000, 0x0000, 0x0000, 0x0000, 0x0000, 0x0000, 0x0000, 0x0000, 0x0000, 0x0000, 0x0000,
  0x0000, 0x0000, 0x0000, 0x0000, 0x0000, 0x0000, 0x0000, 0x0000, 0x0000, 0x0000, 0x0000, 0x0000,
  0x0000, 0x0000, 0x0000, 0x0000, 0x0000, 0x0000, 0x0000, 0x0000, 0x0000, 0x0000, 0x0000, 0x0000,
  0x0000, 0x0000, 0x0000, 0x0000, 0x0000, 0x0000, 0x0000, 0x0000, 0x0000, 0x0000, 0x0000, 0x0000,
  0x0000, 0x0000, 0x0000, 0x0000, 0x0000, 0x0000, 0x0000, 0x0000, 0x0000, 0x0000, 0x0000, 0x0000,
  0x0000, 0x0000, 0x0000, 0x0000, 0x0000, 0x0000, 0x0000, 0x0000, 0x0000, 0x0000, 0x0000, 0x0000,
  0x0000, 0x0000, 0x0000, 0x0000, 0x0000, 0x0000, 0x0000, 0x0000, 0x0000, 0x0000, 0x0000, 0x0000,
  0x0000, 0x0000, 0x0000, 0x0000, 0x0000, 0x0000, 0x0000, 0x0000, 0x0000, 0x0000, 0x0000, 0x0000,
  0x0000, 0x0000, 0x0000, 0x0000, 0x0000, 0x0000, 0x0000, 0x0000, 0x0000, 0x0000, 0x0000, 0x0000,
  0x0000, 0x0000, 0x0000, 0x0000, 0x0000, 0x0000, 0x0000, 0x0000, 0x0000, 0x0000, 0x0000, 0x0000,
  0x0000, 0x0000, 0x0000, 0x0000, 0x0000, 0x0000, 0x0000, 0x0000, 0x0000, 0x0000, 0x0000, 0x0000,
  0x0000, 0x0000, 0x0000, 0x0000, 0x0000, 0x0000, 0x0000, 0x0000, 0x0000, 0x0000, 0x0000, 0x0000,
  0x0000, 0x0000, 0x0000, 0x0000, 0x0000, 0x0000, 0x0000, 0x0000, 0x0000, 0x0000, 0x0000, 0x0000,
  0x0000, 0x0000, 0x0000, 0x0000, 0x0000, 0x0000, 0x0000, 0x0000, 0x0000, 0x0000, 0x0000, 0x0000,
  0x0000, 0x0000, 0x0000, 0x0000, 0x0000, 0x0000, 0x0000, 0x0000, 0x0000, 0x0000, 0x0000, 0x0000,
  0x0000, 0x0000, 0x0000, 0x0000, 0x0000, 0x0000, 0x0000, 0x0000, 0x0000, 0x0000, 0x0000, 0x0000,
  0x0000, 0x0000, 0x0000, 0x0000, 0x0000, 0x0000, 0x0000, 0x0000, 0x0000, 0x0000, 0x0000, 0x0000,
  0x0000, 0x0000, 0x0000, 0x0000, 0x0000, 0x0000, 0x0000, 0x0000, 0x0000, 0x0000, 0x0000, 0x0000,
  0x0000, 0x0000, 0x0000, 0x0000, 0x0000, 0x0000, 0x0000, 0x0000, 0x0000, 0x0000, 0x0000, 0x0000,
  0x0000, 0x0000, 0x0000, 0x0000, 0x0000, 0x0000, 0x0000, 0x0000, 0x0000, 0x0000, 0x0000, 0x0000,
  0x0000, 0x0000, 0x0000, 0x0000, 0x0000, 0x0000, 0x0000, 0x0000, 0x0000, 0x0000, 0x0000, 0x0000,
  0x0000, 0x0000, 0x0000, 0x0000, 0x0000, 0x0000, 0x0000, 0x0000, 0x0000, 0x0000, 0x0000, 0x0000,
  0x0000, 0x0000, 0x0000, 0x0000, 0x0000, 0x0000, 0x0000, 0x0000, 0x0000, 0x0000, 0x0000, 0x0000,
  0x0000, 0x0000, 0x0000, 0x0000, 0x0000, 0x0000, 0x0000, 0x0000, 0x0000, 0x0000, 0x0000, 0x0000,
  0x0000, 0x0000, 0x0000, 0x0000, 0x0000, 0x0000, 0x0000, 0x0000, 0x0000, 0x0000, 0x0000, 0x0000,
  0x0000, 0x0000, 0x0000, 0x0000, 0x0000, 0x0000, 0x0000, 0x0000, 0x0000, 0x0000, 0x0000, 0x0000,
  0x0000, 0x0000, 0x0000, 0x0000, 0x0000, 0x0000, 0x0000, 0x0000, 0x0000, 0x0000, 0x0000, 0x0000,
  0x0000, 0x0000, 0x0000, 0x0000, 0x0000, 0x0000, 0x0000, 0x0000, 0x0000, 0x0000, 0x0000, 0x0000,
  0x0000, 0x0000, 0x0000, 0x0000, 0x0000, 0x0000, 0x0000, 0x0000, 0x0000, 0x0000, 0x0000, 0x0000,
  0x0000, 0x0000, 0x0000, 0x0000, 0x0000, 0x0000, 0x0000, 0x0000, 0x0000, 0x0000, 0x0000, 0x0000,
  0x0000, 0x0000, 0x0000, 0x0000, 0x0000, 0x0000, 0x0000, 0x0000, 0x0000, 0x0000, 0x0000, 0x0000,
  0x0000, 0x0000, 0x0000, 0x0000, 0x0000, 0x0000, 0x0000, 0x0000, 0x0000, 0x0000, 0x0000, 0x0000,
  0x0000, 0x0000, 0x0000, 0x0000, 0x0000, 0x0000, 0x0000, 0x0000, 0x0000, 0x0000, 0x0000, 0x0000,
  0x0000, 0x0000, 0x0000, 0x0000, 0x0000, 0x0000, 0x0000, 0x0000, 0x0000, 0x0000, 0x0000, 0x0000,
  0x0000, 0x0000, 0x0000, 0x0000, 0x0000, 0x0000, 0x0000, 0x0000, 0x0000, 0x0000, 0x0000, 0x0000,
  0x0000, 0x0000, 0x0000, 0x0000, 0x0000, 0x0000, 0x0000, 0x0000, 0x0000, 0x0000, 0x0000, 0x0000,
  0x0000, 0x0000, 0x0000, 0x0000, 0x0000, 0x0000, 0x0000, 0x0000, 0x0000, 0x0000, 0x0000, 0x0000,
  0x0000, 0x0000, 0x0000, 0x0000, 0x0000, 0x0000, 0x0000, 0x0000, 0x0000, 0x0000, 0x0000, 0x0000,
  0x0000, 0x0000, 0x0000, 0x0000, 0x0000, 0x0000, 0x0000, 0x0000, 0x0000, 0x0000, 0x0000, 0x0000,
  0x0000, 0x0000, 0x0000, 0x0000, 0x0000, 0x0000, 0x0000, 0x0000, 0x0000, 0x0000, 0x0000, 0x0000,
  0x0000, 0x0000, 0x0000, 0x0000, 0x0000, 0x0000, 0x0000, 0x0000, 0x0000, 0x0000, 0x0000, 0x0000,
  0x0000, 0x0000, 0x0000, 0x0000, 0x0000, 0x0000, 0x0000, 0x0000, 0x0000, 0x0000, 0x0000, 0x0000,
  0x0000, 0x0000, 0x0000, 0x0000, 0x0000, 0x0000, 0x0000, 0x0000, 0x0000, 0x0000, 0x0000, 0x0000,
  0x0000, 0x0000, 0x0000, 0x0000, 0x0000, 0x0000, 0x0000, 0x0000, 0x0000, 0x0000, 0x0000, 0x0000,
  0x0000, 0x0000, 0x0000, 0x0000, 0x0000, 0x0000, 0x0000, 0x0000, 0x0000, 0x0000, 0x0000, 0x0000,
  0x0000, 0x0000, 0x0000, 0x0000, 0x0000, 0x0000, 0x0000, 0x0000, 0x0000, 0x0000, 0x0000, 0x0000,
  0x0000, 0x0000, 0x0000, 0x0000, 0x0000, 0x0000, 0x0000, 0x0000, 0x0000, 0x0000, 0x0000, 0x0000,
  0x0000, 0x0000, 0x0000, 0x0000, 0x0000, 0x0000, 0x0000, 0x0000, 0x0000, 0x0000, 0x0000, 0x0000,
  0x0000, 0x0000, 0x0000, 0x0000, 0x0000, 0x0000, 0x0000, 0x0000, 0x0000, 0x0000, 0x0000, 0x0000,
  0x0000, 0x0000, 0x0000, 0x0000, 0x0000, 0x0000, 0x0000, 0x0000, 0x0000, 0x0000, 0x0000, 0x0000,
  0x0000, 0x0000, 0x0000, 0x0000, 0x0000, 0x0000, 0x0000, 0x0000, 0x0000, 0x0000, 0x0000, 0x0000,
  0x0000, 0x0000, 0x0000, 0x0000, 0x0000, 0x0000, 0x0000, 0x0000, 0x0000, 0x0000, 0x0000, 0x0000,
  0x0000, 0x0000, 0x0000, 0x0000, 0x0000, 0x0000, 0x0000, 0x0000, 0x0000, 0x0000, 0x0000, 0x0000,
  0x0000, 0x0000, 0x0000, 0x0000, 0x0000, 0x0000, 0x0000, 0x0000, 0x0000, 0x0000, 0x0000, 0x0000,
  0x0000, 0x0000, 0x0000, 0x0000, 0x0000, 0x0000, 0x0000, 0x0000, 0x0000, 0x0000, 0x0000, 0x0000,
  0x0000, 0x0000, 0x0000, 0x0000, 0x0000, 0x0000, 0x0000, 0x0000, 0x0000, 0x0000, 0x0000, 0x0000,
  0x0000, 0x0000, 0x0000, 0x0000, 0x0000, 0x0000, 0x0000, 0x0000, 0x0000, 0x0000, 0x0000, 0x0000,
  0x0000, 0x0000, 0x0000, 0x0000, 0x0000, 0x0000, 0x0000, 0x0000, 0x0000, 0x0000, 0x0000, 0x0000,
  0x0000, 0x0000, 0x0000, 0x0000, 0x0000, 0x0000, 0x0000, 0x0000, 0x0000, 0x0000, 0x0000, 0x0000,
  0x0000, 0x0000, 0x0000, 0x0000, 0x0000, 0x0000, 0x0000, 0x0000, 0x0000, 0x0000, 0x0000, 0x0000,
  0x0000, 0x0000, 0x0000, 0x0000, 0x0000, 0x0000, 0x0000, 0x0000, 0x0000, 0x0000, 0x0000, 0x0000,
  0x0000, 0x0000, 0x0000, 0x0000, 0x0000, 0x0000, 0x0000, 0x0000, 0x0000, 0x0000, 0x0000, 0x0000,
  0x0000, 0x0000, 0x0000, 0x0000, 0x0000, 0x0000, 0x0000, 0x0000, 0x0000, 0x0000, 0x0000, 0x0000,
  0x0000, 0x0000, 0x0000, 0x0000, 0x0000, 0x0000, 0x0000, 0x0000, 0x0000, 0x0000, 0x0000, 0x0000,
  0x0000, 0x0000, 0x0000, 0x0000, 0x0000, 0x0000, 0x0000, 0x0000, 0x0000, 0x0000, 0x0000, 0x0000,
  0x0000, 0x0000, 0x0000, 0x0000, 0x0000, 0x0000, 0x0000, 0x0000, 0x0000, 0x0000, 0x0000, 0x0000,
  0x0000, 0x0000, 0x0000, 0x0000, 0x0000, 0x0000, 0x0000, 0x0000, 0x0000, 0x0000, 0x0000, 0x0000,
  0x0000, 0x0000, 0x0000, 0x0000, 0x0000, 0x0000, 0x0000, 0x0000, 0x0000, 0x0000, 0x0000, 0x0000,
  0x0000, 0x0000, 0x0000, 0x0000, 0x0000, 0x0000, 0x0000, 0x0000, 0x0000, 0x0000, 0x0000, 0x0000,
  0x0000, 0x0000, 0x0000, 0x0000, 0x0000, 0x0000, 0x0000, 0x0000, 0x0000, 0x0000, 0x0000, 0x0000,
  0x0000, 0x0000, 0x0000, 0x0000, 0x0000, 0x0000, 0x0000, 0x0000, 0x0000, 0x0000, 0x0000, 0x0000,
  0x0000, 0x0000, 0x0000, 0x0000, 0x0000, 0x0000, 0x0000, 0x0000, 0x0000, 0x0000, 0x0000, 0x0000,
  0x0000, 0x0000, 0x0000, 0x0000, 0x0000, 0x0000, 0x0000, 0x0000, 0x0000, 0x0000, 0x0000, 0x0000,
  0x0000, 0x0000, 0x0000, 0x0000, 0x0000, 0x0000, 0x0000, 0x0000, 0x0000, 0x0000, 0x0000, 0x0000,
  0x0000, 0x0000, 0x0000, 0x0000, 0x0000, 0x0000, 0x0000, 0x0000, 0x0000, 0x0000, 0x0000, 0x0000,
  0x0000, 0x0000, 0x0000, 0x0000, 0x0000, 0x0000, 0x0000, 0x0000, 0x0000, 0x0000, 0x0000, 0x0000,
  0x0000, 0x0000, 0x0000, 0x0000, 0x0000, 0x0000, 0x0000, 0x0000, 0x0000, 0x0000, 0x0000, 0x0000,
  0x0000, 0x0000, 0x0000, 0x0000, 0x0000, 0x0000, 0x0000, 0x0000, 0x0000, 0x0000, 0x0000, 0x0000,
  0x0000, 0x0000, 0x0000, 0x0000, 0x0000, 0x0000, 0x0000, 0x0000, 0x0000, 0x0000, 0x0000, 0x0000,
  0x0000, 0x0000, 0x0000, 0x0000, 0x0000, 0x0000, 0x0000, 0x0000, 0x0000, 0x0000, 0x0000, 0x0000,
  0x0000, 0x0000, 0x0000, 0x0000, 0x0000, 0x0000, 0x0000, 0x0000, 0x0000, 0x0000, 0x0000, 0x0000,
  0x0000, 0x0000, 0x0000, 0x0000, 0x0000, 0x0000, 0x0000, 0x0000, 0x0000, 0x0000, 0x0000, 0x0000,
  0x0000, 0x0000, 0x0000, 0x0000, 0x0000, 0x0000, 0x0000, 0x0000, 0x0000, 0x0000, 0x0000, 0x0000,
  0x0000, 0x0000, 0x0000, 0x0000, 0x0000, 0x0000, 0x0000, 0x0000, 0x0000, 0x0000, 0x0000, 0x0000,
  0x0000, 0x0000, 0x0000, 0x0000, 0x0000, 0x0000, 0x0000, 0x0000, 0x0000, 0x0000, 0x0000, 0x0000,
  0x0000, 0x0000, 0x0000, 0x0000, 0x0000, 0x0000, 0x0000, 0x0000, 0x0000, 0x0000, 0x0000, 0x0000,
  0x0000, 0x0000, 0x0000, 0x0000, 0x0000, 0x0000, 0x0000, 0x0000, 0x0000, 0x0000, 0x0000, 0x0000,
  0x0000, 0x0000, 0x0000, 0x0000, 0x0000, 0x0000, 0x0000, 0x0000, 0x0000, 0x0000, 0x0000, 0x0000,
  0x0000, 0x0000, 0x0000, 0x0000, 0x0000, 0x0000, 0x0000, 0x0000, 0x0000, 0x0000, 0x0000, 0x0000,
  0x0000, 0x0000, 0x0000, 0x0000, 0x0000, 0x0000, 0x0000, 0x0000, 0x0000, 0x0000, 0x0000, 0x0000,
  0x0000, 0x0000, 0x0000, 0x0000, 0x0000, 0x0000, 0x0000, 0x0000, 0x0000, 0x0000, 0x0000, 0x0000,
  0x0000, 0x0000, 0x0000, 0x0000, 0x0000, 0x0000, 0x0000, 0x0000, 0x0000, 0x0000, 0x0000, 0x0000,
  0x0000, 0x0000, 0x0000, 0x0000, 0x0000, 0x0000, 0x0000, 0x0000, 0x0000, 0x0000, 0x0000, 0x0000,
  0x0000, 0x0000, 0x0000, 0x0000, 0x0000, 0x0000, 0x0000, 0x0000, 0x0000, 0x0000, 0x0000, 0x0000,
  0x0000, 0x0000, 0x0000, 0x0000, 0x0000, 0x0000, 0x0000, 0x0000, 0x0000, 0x0000, 0x0000, 0x0000,
  0x0000, 0x0000, 0x0000, 0x0000, 0x0000, 0x0000, 0x0000, 0x0000, 0x0000, 0x0000, 0x0000, 0x0000,
  0x0000, 0x0000, 0x0000, 0x0000, 0x0000, 0x0000, 0x0000, 0x0000, 0x0000, 0x0000, 0x0000, 0x0000,
  0x0000, 0x0000, 0x0000, 0x0000, 0x0000, 0x0000, 0x0000, 0x0000, 0x0000, 0x0000, 0x0000, 0x0000,
  0x0000, 0x0000, 0x0000, 0x0000, 0x0000, 0x0000, 0x0000, 0x0000, 0x0000, 0x0000, 0x0000, 0x0000,
  0x0000, 0x0000, 0x0000, 0x0000, 0x0000, 0x0000, 0x0000, 0x0000, 0x0000, 0x0000, 0x0000, 0x0000,
  0x0000, 0x0000, 0x0000, 0x0000, 0x0000, 0x0000, 0x0000, 0x0000, 0x0000, 0x0000, 0x0000, 0x0000,
  0x0000, 0x0000, 0x0000, 0x0000, 0x0000, 0x0000, 0x0000, 0x0000, 0x0000, 0x0000, 0x0000, 0x0000,
  0x0000, 0x0000, 0x0000, 0x0000, 0x0000, 0x0000, 0x0000, 0x0000, 0x0000, 0x0000, 0x0000, 0x0000,
  0x0000, 0x0000, 0x0000, 0x0000, 0x0000, 0x0000, 0x0000, 0x0000, 0x0000, 0x0000, 0x0000, 0x0000,
  0x0000, 0x0000, 0x0000, 0x0000, 0x0000, 0x0000, 0x0000, 0x0000, 0x0000, 0x0000, 0x0000, 0x0000,
  0x0000, 0x0000, 0x0000, 0x0000, 0x0000, 0x0000, 0x0000, 0x0000, 0x0000, 0x0000, 0x0000, 0x0000,
  0x0000, 0x0000, 0x0000, 0x0000, 0x0000, 0x0000, 0x0000, 0x0000, 0x0000, 0x0000, 0x0000, 0x0000,
  0x0000, 0x0000, 0x0000, 0x0000, 0x0000, 0x0000, 0x0000, 0x0000, 0x0000, 0x0000, 0x0000, 0x0000,
  0x0000, 0x0000, 0x0000, 0x0000, 0x0000, 0x0000, 0x0000, 0x0000, 0x0000, 0x0000, 0x0000, 0x0000,
  0x0000, 0x0000, 0x0000, 0x0000, 0x0000, 0x0000, 0x0000, 0x0000, 0x0000, 0x0000, 0x0000, 0x0000,
  0x0000, 0x0000, 0x0000, 0x0000, 0x0000, 0x0000, 0x0000, 0x0000, 0x0000, 0x0000, 0x0000, 0x0000,
  0x0000, 0x0000, 0x0000, 0x0000, 0x0000, 0x0000, 0x0000, 0x0000, 0x0000, 0x0000, 0x0000, 0x0000,
  0x0000, 0x0000, 0x0000, 0x0000, 0x0000, 0x0000, 0x0000, 0x0000, 0x0000, 0x0000, 0x0000, 0x0000,
  0x0000, 0x0000, 0x0000, 0x0000, 0x0000, 0x0000, 0x0000, 0x0000, 0x0000, 0x0000, 0x0000, 0x0000,
  0x0000, 0x0000, 0x0000, 0x0000, 0x0000, 0x0000, 0x0000, 0x0000, 0x0000, 0x0000, 0x0000, 0x0000,
  0x0000, 0x0000, 0x0000, 0x0000, 0x0000, 0x0000, 0x0000, 0x0000, 0x0000, 0x0000, 0x0000, 0x0000,
  0x0000, 0x0000, 0x0000, 0x0000, 0x0000, 0x0000, 0x0000, 0x0000, 0x0000, 0x0000, 0x0000, 0x0000,
  0x0000, 0x0000, 0x0000, 0x0000, 0x0000, 0x0000, 0x0000, 0x0000, 0x0000, 0x0000, 0x0000, 0x0000,
  0x0000, 0x0000, 0x0000, 0x0000, 0x0000, 0x0000, 0x0000, 0x0000, 0x0000, 0x0000, 0x0000, 0x0000,
  0x0000, 0x0000, 0x0000, 0x0000, 0x0000, 0x0000, 0x0000, 0x0000, 0x0000, 0x0000, 0x0000, 0x0000,
  0x0000, 0x0000, 0x0000, 0x0000, 0x0000, 0x0000, 0x0000, 0x0000, 0x0000, 0x0000, 0x0000, 0x0000,
  0x0000, 0x0020, 0x0000, 0x0000, 0x0841, 0x41A4, 0x10A1, 0x1820, 0x8266, 0x5AA7, 0x39A4, 0x41C5,
  0x72A6, 0x3122, 0x41C6, 0x836A, 0x62C7, 0x0000, 0x3163, 0x41C4, 0x10A1, 0x0000, 0x0000, 0x0020,
  0x0020, 0x0000, 0x0000, 0x0000, 0x0000, 0x0000, 0x0000, 0x0000, 0x0000, 0x0000, 0x0000, 0x0000,
  0x0000, 0x1082, 0x10A2, 0x10A2, 0x10A2, 0x0861, 0x0000, 0x0000, 0x0000, 0x0000, 0x0000, 0x0000,
  0x0000, 0x0000, 0x0000, 0x0000, 0x0000, 0x0000, 0x0861, 0x10A2, 0x10A2, 0x10A2, 0x0861, 0x0000,
  0x0000, 0x0000, 0x0000, 0x0000, 0x0000, 0x0000, 0x0000, 0x0000, 0x0000, 0x10A2, 0x10A2, 0x10A2,
  0x1082, 0x0000, 0x0000, 0x0000, 0x0000, 0x0861, 0x10A2, 0x10A2, 0x10A2, 0x0861, 0x0000, 0x0000,
  0x0000, 0x0000, 0x0000, 0x0000, 0x0000, 0x0841, 0x10A2, 0x10A2, 0x10A2, 0x0841, 0x0000, 0x0000,
  0x0000, 0x0000, 0x0000, 0x0000, 0x0000, 0x0000, 0x0000, 0x0000, 0x0000, 0x0000, 0x0000, 0x0000,
  0x0000, 0x0000, 0x0000, 0x0000, 0x0000, 0x0000, 0x0000, 0x0000, 0x0000, 0x0000, 0x0000, 0x0000,
  0x0000, 0x0000, 0x0000, 0x0000, 0x0000, 0x0000, 0x0000, 0x0000, 0x0000, 0x0000, 0x0000, 0x0000,
  0x0000, 0x0000, 0x0000, 0x0000, 0x0000, 0x0000, 0x0000, 0x0000, 0x0000, 0x0000, 0x0000, 0x0000,
  0x0000, 0x0000, 0x0000, 0x0000, 0x0000, 0x0000, 0x0000, 0x0000, 0x0000, 0x0000, 0x0000, 0x0000,
  0x0000, 0x0000, 0x0000, 0x0000, 0x0000, 0x0000, 0x0000, 0x0000, 0x0000, 0x0000, 0x0000, 0x0000,
  0x0000, 0x0000, 0x0000, 0x0000, 0x0000, 0x0000, 0x0000, 0x0000, 0x0000, 0x0000, 0x0000, 0x0000,
  0x0000, 0x0000, 0x0000, 0x0000, 0x0000, 0x0000, 0x0000, 0x0000, 0x0000, 0x0000, 0x0000, 0x0000,
  0x0000, 0x0000, 0x0000, 0x0000, 0x0000, 0x0000, 0x0000, 0x0000, 0x0000, 0x0000, 0x0000, 0x0000,
  0x0000, 0x0000, 0x0000, 0x0000, 0x0000, 0x0000, 0x0000, 0x0000, 0x0000, 0x0000, 0x0000, 0x0000,
  0x0000, 0x0000, 0x0000, 0x0000, 0x0000, 0x0000, 0x0000, 0x0000, 0x0000, 0x0000, 0x0000, 0x0000,
  0x0000, 0x0000, 0x0000, 0x0000, 0x0000, 0x0000, 0x0000, 0x0000, 0x0000, 0x0020, 0x0020, 0x0000,
  0x4A05, 0x7349, 0x5267, 0x1081, 0x1082, 0x7349, 0x6AC6, 0x5A45, 0x3983, 0x6AC4, 0x6AC6, 0x6AC5,
  0x51C1, 0x6B06, 0x6A83, 0x5A65, 0x3185, 0x5A24, 0x72E7, 0x7B49, 0x18E2, 0x0860, 0x49E6, 0x72E8,
  0x5264, 0x0000, 0x0000, 0x0020, 0x0000, 0x0000, 0x0000, 0x0000, 0x0000, 0x0000, 0x0000, 0x0000,
  0x0000, 0xC618, 0xF79E, 0xEF5D, 0xF79E, 0x8C51, 0x0000, 0x0020, 0x0000, 0x0000, 0x0000, 0x0000,
  0x0000, 0x0000, 0x0000, 0x0000, 0x0000, 0x0000, 0xA534, 0xF79E, 0xEF5D, 0xF79E, 0xA534, 0x0000,
  0x0020, 0x0000, 0x0000, 0x0000, 0x0000, 0x0000, 0x0000, 0x0000, 0x18C3, 0xE71B, 0xF79E, 0xF79E,
  0xC638, 0x0840, 0x0000, 0x0000, 0x0000, 0xA534, 0xF79E, 0xEF5D, 0xF79E, 0x9CF3, 0x0000, 0x0000,
  0x0000, 0x0000, 0x0000, 0x0020, 0x0000, 0x73AE, 0xF79E, 0xE73C, 0xF79E, 0x632C, 0x0000, 0x0020,
  0x0000, 0x0000, 0x0000, 0x0000, 0x0000, 0x0000, 0x0000, 0x0000, 0x0000, 0x0000, 0x0000, 0x0000,
  0x0000, 0x0000, 0x0000, 0x0000, 0x0000, 0x0000, 0x0000, 0x0000, 0x0000, 0x0000, 0x0000, 0x0000,
  0x0000, 0x0000, 0x0000, 0x0000, 0x0000, 0x0000, 0x0000, 0x0000, 0x0000, 0x0000, 0x0000, 0x0000,
  0x0000, 0x0000, 0x0000, 0x0000, 0x0000, 0x0000, 0x0000, 0x0000, 0x0000, 0x0000, 0x0000, 0x0000,
  0x0000, 0x0000, 0x0000, 0x0000, 0x0000, 0x0000, 0x0000, 0x0000, 0x0000, 0x0000, 0x0000, 0x0000,
  0x0000, 0x0000, 0x0000, 0x0000, 0x0000, 0x0000, 0x0000, 0x0000, 0x0000, 0x0000, 0x0000, 0x0000,
  0x0000, 0x0000, 0x0000, 0x0000, 0x0000, 0x0000, 0x0000, 0x0000, 0x0000, 0x0000, 0x0000, 0x0000,
  0x0000, 0x0000, 0x0000, 0x0000, 0x0000, 0x0000, 0x0000, 0x0000, 0x0000, 0x0000, 0x0000, 0x0000,
  0x0000, 0x0000, 0x0000, 0x0000, 0x0000, 0x0000, 0x0000, 0x0000, 0x0000, 0x0000, 0x0000, 0x0000,
  0x0000, 0x0000, 0x0000, 0x0000, 0x0000, 0x0000, 0x0000, 0x0000, 0x0000, 0x0000, 0x0000, 0x0000,
  0x0000, 0x0000, 0x0000, 0x0000, 0x0000, 0x0000, 0x0000, 0x0000, 0x0000, 0x0000, 0x0000, 0x0000,
  0x0000, 0x0000, 0x0000, 0x0000, 0x0000, 0x0000, 0x0000, 0x0000, 0x1081, 0x7B08, 0x62A6, 0x3164,
  0x2903, 0x5225, 0x72C4, 0x62E8, 0x0000, 0x10A2, 0x6242, 0x49A3, 0x10C0, 0x6280, 0x5A03, 0x6A84,
  0x51C1, 0x62C5, 0x59E0, 0x49C2, 0x0820, 0x51C1, 0x6A84, 0x2944, 0x0000, 0x4A21, 0x72A4, 0x6286,
  0x2923, 0x3122, 0x6286, 0x7AC6, 0x1881, 0x0000, 0x0000, 0x0000, 0x0000, 0x0000, 0x0000, 0x0000,
  0x0000, 0xD699, 0xFFFF, 0xFFFF, 0xFFFF, 0x94B2, 0x0000, 0x0020, 0x0000, 0x0000, 0x0000, 0x0000,
  0x0000, 0x0000, 0x0000, 0x0000, 0x0000, 0x0000, 0xB596, 0xFFFF, 0xFFFF, 0xFFFF, 0xAD55, 0x0000,
  0x0000, 0x0000, 0x0000, 0x0000, 0x0000, 0x0000, 0x0000, 0x0000, 0x0861, 0xF79E, 0xFFFF, 0xFFFF,
  0xDEDA, 0x0840, 0x0000, 0x0000, 0x0000, 0xB5B6, 0xFFFF, 0xFFFF, 0xFFFF, 0xAD75, 0x0000, 0x0000,
  0x0000, 0x0000, 0x0000, 0x0020, 0x0000, 0x840F, 0xFFFF, 0xFFDF, 0xFFFF, 0x6B6D, 0x0000, 0x0020,
  0x0000, 0x0000, 0x0000, 0x0000, 0x0000, 0x0000, 0x0000, 0x0000, 0x0000, 0x0000, 0x0000, 0x0000,
  0x0000, 0x0000, 0x0000, 0x0000, 0x0000, 0x0000, 0x0000, 0x0000, 0x0000, 0x0000, 0x0000, 0x0000,
  0x0000, 0x0000, 0x0000, 0x0000, 0x0000, 0x0000, 0x0000, 0x0000, 0x0000, 0x0000, 0x0000, 0x0000,
  0x0000, 0x0000, 0x0000, 0x0000, 0x0000, 0x0000, 0x0000, 0x0000, 0x0000, 0x0000, 0x0000, 0x0000,
  0x0000, 0x0000, 0x0000, 0x0000, 0x0000, 0x0000, 0x0000, 0x0000, 0x0000, 0x0000, 0x0000, 0x0000,
  0x0000, 0x0000, 0x0000, 0x0000, 0x0000, 0x0000, 0x0000, 0x0000, 0x0000, 0x0000, 0x0000, 0x0000,
  0x0000, 0x0000, 0x0000, 0x0000, 0x0000, 0x0000, 0x0000, 0x0000, 0x0000, 0x0000, 0x0000, 0x0000,
  0x0000, 0x0000, 0x0000, 0x0000, 0x0000, 0x0000, 0x0000, 0x0000, 0x0000, 0x0000, 0x0000, 0x0000,
  0x0000, 0x0000, 0x0000, 0x0000, 0x0000, 0x0000, 0x0000, 0x0000, 0x0000, 0x0000, 0x0000, 0x0000,
  0x0000, 0x0000, 0x0000, 0x0000, 0x0000, 0x0000, 0x0000, 0x0000, 0x0000, 0x0000, 0x0000, 0x0000,
  0x0000, 0x0000, 0x0000, 0x0000, 0x0000, 0x0000, 0x0000, 0x0000, 0x0000, 0x0000, 0x0000, 0x0000,
  0x0000, 0x0000, 0x0000, 0x0000, 0x0000, 0x20A2, 0x3983, 0x18C2, 0x0820, 0x3983, 0x6243, 0x72E5,
  0x18A2, 0x28C0, 0x6221, 0x72A8, 0x0000, 0x1061, 0x6222, 0x49A2, 0x18E0, 0x62A0, 0x5A43, 0x6A84,
  0x51E1, 0x62C5, 0x5A01, 0x49E3, 0x1061, 0x51A0, 0x6AA4, 0x2923, 0x0000, 0x39A0, 0x5A01, 0x4182,
  0x18C3, 0x7B27, 0x6A85, 0x41C3, 0x1061, 0x1060, 0x3963, 0x3164, 0x0000, 0x0000, 0x0000, 0x0000,
  0x0000, 0xCE79, 0xFFFF, 0xF7BE, 0xFFFF, 0x9492, 0x0000, 0x0020, 0x0000, 0x0000, 0x0000, 0x0000,
  0x0000, 0x0000, 0x0000, 0x0000, 0x0000, 0x0000, 0xAD75, 0xFFFF, 0xFFDF, 0xFFFF, 0xDEDB, 0x3186,
  0x18E3, 0x10A2, 0x0000, 0x0000, 0x0000, 0x0000, 0x2104, 0x18E3, 0x632C, 0xFFDE, 0xFFDF, 0xFFFF,
  0xD69A, 0x0840, 0x0000, 0x0000, 0x0000, 0xB595, 0xFFFF, 0xF7BE, 0xFFFF, 0xAD55, 0x0000, 0x0000,
  0x0000, 0x0000, 0x0000, 0x0020, 0x0000, 0x7BEF, 0xFFFF, 0xF7BE, 0xFFFF, 0x6B6D, 0x0000, 0x0020,
  0x0000, 0x0000, 0x0000, 0x0000, 0x0000, 0x0000, 0x0000, 0x0000, 0x0000, 0x0000, 0x0000, 0x0000,
  0x0000, 0x0000, 0x0000, 0x0000, 0x0000, 0x0000, 0x0000, 0x0000, 0x0000, 0x0000, 0x0000, 0x0000,
  0x0000, 0x0000, 0x0000, 0x0000, 0x0000, 0x0000, 0x0000, 0x0000, 0x0000, 0x0000, 0x0000, 0x0000,
  0x0000, 0x0000, 0x0000, 0x0000, 0x0000, 0x0000, 0x0000, 0x0000, 0x0000, 0x0000, 0x0000, 0x0000,
  0x0000, 0x0000, 0x0000, 0x0000, 0x0000, 0x0000, 0x0000, 0x0000, 0x0000, 0x0000, 0x0000, 0x0000,
  0x0000, 0x1082, 0x2104, 0x2104, 0x2104, 0x18C3, 0x0000, 0x0000, 0x0000, 0x0000, 0x0000, 0x0000,
  0x0000, 0x0000, 0x0000, 0x0000, 0x0000, 0x0000, 0x0000, 0x0000, 0x0000, 0x0000, 0x0000, 0x0000,
  0x0000, 0x0000, 0x0000, 0x0000, 0x0000, 0x0000, 0x0000, 0x0000, 0x0000, 0x0000, 0x0000, 0x0000,
  0x0000, 0x0000, 0x0000, 0x0000, 0x0000, 0x0000, 0x0000, 0x0000, 0x0000, 0x0000, 0x0000, 0x0000,
  0x0000, 0x0000, 0x0000, 0x0000, 0x0000, 0x0000, 0x0000, 0x0000, 0x0000, 0x0000, 0x0000, 0x0000,
  0x0000, 0x0000, 0x0000, 0x0000, 0x0000, 0x0000, 0x0000, 0x0000, 0x0000, 0x0000, 0x0000, 0x0000,
  0x0000, 0x0000, 0x0820, 0x0020, 0x0000, 0x3962, 0x72C5, 0x6A84, 0x3921, 0x0021, 0x5A22, 0x6222,
  0x20E2, 0x28E0, 0x6242, 0x6288, 0x0000, 0x1081, 0x6242, 0x49A3, 0x18E0, 0x62A0, 0x5A23, 0x6A84,
  0x51E1, 0x62C5, 0x5A01, 0x49E3, 0x1041, 0x51C0, 0x6AA4, 0x2923, 0x0020, 0x4A21, 0x6222, 0x49C3,
  0x2965, 0x6AC5, 0x6AA5, 0x10A3, 0x4A26, 0x6262, 0x72A5, 0x5246, 0x0000, 0x0020, 0x0020, 0x0000,
  0x0000, 0xCE79, 0xFFFF, 0xFFDE, 0xFFFF, 0x94B2, 0x0000, 0x0020, 0x0000, 0x0000, 0x0000, 0x0000,
  0x0000, 0x0000, 0x0000, 0x0000, 0x0000, 0x0000, 0xB595, 0xFFFF, 0xFFDF, 0xFFFF, 0xFFFF, 0xFFDE,
  0xF7BE, 0x9CD3, 0x0000, 0x0020, 0x0000, 0x0861, 0xE71B, 0xF7BE, 0xFFFF, 0xFFFF, 0xFFDF, 0xFFFF,
  0xD6BA, 0x0840, 0x0000, 0x0000, 0x0000, 0xB596, 0xFFFF, 0xFFDE, 0xFFFF, 0xA534, 0x0000, 0x0020,
  0x0000, 0x0000, 0x0000, 0x0020, 0x0000, 0x7BEF, 0xFFFF, 0xF7BE, 0xFFFF, 0x6B6D, 0x0000, 0x0020,
  0x0000, 0x0000, 0x0000, 0x0000, 0x0000, 0x0000, 0x0000, 0x0000, 0x0000, 0x0000, 0x0000, 0x0000,
  0x0000, 0x0000, 0x0000, 0x0000, 0x0000, 0x0000, 0x0000, 0x0000, 0x0000, 0x0000, 0x0000, 0x0000,
  0x0000, 0x0000, 0x0000, 0x0000, 0x0000, 0x0000, 0x0000, 0x0000, 0x0000, 0x0000, 0x0000, 0x0000,
  0x0000, 0x0000, 0x0000, 0x0000, 0x0000, 0x0000, 0x0000, 0x0000, 0x0000, 0x0000, 0x0000, 0x0000,
  0x0000, 0x0000, 0x0000, 0x0000, 0x0000, 0x0000, 0x0000, 0x0000, 0x0000, 0x0000, 0x0000, 0x0000,
  0x0000, 0x7BCF, 0xFFDE, 0xF79D, 0xF7BE, 0xCE79, 0x0841, 0x0000, 0x0000, 0x0000, 0x0000, 0x0000,
  0x0000, 0x0000, 0x0000, 0x0000, 0x0000, 0x0000, 0x0000, 0x0000, 0x0000, 0x0000, 0x0000, 0x0000,
  0x0000, 0x0000, 0x0000, 0x0000, 0x0000, 0x0000, 0x0000, 0x0000, 0x0000, 0x0000, 0x0000, 0x0000,
  0x0000, 0x0000, 0x0000, 0x0000, 0x0000, 0x0000, 0x0000, 0x0000, 0x0000, 0x0000, 0x0000, 0x0000,
  0x0000, 0x0000, 0x0000, 0x0000, 0x0000, 0x0000, 0x0000, 0x0000, 0x0000, 0x0000, 0x0000, 0x0000,
  0x0000, 0x0000, 0x0000, 0x0000, 0x0000, 0x0000, 0x0000, 0x0000, 0x0000, 0x0000, 0x0000, 0x0000,
  0x0000, 0x0862, 0x6266, 0x5202, 0x39A4, 0x10A2, 0x39A4, 0x6221, 0x5180, 0x10A2, 0x5A24, 0x5A01,
  0x5202, 0x49C3, 0x5A22, 0x6263, 0x2940, 0x1061, 0x6242, 0x49A3, 0x18E0, 0x62A0, 0x5A23, 0x6A84,
  0x51E1, 0x62C5, 0x5A01, 0x49E3, 0x1061, 0x51A0, 0x6AA4, 0x20E3, 0x4A26, 0x6A83, 0x51E2, 0x6AA7,
  0x6AA5, 0x6243, 0x6AC6, 0x2123, 0x5225, 0x6221, 0x3962, 0x0840, 0x2940, 0x3141, 0x1060, 0x0000,
  0x0000, 0xCE59, 0xFFFF, 0xFFDE, 0xFFFF, 0x94B2, 0x0000, 0x0020, 0x0000, 0x0000, 0x0000, 0x0000,
  0x0000, 0x0000, 0x0000, 0x0000, 0x0000, 0x0000, 0xB595, 0xFFFF, 0xFFDF, 0xFFFF, 0xFFFF, 0xFFDF,
  0xFFFF, 0x9CF3, 0x0000, 0x0000, 0x0000, 0x0000, 0xEF5C, 0xFFFF, 0xFFFF, 0xFFFF, 0xFFFF, 0xFFFF,
  0xD6BA, 0x0840, 0x0000, 0x0000, 0x0000, 0xB596, 0xFFFF, 0xFFDE, 0xFFFF, 0xB5B6, 0x0000, 0x0000,
  0x0000, 0x0000, 0x0000, 0x0000, 0x0000, 0x7BCE, 0xFFFF, 0xF7BE, 0xFFFF, 0x6B6D, 0x0000, 0x0020,
  0x0000, 0x0000, 0x0000, 0x0020, 0x0000, 0x0000, 0x0000, 0x0000, 0x0000, 0x0000, 0x0000, 0x0000,
  0x0000, 0x0000, 0x0000, 0x0000, 0x0000, 0x0000, 0x0000, 0x0000, 0x0000, 0x0000, 0x0000, 0x0000,
  0x0000, 0x0000, 0x0000, 0x0000, 0x0000, 0x0000, 0x0000, 0x0000, 0x0000, 0x0000, 0x0000, 0x0000,
  0x0000, 0x0000, 0x0000, 0x0000, 0x0000, 0x0000, 0x0000, 0x0000, 0x0000, 0x0000, 0x0000, 0x0000,
  0x0000, 0x0000, 0x0000, 0x0000, 0x0000, 0x0000, 0x0000, 0x0000, 0x0000, 0x0000, 0x0000, 0x0000,
  0x0000, 0x7BEF, 0xFFFF, 0xFFDF, 0xFFFF, 0xD6BA, 0x0841, 0x0000, 0x0000, 0x0000, 0x0000, 0x0000,
  0x0000, 0x0000, 0x0000, 0x0000, 0x0000, 0x0000, 0x0000, 0x0000, 0x0000, 0x0000, 0x0000, 0x0000,
  0x0000, 0x0000, 0x0000, 0x0000, 0x0000, 0x0000, 0x0000, 0x0000, 0x0000, 0x0000, 0x0000, 0x0000,
  0x0000, 0x0000, 0x0000, 0x0000, 0x0000, 0x0000, 0x0000, 0x0000, 0x0000, 0x0000, 0x0000, 0x0000,
  0x0000, 0x0000, 0x0000, 0x0000, 0x0000, 0x0000, 0x0000, 0x0000, 0x0000, 0x0000, 0x0000, 0x0000,
  0x0000, 0x0000, 0x0000, 0x0000, 0x0000, 0x0000, 0x0000, 0x0000, 0x0000, 0x0000, 0x0000, 0x0841,
  0x0000, 0x10A2, 0x83CB, 0x51A0, 0x72E5, 0x3185, 0x4A26, 0x72A4, 0x5A02, 0x5A88, 0x10C0, 0x5220,
  0x72C6, 0x2944, 0x41C4, 0x6241, 0x51C2, 0x1061, 0x6243, 0x49A2, 0x10A0, 0x62A0, 0x5A23, 0x6A84,
  0x51C1, 0x62C5, 0x5A01, 0x49C2, 0x0000, 0x51C0, 0x6AA4, 0x2103, 0x4A04, 0x6241, 0x4182, 0x18A2,
  0x6201, 0x5A43, 0x18C2, 0x49E1, 0x6AA6, 0x6242, 0x3962, 0x18C2, 0x6261, 0x1060, 0x2104, 0x2944,
  0x4A49, 0xEF7D, 0xFFFF, 0xFFDF, 0xFFFF, 0x94B2, 0x0000, 0x0020, 0x0000, 0x0000, 0x0000, 0x0000,
  0x0000, 0x0000, 0x0000, 0x0000, 0x0000, 0x0000, 0xB595, 0xFFFF, 0xFFDF, 0xFFFF, 0xFFFF, 0xFFDF,
  0xFFFF, 0xD6BA, 0x31A6, 0x2965, 0x2124, 0x630C, 0xF7BE, 0xFFDF, 0xFFDF, 0xFFFF, 0xFFFF, 0xFFFF,
  0xD6BA, 0x0840, 0x0000, 0x0000, 0x0000, 0xB596, 0xFFFF, 0xFFDF, 0xFFFF, 0xFFDF, 0x9CF3, 0x7BCF,
  0x7BEF, 0x7BEF, 0x7BEF, 0x7BEF, 0x7BCF, 0xCE59, 0xFFFF, 0xFFDE, 0xFFFF, 0x6B6D, 0x0000, 0x0020,
  0x0000, 0x0000, 0x0000, 0x0020, 0x2104, 0x2965, 0x2945, 0x2945, 0x2945, 0x2945, 0x2965, 0x2965,
  0x2945, 0x2965, 0x2965, 0x2965, 0x2965, 0x2965, 0x2945, 0x2965, 0x10A2, 0x0000, 0x0000, 0x0000,
  0x0000, 0x0000, 0x0000, 0x0000, 0x0000, 0x0000, 0x0000, 0x0000, 0x0000, 0x0000, 0x0000, 0x0000,
  0x0000, 0x0000, 0x0000, 0x0000, 0x0000, 0x0000, 0x0000, 0x0000, 0x0000, 0x0000, 0x0000, 0x0000,
  0x0000, 0x0000, 0x0000, 0x0000, 0x0000, 0x0000, 0x0000, 0x0000, 0x0000, 0x0000, 0x0000, 0x0000,
  0x0000, 0x7BEF, 0xFFFF, 0xF7BE, 0xFFFF, 0xD6BA, 0x0841, 0x0000, 0x0000, 0x0000, 0x0000, 0x0000,
  0x0000, 0x0000, 0x0000, 0x1082, 0x2965, 0x2945, 0x2945, 0x2945, 0x2945, 0x2945, 0x2945, 0x2945,
  0x2965, 0x2945, 0x0000, 0x0000, 0x0000, 0x0000, 0x0000, 0x0000, 0x0000, 0x0000, 0x0000, 0x0000,
  0x0000, 0x0000, 0x0000, 0x0000, 0x0000, 0x0000, 0x0000, 0x0000, 0x0000, 0x0000, 0x0000, 0x0000,
  0x0000, 0x0000, 0x0000, 0x0000, 0x0000, 0x0000, 0x0000, 0x0000, 0x0000, 0x0000, 0x0000, 0x0000,
  0x0000, 0x0000, 0x0000, 0x0000, 0x0000, 0x0000, 0x0000, 0x0000, 0x0000, 0x0000, 0x2923, 0x7B2A,
  0x5AA8, 0x20C3, 0x18C1, 0x6A82, 0x6264, 0x6B09, 0x4A28, 0x41A5, 0x5A01, 0x5204, 0x0860, 0x51E0,
  0x6AA5, 0x2124, 0x39C5, 0x6242, 0x4982, 0x1082, 0x6222, 0x5A04, 0x5AA7, 0x6280, 0x5A23, 0x6A84,
  0x51C1, 0x62E6, 0x51C0, 0x6AE7, 0x5289, 0x51A0, 0x6AA4, 0x2103, 0x49E4, 0x6241, 0x3141, 0x1081,
  0x6221, 0x6243, 0x10A2, 0x3920, 0x6263, 0x5AA6, 0x2944, 0x6AEA, 0x6223, 0x0820, 0xC618, 0xFFFF,
  0xFFFF, 0xFFFF, 0xFFFF, 0xFFDF, 0xFFFF, 0x94B2, 0x0000, 0x0020, 0x0000, 0x0000, 0x0000, 0x0000,
  0x0000, 0x0000, 0x0000, 0x0000, 0x0000, 0x0000, 0xB595, 0xFFFF, 0xFFDF, 0xFFFF, 0xFFFF, 0xFFFF,
  0xFFFF, 0xFFFF, 0xFFFF, 0xFFDF, 0xFFFF, 0xFFFF, 0xFFFF, 0xFFFF, 0xFFFF, 0xFFFF, 0xFFFF, 0xFFFF,
  0xD6BA, 0x0840, 0x0000, 0x0000, 0x0000, 0xB596, 0xFFFF, 0xFFDF, 0xFFFF, 0xFFFF, 0xFFFF, 0xFFFF,
  0xFFFF, 0xFFFF, 0xFFFF, 0xFFFF, 0xFFFF, 0xFFFF, 0xFFFF, 0xFFDF, 0xFFFF, 0x6B6D, 0x0000, 0x0020,
  0x0000, 0x0000, 0x0000, 0x0000, 0xB5B6, 0xFFFF, 0xFFFF, 0xFFFF, 0xFFFF, 0xFFFF, 0xFFFF, 0xFFFF,
  0xFFFF, 0xFFFF, 0xFFDF, 0xFFDF, 0xFFDF, 0xFFFF, 0xFFFF, 0xFFFF, 0x6B4C, 0x0000, 0x0020, 0x0000,
  0x0000, 0x0000, 0x0000, 0x0000, 0x0000, 0x0000, 0x0000, 0x0000, 0x0000, 0x0000, 0x0000, 0x0000,
  0x0000, 0x0000, 0x0000, 0x0000, 0x0000, 0x0000, 0x0000, 0x0000, 0x0000, 0x0000, 0x0000, 0x0000,
  0x0000, 0x0000, 0x0000, 0x0000, 0x0000, 0x0000, 0x0000, 0x0000, 0x0000, 0x0000, 0x0000, 0x0020,
  0x0000, 0x7BCF, 0xFFFF, 0xFFDE, 0xFFFF, 0xD6BA, 0x0841, 0x0000, 0x0000, 0x0000, 0x0000, 0x0000,
  0x0000, 0x0020, 0x0000, 0x4A69, 0xFFDF, 0xFFFF, 0xFFFF, 0xFFFF, 0xFFFF, 0xFFFF, 0xFFFF, 0xFFFF,
  0xFFFF, 0xDEFB, 0x1082, 0x0000, 0x0000, 0x0000, 0x0000, 0x0000, 0x0000, 0x0000, 0x0000, 0x0000,
  0x0000, 0x0000, 0x0000, 0x0000, 0x0000, 0x0000, 0x0000, 0x0000, 0x0000, 0x0000, 0x0000, 0x0000,
  0x0000, 0x0000, 0x0000, 0x0000, 0x0000, 0x0000, 0x0000, 0x0000, 0x0000, 0x0000, 0x0000, 0x0000,
  0x0000, 0x0000, 0x0000, 0x0000, 0x0000, 0x0000, 0x0000, 0x0000, 0x0000, 0x0000, 0x4206, 0x7B28,
  0x6A84, 0x5A25, 0x10A0, 0x5A83, 0x49C4, 0x6242, 0x0840, 0x3186, 0x6242, 0x5204, 0x1080, 0x6261,
  0x72C6, 0x5267, 0x5A67, 0x5A01, 0x4980, 0x0862, 0x7329, 0x6244, 0x83A8, 0x6280, 0x6223, 0x6A84,
  0x51E1, 0x62C6, 0x51C0, 0x72C6, 0x7308, 0x6243, 0x7B69, 0x18C3, 0x4A05, 0x6221, 0x41A2, 0x5247,
  0x6263, 0x7B07, 0x20E3, 0x3940, 0x6A62, 0x5269, 0x1081, 0x6243, 0x3982, 0x0020, 0x4208, 0x5AEB,
  0xA534, 0xF7BE, 0xFFFF, 0xFFDF, 0xFFFF, 0x94B2, 0x0000, 0x0020, 0x0000, 0x0000, 0x0000, 0x0000,
  0x0000, 0x0000, 0x0000, 0x0000, 0x0000, 0x0000, 0xB595, 0xFFFF, 0xFFDF, 0xFFFF, 0xEF7D, 0x6B6D,
  0x5ACB, 0x52AA, 0x8430, 0xFFFF, 0xE73C, 0x630C, 0x5ACB, 0x630C, 0xC618, 0xFFFF, 0xFFFF, 0xFFFF,
  0xD6BA, 0x0840, 0x0000, 0x0000, 0x0000, 0xB596, 0xFFFF, 0xFFDF, 0xFFFF, 0xEF5D, 0x6B6D, 0x52AA,
  0x5ACB, 0x5ACA, 0x52AA, 0x5ACB, 0xD69A, 0xFFFF, 0xFFFF, 0xFFDF, 0xFFFF, 0x6B6D, 0x0000, 0x0020,
  0x0000, 0x0000, 0x0000, 0x0000, 0x4208, 0x5AEB, 0x5ACB, 0x5ACB, 0x5ACB, 0x5ACB, 0x5ACB, 0x5AEB,
  0xB5B6, 0xFFDF, 0xFFFF, 0xFFFF, 0xFFFF, 0xD6BA, 0x5AEB, 0x630C, 0x2124, 0x0000, 0x0000, 0x0000,
  0x0000, 0x0000, 0x0000, 0x0000, 0x0000, 0x0000, 0x0000, 0x0000, 0x0000, 0x0000, 0x0000, 0x0000,
  0x0000, 0x0000, 0x0000, 0x0000, 0x0000, 0x0000, 0x0000, 0x0000, 0x0000, 0x0000, 0x0000, 0x0000,
  0x0000, 0x0000, 0x0000, 0x0000, 0x0000, 0x0000, 0x0000, 0x0000, 0x0000, 0x0000, 0x0000, 0x0000,
  0x0000, 0x9492, 0xFFFF, 0xFFDF, 0xFFFF, 0xD6BA, 0x0841, 0x0000, 0x0000, 0x0000, 0x0000, 0x0000,
  0x0000, 0x0000, 0x0000, 0x632C, 0xFFFF, 0xCE79, 0x632C, 0x5ACB, 0x5AEB, 0x5AEB, 0x5ACB, 0x8C51,
  0xEF7D, 0xE73C, 0x0020, 0x0000, 0x0000, 0x0000, 0x0000, 0x0000, 0x0000, 0x0000, 0x0000, 0x0000,
  0x0000, 0x0000, 0x0000, 0x0000, 0x0000, 0x0000, 0x0000, 0x0000, 0x0000, 0x0000, 0x0000, 0x0000,
  0x0000, 0x0000, 0x0000, 0x0000, 0x0000, 0x0000, 0x0000, 0x0000, 0x0000, 0x0000, 0x0000, 0x0000,
  0x0000, 0x0000, 0x0000, 0x0000, 0x0000, 0x0000, 0x0040, 0x3161, 0x2922, 0x18C2, 0x0000, 0x49E7,
  0x7307, 0x6285, 0x5A25, 0x0000, 0x3982, 0x6AA4, 0x3963, 0x62EA, 0x7B48, 0x6265, 0x6AE8, 0x5AA9,
  0x51E3, 0x5A02, 0x7B49, 0x6AA4, 0x5A03, 0x3183, 0x0861, 0x3100, 0x7324, 0x6280, 0x6223, 0x6A84,
  0x51E1, 0x62C6, 0x51C1, 0x6284, 0x5A02, 0x6A62, 0x2942, 0x18C2, 0x5A66, 0x6222, 0x6AE7, 0x6284,
  0x51E2, 0x4207, 0x5246, 0x6244, 0x7B28, 0x4A07, 0x3984, 0x6AA4, 0x2900, 0x0000, 0x18A0, 0x1040,
  0x0000, 0xCE79, 0xFFFF, 0xFFDE, 0xFFFF, 0x94B2, 0x0000, 0x0020, 0x0000, 0x0000, 0x0000, 0x0000,
  0x0000, 0x0000, 0x0000, 0x0000, 0x0000, 0x0000, 0xB595, 0xFFFF, 0xFFDE, 0xFFFF, 0xAD75, 0x0000,
  0x0000, 0x0000, 0x0000, 0xF79E, 0x9CD3, 0x0000, 0x0000, 0x0000, 0x18C3, 0xEF7D, 0xFFFF, 0xFFFF,
  0xD6BA, 0x0840, 0x0000, 0x0000, 0x0000, 0xB596, 0xFFFF, 0xFFDE, 0xFFFF, 0xAD55, 0x0000, 0x0000,
  0x0000, 0x0000, 0x0000, 0x0000, 0x2965, 0xF7BE, 0xFFFF, 0xFFDF, 0xFFFF, 0x6B6D, 0x0000, 0x0020,
  0x0000, 0x0000, 0x0000, 0x0000, 0x0000, 0x0000, 0x0000, 0x0000, 0x0000, 0x0000, 0x0000, 0x0000,
  0x0841, 0xDEDB, 0xFFFF, 0xF7BE, 0xFFFF, 0x73AE, 0x0000, 0x0000, 0x0000, 0x0000, 0x0000, 0x0000,
  0x0000, 0x0000, 0x0000, 0x0000, 0x0000, 0x0000, 0x0000, 0x0000, 0x0000, 0x0000, 0x0000, 0x0000,
  0x0000, 0x0000, 0x0000, 0x0000, 0x0000, 0x0000, 0x0000, 0x0000, 0x0000, 0x0000, 0x0000, 0x0000,
  0x0000, 0x0000, 0x0000, 0x0000, 0x1082, 0x39E7, 0x31A6, 0x39C7, 0x39C7, 0x39C7, 0x39C7, 0x31A6,
  0x6B6D, 0xF7BE, 0xFFFF, 0xFFDF, 0xFFFF, 0xD6BA, 0x0841, 0x0000, 0x0000, 0x0000, 0x0000, 0x0000,
  0x1082, 0x39C7, 0x31A6, 0xCE79, 0xFFFF, 0x2945, 0x0000, 0x0000, 0x0000, 0x0000, 0x0000, 0x0000,
  0x8410, 0xFFFF, 0x6B4D, 0x31A6, 0x3186, 0x0000, 0x0000, 0x0000, 0x0000, 0x0000, 0x0000, 0x0000,
  0x0000, 0x0000, 0x0000, 0x0000, 0x0000, 0x0000, 0x0000, 0x0000, 0x0000, 0x0000, 0x0000, 0x0000,
  0x0000, 0x0000, 0x0000, 0x0000, 0x0000, 0x0000, 0x0000, 0x0000, 0x0000, 0x0000, 0x0000, 0x0000,
  0x0000, 0x0000, 0x0000, 0x0000, 0x0000, 0x0000, 0x0020, 0x49E5, 0x7307, 0x6264, 0x2902, 0x0020,
  0x10A2, 0x6264, 0x5A44, 0x0820, 0x2903, 0x5225, 0x6242, 0x6AA9, 0x18C3, 0x5A02, 0x8BCA, 0x4A8B,
  0x28C0, 0x6222, 0x41E4, 0x3965, 0x6223, 0x6286, 0x0000, 0x3100, 0x7B45, 0x6280, 0x6223, 0x6A84,
  0x51C1, 0x62C6, 0x51E0, 0x6AA4, 0x5A43, 0x6A42, 0x1881, 0x3981, 0x6263, 0x62C9, 0x41E6, 0x6242,
  0x3920, 0x0000, 0x4182, 0x6242, 0x1081, 0x0840, 0x6A43, 0x6286, 0x18A1, 0x0000, 0x41A3, 0x4161,
  0x0000, 0xCE79, 0xFFFF, 0xFFDE, 0xFFFF, 0x94B2, 0x0000, 0x0020, 0x0000, 0x0000, 0x0000, 0x0000,
  0x0000, 0x0000, 0x0000, 0x0000, 0x0000, 0x0000, 0xB595, 0xFFFF, 0xFFDE, 0xFFFF, 0xAD75, 0x0000,
  0x0020, 0x0000, 0x0000, 0xFFDE, 0x9CF3, 0x0000, 0x0841, 0x0000, 0x18C3, 0xEF7D, 0xFFFF, 0xFFFF,
  0xD6BA, 0x0840, 0x0000, 0x0000, 0x0000, 0xB596, 0xFFFF, 0xFFDE, 0xFFFF, 0xAD55, 0x0000, 0x0020,
  0x0000, 0x0000, 0x0020, 0x0020, 0x0841, 0xEF5D, 0xFFFF, 0xFFDF, 0xFFFF, 0x6B6D, 0x0000, 0x0020,
  0x0000, 0x0000, 0x0000, 0x0000, 0x0000, 0x0020, 0x0000, 0x0020, 0x0000, 0x0020, 0x0020, 0x0020,
  0x0861, 0xDEDB, 0xFFFF, 0xFFFF, 0xFFFF, 0x7BCF, 0x0000, 0x0020, 0x0000, 0x0000, 0x0000, 0x0000,
  0x0000, 0x0000, 0x0000, 0x0000, 0x0000, 0x0000, 0x0000, 0x0000, 0x0000, 0x0000, 0x0000, 0x0000,
  0x0000, 0x0000, 0x0000, 0x0000, 0x0000, 0x0000, 0x0000, 0x0000, 0x0000, 0x0000, 0x0000, 0x0000,
  0x0000, 0x0000, 0x0020, 0x0000, 0x4A69, 0xFFFF, 0xFFFF, 0xFFFF, 0xFFFF, 0xFFFF, 0xFFFF, 0xFFFF,
  0xFFFF, 0xFFFF, 0xFFFF, 0xFFFF, 0xFFFF, 0xD6BA, 0x0841, 0x0000, 0x0000, 0x0000, 0x0000, 0x0000,
  0x4228, 0xFFFF, 0xFFDF, 0xFFFF, 0xFFFF, 0x2124, 0x0020, 0x0841, 0x0020, 0x0020, 0x0841, 0x0000,
  0x7BCF, 0xFFFF, 0xFFFF, 0xFFFF, 0xD6BA, 0x0841, 0x0000, 0x0000, 0x0000, 0x0000, 0x0000, 0x0000,
  0x0000, 0x0000, 0x0000, 0x0000, 0x0000, 0x0000, 0x0000, 0x0000, 0x0000, 0x0000, 0x0000, 0x0000,
  0x0000, 0x0000, 0x0000, 0x0000, 0x0000, 0x0000, 0x0000, 0x0000, 0x0000, 0x0000, 0x0000, 0x0000,
  0x0000, 0x0000, 0x0000, 0x0000, 0x0020, 0x0020, 0x0000, 0x0021, 0x5247, 0x5A23, 0x5A23, 0x2902,
  0x0861, 0x62A6, 0x5A44, 0x6203, 0x2062, 0x3142, 0x6242, 0x5204, 0x3144, 0x5A66, 0x5A44, 0x6286,
  0x6AE7, 0x6243, 0x3143, 0x4A60, 0x6221, 0x5225, 0x0000, 0x3100, 0x7325, 0x6280, 0x6223, 0x6A84,
  0x51E1, 0x62C6, 0x51C0, 0x6AA4, 0x5A23, 0x6A42, 0x20C1, 0x3940, 0x6242, 0x5AA9, 0x3143, 0x5A23,
  0x6AA5, 0x6AE7, 0x5A24, 0x5A45, 0x3984, 0x3122, 0x6243, 0x51E4, 0x0841, 0x41A3, 0x5203, 0x2902,
  0x0000, 0xCE79, 0xFFFF, 0xFFDE, 0xFFFF, 0x94B2, 0x0000, 0x0020, 0x0020, 0x0000, 0x0000, 0x0000,
  0x0000, 0x0000, 0x0000, 0x0000, 0x0000, 0x0000, 0xB595, 0xFFFF, 0xFFDE, 0xFFFF, 0xAD75, 0x0000,
  0x0000, 0x0000, 0x0000, 0x4A49, 0x2965, 0x0000, 0x0000, 0x0000, 0x18C3, 0xEF7D, 0xFFFF, 0xFFFF,
  0xD6BA, 0x0840, 0x0000, 0x0000, 0x0000, 0xB596, 0xFFFF, 0xFFDE, 0xFFFF, 0xAD55, 0x0000, 0x0000,
  0x0000, 0x0000, 0x0000, 0x0000, 0x1082, 0xEF5D, 0xFFFF, 0xFFDF, 0xFFFF, 0x6B6D, 0x0000, 0x0020,
  0x0000, 0x0000, 0x0000, 0x0000, 0x0000, 0x0000, 0x0000, 0x0000, 0x0000, 0x0000, 0x0000, 0x0000,
  0x0020, 0xDEFB, 0xF7BE, 0x5ACB, 0x528A, 0x2124, 0x0000, 0x0000, 0x0000, 0x0000, 0x0000, 0x0000,
  0x0000, 0x0000, 0x0000, 0x0000, 0x0000, 0x0000, 0x0000, 0x0000, 0x0000, 0x0000, 0x0000, 0x0000,
  0x0000, 0x0000, 0x0000, 0x0000, 0x0000, 0x0000, 0x0000, 0x0000, 0x0000, 0x0000, 0x0000, 0x0000,
  0x0000, 0x0000, 0x0000, 0x0000, 0x4228, 0xFFFF, 0xDEFB, 0x5ACB, 0x4A69, 0x4A69, 0x4A69, 0x4A49,
  0x8410, 0xFFDF, 0xFFFF, 0xFFDF, 0xFFFF, 0xD6BA, 0x0841, 0x0000, 0x0000, 0x0000, 0x0000, 0x0000,
  0x4228, 0xFFFF, 0xFFFF, 0xFFFF, 0xFFFF, 0x4228, 0x0000, 0x0000, 0x0000, 0x0000, 0x0000, 0x0000,
  0x9CD3, 0xFFFF, 0xF7BE, 0xFFFF, 0xD6BA, 0x0841, 0x0000, 0x0000, 0x0000, 0x0000, 0x0000, 0x0000,
  0x0000, 0x0000, 0x0000, 0x0000, 0x0000, 0x0000, 0x0000, 0x0000, 0x0000, 0x0000, 0x0000, 0x0000,
  0x0000, 0x0000, 0x0000, 0x0000, 0x0000, 0x0000, 0x0000, 0x0000, 0x0000, 0x0000, 0x0000, 0x0000,
  0x0000, 0x0000, 0x0000, 0x0841, 0x72E8, 0x6AC8, 0x39A5, 0x0000, 0x0000, 0x3184, 0x6265, 0x6AC5,
  0x61E4, 0x0841, 0x6286, 0x5A44, 0x7B49, 0x4A27, 0x4A05, 0x6242, 0x51E2, 0x18E3, 0x5A02, 0x6201,
  0x39A5, 0x3982, 0x6A63, 0x8B87, 0x5A01, 0x5225, 0x0000, 0x3100, 0x7345, 0x62A0, 0x6223, 0x6A84,
  0x51C1, 0x62E5, 0x51C0, 0x6AA4, 0x5A23, 0x6A42, 0x1861, 0x3120, 0x6221, 0x734A, 0x6263, 0x49E4,
  0x41E6, 0x72E6, 0x6A84, 0x2944, 0x6266, 0x6222, 0x49E4, 0x41A5, 0x72E7, 0x6285, 0x41C4, 0x0000,
  0x0000, 0xCE79, 0xFFFF, 0xFFDE, 0xFFFF, 0x9492, 0x0820, 0x5245, 0x7B4A, 0x18A3, 0x0000, 0x0000,
  0x0000, 0x0000, 0x0000, 0x0000, 0x0000, 0x0000, 0xB595, 0xFFFF, 0xFFDE, 0xFFFF, 0xAD75, 0x0000,
  0x0000, 0x0000, 0x0000, 0x0000, 0x0000, 0x0000, 0x0000, 0x0000, 0x18C3, 0xEF7D, 0xFFFF, 0xFFFF,
  0xD6BA, 0x0840, 0x0000, 0x0000, 0x0000, 0xB596, 0xFFFF, 0xFFDE, 0xFFFF, 0xAD55, 0x0000, 0x0000,
  0x0000, 0x0000, 0x0000, 0x0000, 0x0861, 0xEF5D, 0xFFFF, 0xFFDF, 0xFFFF, 0x6B6D, 0x0000, 0x0020,
  0x0000, 0x0000, 0x0000, 0x0000, 0x0000, 0x0000, 0x0000, 0x0000, 0x0000, 0x0000, 0x39C7, 0x4A49,
  0x9CF3, 0xFFFF, 0x9CF3, 0x0000, 0x0000, 0x0000, 0x0000, 0x0000, 0x0000, 0x0000, 0x0000, 0x0000,
  0x0000, 0x0000, 0x0000, 0x0000, 0x0000, 0x0000, 0x0000, 0x0000, 0x0000, 0x0000, 0x0000, 0x0000,
  0x0000, 0x0000, 0x0000, 0x0000, 0x0000, 0x0000, 0x0000, 0x0000, 0x0000, 0x0000, 0x0000, 0x0000,
  0x0000, 0x1082, 0x4A49, 0x4208, 0xB596, 0xFFFF, 0x4A49, 0x0000, 0x0000, 0x0000, 0x0000, 0x0000,
  0x0000, 0x9CD3, 0xFFFF, 0xFFDF, 0xFFFF, 0xD6BA, 0x0841, 0x0000, 0x0000, 0x0000, 0x0000, 0x0000,
  0x4228, 0xFFFF, 0xFFFF, 0xFFFF, 0xFFFF, 0xDEFB, 0x4A69, 0x4228, 0x4228, 0x4228, 0x4A48, 0x9CF3,
  0xFFDF, 0xFFFF, 0xFFDF, 0xFFFF, 0xD6BA, 0x0841, 0x0000, 0x0000, 0x0000, 0x0000, 0x0000, 0x0000,
  0x0000, 0x0000, 0x0000, 0x0000, 0x0000, 0x0000, 0x0000, 0x0000, 0x0000, 0x0000, 0x0000, 0x0000,
  0x0000, 0x0000, 0x0000, 0x0000, 0x0000, 0x0000, 0x0000, 0x0000, 0x0000, 0x0000, 0x0000, 0x0000,
  0x0000, 0x0000, 0x0000, 0x0000, 0x39A5, 0x7B07, 0x72E7, 0x39A4, 0x0000, 0x0000, 0x5247, 0x6A85,
  0x5A03, 0x3985, 0x0840, 0x49A0, 0x6A63, 0x2964, 0x39A5, 0x7264, 0x6264, 0x7329, 0x6264, 0x6284,
  0x4A06, 0x4962, 0x5A01, 0x7AC9, 0x59E3, 0x6AA6, 0x3185, 0x30E0, 0x7325, 0x5A40, 0x5A23, 0x72A5,
  0x51E1, 0x6AA6, 0x51C0, 0x6A84, 0x5A22, 0x5A02, 0x4A05, 0x5203, 0x5A23, 0x6267, 0x51C1, 0x5A44,
  0x5247, 0x6AA5, 0x72E6, 0x7307, 0x6285, 0x6AA5, 0x4164, 0x18A1, 0x6221, 0x5204, 0x0001, 0x1081,
  0x0820, 0xCE59, 0xFFFF, 0xFFDE, 0xFFFF, 0x8C92, 0x1040, 0x5A45, 0x3164, 0x0000, 0x0000, 0x0000,
  0x0000, 0x0000, 0x0000, 0x0000, 0x0000, 0x0000, 0xB595, 0xFFFF, 0xFFDE, 0xFFFF, 0xAD75, 0x0000,
  0x0000, 0x0000, 0x0000, 0x0000, 0x0000, 0x0000, 0x0000, 0x0000, 0x18C3, 0xEF7D, 0xFFFF, 0xFFFF,
  0xD6BA, 0x0840, 0x0000, 0x0000, 0x0000, 0xB596, 0xFFFF, 0xFFDE, 0xFFFF, 0xAD55, 0x0000, 0x0000,
  0x0000, 0x0000, 0x0000, 0x0000, 0x0861, 0xEF5D, 0xFFFF, 0xFFDF, 0xFFFF, 0x6B6D, 0x0000, 0x0020,
  0x0000, 0x0000, 0x0000, 0x0000, 0x0000, 0x0000, 0x0000, 0x0000, 0x0000, 0x0000, 0xCE79, 0xFFFF,
  0xFFFF, 0xFFFF, 0x8410, 0x0000, 0x0020, 0x0000, 0x0000, 0x0000, 0x0000, 0x0000, 0x0000, 0x0000,
  0x0000, 0x0000, 0x0000, 0x0000, 0x0000, 0x0000, 0x0000, 0x0000, 0x0000, 0x0000, 0x0000, 0x0000,
  0x0000, 0x0000, 0x0000, 0x0000, 0x0000, 0x0000, 0x0000, 0x0000, 0x0000, 0x0000, 0x0000, 0x0000,
  0x0000, 0x4208, 0xFFFF, 0xFFFF, 0xFFFF, 0xFFFF, 0x2945, 0x0000, 0x0020, 0x0000, 0x0000, 0x0020,
  0x0000, 0x7BCF, 0xFFFF, 0xFFDE, 0xFFFF, 0xD6BA, 0x0841, 0x0000, 0x0000, 0x0000, 0x0000, 0x0000,
  0x4228, 0xFFFF, 0xFFFF, 0xFFFF, 0xFFFF, 0xFFFF, 0xFFFF, 0xFFFF, 0xFFFF, 0xFFFF, 0xFFFF, 0xFFFF,
  0xFFFF, 0xFFFF, 0xFFFF, 0xFFFF, 0xD6BA, 0x0841, 0x0000, 0x0000, 0x0000, 0x0000, 0x0000, 0x0000,
  0x0000, 0x0000, 0x0000, 0x0000, 0x0000, 0x0000, 0x0000, 0x0000, 0x0000, 0x0000, 0x0000, 0x0000,
  0x0000, 0x0000, 0x0000, 0x0000, 0x0000, 0x0000, 0x0000, 0x0000, 0x0000, 0x0000, 0x0000, 0x0000,
  0x0000, 0x0020, 0x41A4, 0x20E2, 0x0000, 0x3984, 0x6AA6, 0x6263, 0x41C5, 0x1082, 0x2103, 0x62A6,
  0x6A84, 0x6AC6, 0x39A4, 0x5245, 0x72E7, 0x72C6, 0x2923, 0x6144, 0x6201, 0x5A45, 0x41C4, 0x5A22,
  0x72C6, 0x6285, 0x51E1, 0x7327, 0x9426, 0x6AA4, 0x49C2, 0x3120, 0x7285, 0x6A45, 0x6AE6, 0x6264,
  0x51E0, 0x6A64, 0x6285, 0x6AC6, 0x6243, 0x5A63, 0x6AE6, 0x6223, 0x7349, 0x6A25, 0x51C1, 0x72C6,
  0x6A84, 0x6244, 0x4A47, 0x51C1, 0x6242, 0x5AA8, 0x2103, 0x72E6, 0x6264, 0x49E4, 0x20E3, 0x51E3,
  0x0820, 0xCE59, 0xFFFF, 0xFFDE, 0xFFFF, 0x9492, 0x0820, 0x18C2, 0x0000, 0x3184, 0x41C5, 0x0881,
  0x0000, 0x0000, 0x0000, 0x0000, 0x0020, 0x0000, 0xB595, 0xFFFF, 0xFFDE, 0xFFFF, 0xAD75, 0x0000,
  0x0020, 0x0000, 0x0000, 0x0000, 0x0000, 0x0000, 0x0020, 0x0000, 0x18C3, 0xEF7D, 0xFFFF, 0xFFFF,
  0xD6BA, 0x0840, 0x0000, 0x0000, 0x0000, 0xB596, 0xFFFF, 0xFFDE, 0xFFFF, 0xAD55, 0x0000, 0x0000,
  0x0000, 0x0000, 0x0000, 0x0000, 0x0861, 0xEF5D, 0xFFFF, 0xFFDF, 0xFFFF, 0x6B6D, 0x0000, 0x0020,
  0x0000, 0x0000, 0x0000, 0x0000, 0x0000, 0x0000, 0x0841, 0x0000, 0x0000, 0x18C3, 0xE71C, 0xDEFB,
  0x4A69, 0x4A49, 0x2945, 0x0000, 0x0000, 0x0000, 0x0000, 0x0000, 0x0000, 0x0000, 0x0000, 0x0000,
  0x0000, 0x0000, 0x0000, 0x0000, 0x0000, 0x0000, 0x0000, 0x0000, 0x0000, 0x0000, 0x0000, 0x0000,
  0x0000, 0x0000, 0x0000, 0x0000, 0x0000, 0x0000, 0x0000, 0x0000, 0x0000, 0x0000, 0x0000, 0x0000,
  0x0000, 0x4207, 0xFFFF, 0xFFDF, 0xFFDF, 0xFFFF, 0x3186, 0x0000, 0x0000, 0x0000, 0x0000, 0x0000,
  0x0000, 0x7BEF, 0xFFFF, 0xFFDE, 0xFFFF, 0xD6BA, 0x0841, 0x0000, 0x0000, 0x0000, 0x0000, 0x0000,
  0x4228, 0xFFFF, 0xFFFF, 0xFFFF, 0xFFFF, 0xDEDB, 0x4A49, 0x4208, 0x4208, 0x4208, 0x4208, 0x39E7,
  0x4208, 0x4208, 0x4208, 0x4208, 0x31A6, 0x0000, 0x0000, 0x0000, 0x0000, 0x0000, 0x0000, 0x0000,
  0x0000, 0x0000, 0x0000, 0x0000, 0x0000, 0x0000, 0x0000, 0x0000, 0x0000, 0x0000, 0x0000, 0x0000,
  0x0000, 0x0000, 0x0000, 0x0000, 0x0000, 0x0000, 0x0000, 0x0000, 0x0000, 0x0000, 0x0000, 0x0000,
  0x0000, 0x0820, 0x6244, 0x7AE6, 0x49C2, 0x3124, 0x3123, 0x6242, 0x6A84, 0x5A67, 0x0820, 0x18E0,
  0x3962, 0x6264, 0x6265, 0x1904, 0x62A7, 0x51A1, 0x6264, 0x6308, 0x51E1, 0x6264, 0x5A64, 0x5200,
  0x6A85, 0x6AA6, 0x6A86, 0x5A02, 0x72E3, 0x6263, 0x3940, 0x28E1, 0x51E3, 0x7327, 0x8BAB, 0x5180,
  0x51C0, 0x51A0, 0x7AE7, 0x6A85, 0x51E2, 0x3964, 0x49E3, 0x51C0, 0x7308, 0x5A43, 0x6243, 0x72E7,
  0x5A01, 0x6264, 0x6A87, 0x5A02, 0x5A22, 0x6B08, 0x6265, 0x5A42, 0x3140, 0x0000, 0x5204, 0x49C2,
  0x0000, 0xCE79, 0xFFFF, 0xFFDE, 0xFFFF, 0x94B2, 0x0000, 0x1081, 0x5A44, 0x72E5, 0x6244, 0x6964,
  0x0840, 0x0840, 0x0000, 0x0000, 0x0000, 0x0000, 0xB595, 0xFFFF, 0xFFDE, 0xFFFF, 0xAD75, 0x0000,
  0x0000, 0x0000, 0x0000, 0x0000, 0x0000, 0x0000, 0x0000, 0x0000, 0x18C3, 0xEF7D, 0xFFFF, 0xFFFF,
  0xD6BA, 0x0840, 0x0000, 0x0000, 0x0000, 0xB596, 0xFFFF, 0xFFDE, 0xFFFF, 0xAD55, 0x0000, 0x0000,
  0x0000, 0x0000, 0x0000, 0x0000, 0x0861, 0xEF5D, 0xFFFF, 0xFFDF, 0xFFFF, 0x6B6D, 0x0000, 0x0020,
  0x0000, 0x0000, 0x0000, 0x0000, 0x0000, 0x0020, 0x0861, 0x18C3, 0x52AA, 0xBDD7, 0xFFFF, 0x94B2,
  0x0000, 0x0000, 0x0000, 0x0000, 0x0000, 0x0000, 0x0000, 0x0000, 0x0000, 0x0000, 0x0000, 0x0020,
  0x0000, 0x0000, 0x0020, 0x0000, 0x0000, 0x0020, 0x0000, 0x0000, 0x0000, 0x4208, 0x52AA, 0x5289,
  0x52AA, 0x2945, 0x0000, 0x0000, 0x0000, 0x0000, 0x0000, 0x0000, 0x0000, 0x0000, 0x0000, 0x0020,
  0x0000, 0x4207, 0xFFFF, 0xFFFF, 0xFFDF, 0xFFFF, 0x3186, 0x0000, 0x0000, 0x0000, 0x0000, 0x0000,
  0x0000, 0x7BEF, 0xFFFF, 0xFFDE, 0xFFFF, 0xD6BA, 0x0841, 0x0000, 0x0000, 0x0000, 0x0000, 0x0000,
  0x4228, 0xFFFF, 0xFFDF, 0xFFFF, 0xFFFF, 0x4208, 0x0000, 0x0000, 0x0000, 0x0000, 0x0000, 0x0000,
  0x0000, 0x0000, 0x0000, 0x0000, 0x0000, 0x0000, 0x0000, 0x0000, 0x0000, 0x0000, 0x0000, 0x0000,
  0x0000, 0x0000, 0x0000, 0x0000, 0x0000, 0x0000, 0x0000, 0x0000, 0x0000, 0x0000, 0x0000, 0x0000,
  0x0000, 0x0000, 0x0000, 0x0000, 0x0000, 0x0000, 0x0000, 0x0000, 0x0000, 0x0000, 0x0000, 0x0000,
  0x0000, 0x0000, 0x0840, 0x3942, 0x6242, 0x6A84, 0x3102, 0x2821, 0x6244, 0x6263, 0x5204, 0x1061,
  0x0020, 0x6A44, 0x5A23, 0x5A03, 0x1861, 0x3983, 0x5A01, 0x6AA5, 0x10A1, 0x5A23, 0x7307, 0x4A05,
  0x4181, 0x6223, 0x72E8, 0x51E0, 0x7264, 0x7264, 0x7A64, 0x8A86, 0x7A65, 0x7A64, 0x8A85, 0x8264,
  0x8244, 0x8264, 0x8A85, 0x8285, 0x7A44, 0x8286, 0x7264, 0x6A22, 0x7AE7, 0x51C0, 0x5A45, 0x6A85,
  0x4180, 0x2902, 0x5224, 0x6202, 0x1060, 0x18A1, 0x6A42, 0x5204, 0x18A2, 0x6265, 0x6263, 0x3121,
  0x0000, 0xCE79, 0xFFFF, 0xFFDE, 0xFFFF, 0x9492, 0x0000, 0x41A1, 0x5A23, 0x5204, 0x6B09, 0xAC6E,
  0xB510, 0xACD0, 0x7B6B, 0x7B4C, 0x4A07, 0x0840, 0xAD75, 0xFFFF, 0xFFDE, 0xFFFF, 0xAD55, 0x0820,
  0x39A5, 0x41C6, 0x5268, 0x62C9, 0x39A5, 0x41C6, 0x4207, 0x0820, 0x10A2, 0xEF7D, 0xFFFF, 0xFFFF,
  0xD6BA, 0x0840, 0x0020, 0x0840, 0x0000, 0xB596, 0xFFFF, 0xFFDE, 0xFFFF, 0xAD55, 0x0000, 0x0020,
  0x0841, 0x0861, 0x0841, 0x0000, 0x0861, 0xEF5D, 0xFFFF, 0xFFDF, 0xFFFF, 0x6B6D, 0x0000, 0x0000,
  0x0000, 0x0841, 0x0020, 0x0000, 0x0840, 0x1082, 0x0000, 0x4A49, 0xFFFF, 0xFFFF, 0xFFFF, 0x9492,
  0x0000, 0x0020, 0x0020, 0x0000, 0x0020, 0x0020, 0x0020, 0x0020, 0x0000, 0x0000, 0x0000, 0x0000,
  0x0000, 0x0000, 0x0000, 0x0000, 0x0000, 0x0000, 0x0000, 0x0000, 0x0020, 0xD6BA, 0xFFFF, 0xFFFF,
  0xFFFF, 0x8C51, 0x0000, 0x0000, 0x0000, 0x0000, 0x0000, 0x0000, 0x0000, 0x0000, 0x0000, 0x0000,
  0x0000, 0x4208, 0xFFFF, 0xFFDF, 0xFFFF, 0xFFFF, 0x2945, 0x0000, 0x0020, 0x0020, 0x0020, 0x0020,
  0x0000, 0x7BCE, 0xFFFF, 0xFFDE, 0xFFFF, 0xD6BA, 0x0841, 0x0000, 0x0000, 0x0000, 0x0000, 0x0000,
  0x4228, 0xFFFF, 0xFFFF, 0xFFDF, 0xFFFF, 0x18E3, 0x0000, 0x0000, 0x0000, 0x0000, 0x0000, 0x0000,
  0x0000, 0x0000, 0x0000, 0x0000, 0x0000, 0x0000, 0x0000, 0x0000, 0x0000, 0x0000, 0x0000, 0x0000,
  0x0000, 0x0000, 0x0000, 0x0000, 0x0000, 0x0000, 0x0000, 0x0000, 0x0000, 0x0000, 0x0000, 0x0000,
  0x0000, 0x0000, 0x0000, 0x0000, 0x0000, 0x0000, 0x0000, 0x0000, 0x0000, 0x0000, 0x0000, 0x0800,
  0x61A0, 0x10E0, 0x0000, 0x0000, 0x4A04, 0x6A84, 0x6AC4, 0x7320, 0x80E2, 0x51E3, 0x6A63, 0x3142,
  0x0000, 0x30A1, 0x72E5, 0x59C0, 0x7327, 0x7B69, 0x51E1, 0x5A21, 0x49E2, 0x6A85, 0x6A64, 0x5A62,
  0x5204, 0x59E1, 0x7AC7, 0x7A84, 0x8A86, 0x7A43, 0x8264, 0x9285, 0x9285, 0x9285, 0x8A85, 0x8A85,
  0x8A85, 0x8A85, 0x8A85, 0x9285, 0x9285, 0x92A5, 0x8264, 0x7A43, 0x8AA6, 0x7A64, 0x7266, 0x6243,
  0x51C2, 0x5205, 0x6223, 0x6263, 0x5224, 0x51E2, 0x4182, 0x1880, 0x0000, 0x3101, 0x20A0, 0x0000,
  0x0000, 0xCE79, 0xFFFF, 0xF7BE, 0xFFFF, 0x94B2, 0x0000, 0x1060, 0x0860, 0x1082, 0x7B8C, 0x83ED,
  0xB532, 0xBD93, 0xCDD5, 0xBD94, 0xBD94, 0x2944, 0xAD55, 0xFFFF, 0xF7BE, 0xFFFF, 0xA514, 0x2923,
  0xB552, 0xBD73, 0xC5D4, 0xCDF4, 0xBD93, 0xBD93, 0xBD93, 0x7BAD, 0x20E3, 0xEF5D, 0xFFFF, 0xFFFF,
  0xD699, 0x18C2, 0x83AD, 0x8C2E, 0x18C2, 0xAD55, 0xFFFF, 0xF7BE, 0xFFFF, 0xA514, 0x18C2, 0x946F,
  0xAD11, 0xBD52, 0x944F, 0x732B, 0x18A2, 0xEF5C, 0xFFFF, 0xFFDE, 0xFFFF, 0x632C, 0x3144, 0x83CD,
  0x7B8D, 0xC573, 0xACF1, 0x41E6, 0x1082, 0x0820, 0x0000, 0x73AE, 0xFFDF, 0xF7BE, 0xFFDF, 0xB596,
  0x0000, 0x0000, 0x0000, 0x0000, 0x0000, 0x0000, 0x0000, 0x0000, 0x0000, 0x2104, 0x5A88, 0x7B6C,
  0x2104, 0x39A6, 0x83CE, 0x20E3, 0x5289, 0x632B, 0x18A2, 0x0820, 0x0820, 0xCE79, 0xFFFF, 0xF7BE,
  0xFFFF, 0x8430, 0x0000, 0x0861, 0x1081, 0x0861, 0x0861, 0x0861, 0x0841, 0x0861, 0x0841, 0x0020,
  0x0000, 0x0000, 0x3186, 0x2965, 0xA514, 0xFFFF, 0x52AA, 0x0000, 0x0000, 0x0000, 0x0000, 0x0000,
  0x0000, 0xA514, 0xFFFF, 0xFFDE, 0xFFFF, 0xD6BA, 0x0841, 0x0000, 0x0000, 0x0000, 0x0000, 0x0000,
  0x0841, 0x52AA, 0xF7BF, 0xFFFF, 0xFFFF, 0x52AA, 0x0000, 0x0020, 0x0000, 0x0000, 0x0000, 0x0000,
  0x0000, 0x0000, 0x0000, 0x0000, 0x0000, 0x0000, 0x0000, 0x0000, 0x0000, 0x0000, 0x0000, 0x0000,
  0x0000, 0x0000, 0x0000, 0x0000, 0x0000, 0x0000, 0x0000, 0x0000, 0x0000, 0x0000, 0x0000, 0x0000,
  0x0000, 0x0000, 0x0000, 0x0000, 0x0000, 0x0000, 0x0000, 0x0000, 0x0000, 0x0000, 0x0000, 0x3961,
  0x82C4, 0x7321, 0x4A46, 0x39C7, 0x0061, 0x5286, 0x72E5, 0x72E2, 0x30C0, 0x7BA5, 0x62C6, 0x5A02,
  0x49E2, 0x10C0, 0x5282, 0x51E1, 0x6243, 0x6B48, 0x62C7, 0x6A63, 0x51E1, 0x62A6, 0x49C2, 0x59C1,
  0x8285, 0x7A23, 0x92A6, 0x92A6, 0x8A65, 0x8A65, 0x8A65, 0x8A85, 0x8A85, 0x8A85, 0x8A85, 0x8A85,
  0x8A85, 0x8A85, 0x8A85, 0x8A85, 0x8A85, 0x8A85, 0x8A65, 0x8A65, 0x8A85, 0x92A6, 0x92C6, 0x7A23,
  0x8285, 0x6A43, 0x5A24, 0x62A5, 0x6282, 0x6223, 0x0840, 0x39E8, 0x630C, 0x5ACB, 0x5AEC, 0x5AEB,
  0x8410, 0xFFFF, 0xFFFF, 0xFFFF, 0xFFFF, 0xEF7D, 0xCE79, 0xCE79, 0xCE79, 0xCE79, 0xCE59, 0x6B2C,
  0x6AE8, 0xACF1, 0xAD12, 0xAD12, 0xAD32, 0x2944, 0xAD55, 0xFFFF, 0xFFDF, 0xFFFF, 0xA534, 0x2964,
  0xBD94, 0xB574, 0xBD94, 0xBDB4, 0xBDB5, 0xBD94, 0xB594, 0x9CB1, 0x2124, 0xEF7D, 0xFFFF, 0xFFFF,
  0xD69A, 0x2124, 0xA4D2, 0xB574, 0x3165, 0xAD55, 0xFFFF, 0xFFDF, 0xFFFF, 0xA514, 0x3185, 0xB574,
  0xB574, 0xBD94, 0xBD94, 0x9CB1, 0x18E3, 0xEF5D, 0xFFFF, 0xFFFF, 0xFFFF, 0x632C, 0x5248, 0xCE16,
  0xC5B5, 0xB574, 0xC5D5, 0x7BAD, 0x18C3, 0x6B6D, 0x9492, 0xFFFF, 0xFFFF, 0xFFFF, 0xFFFF, 0xFFFF,
  0xB5B6, 0x6B6D, 0x738E, 0x738D, 0x738D, 0x738D, 0x6B6D, 0x73AE, 0x4208, 0x9C91, 0xC5B5, 0xCE16,
  0xB554, 0xB574, 0xD678, 0xB554, 0xC5D6, 0xCE16, 0xA4F2, 0x8C2F, 0x18E3, 0xCE79, 0xFFFF, 0xFFDF,
  0xFFFF, 0x8410, 0x18C3, 0x9450, 0xB554, 0xBDB5, 0xB554, 0xB553, 0xAD33, 0xBD74, 0xB553, 0x9CB1,
  0x7BCE, 0x4A48, 0x4227, 0x18A2, 0x4208, 0xFFFF, 0xEF7D, 0x738D, 0x5AEB, 0x630C, 0x630C, 0x5AEB,
  0x94B2, 0xFFFF, 0xFFFF, 0xFFFF, 0xFFFF, 0xD6BA, 0x0841, 0x0000, 0x0000, 0x0000, 0x0000, 0x0000,
  0x0000, 0x0000, 0x7BCF, 0xEF5D, 0xFFFF, 0xF79E, 0xCE79, 0xD699, 0xCE79, 0xCE79, 0xCE79, 0xCE79,
  0xD69A, 0xBDD7, 0x0861, 0x0000, 0x0000, 0x0000, 0x0000, 0x0000, 0x0000, 0x0000, 0x0000, 0x0000,
  0x0000, 0x0000, 0x0000, 0x0000, 0x0000, 0x0000, 0x0000, 0x0000, 0x0000, 0x0000, 0x0000, 0x0000,
  0x0000, 0x0000, 0x0000, 0x0000, 0x0000, 0x0000, 0x0000, 0x0000, 0x0000, 0x0000, 0x0000, 0x10A1,
  0x7364, 0x72E5, 0x7B27, 0x7B49, 0x4964, 0x0000, 0x2923, 0x5A63, 0x6A84, 0x7349, 0x7385, 0x7B27,
  0x6243, 0x5205, 0x0000, 0x5224, 0x6A84, 0x51E3, 0x5A89, 0x4A26, 0x41C5, 0x526A, 0x4A48, 0x4A06,
  0x5A48, 0x5A26, 0x69C3, 0x8244, 0x8A85, 0x8A85, 0x8A85, 0x8A85, 0x8A85, 0x8A85, 0x8A85, 0x8A85,
  0x8A85, 0x8A85, 0x8A85, 0x8A85, 0x8A65, 0x8A85, 0x92A5, 0x9285, 0x8244, 0x8224, 0x69C3, 0x5A27,
  0x5A28, 0x49E6, 0x4A68, 0x4A69, 0x41E6, 0x3184, 0x0000, 0xB5B6, 0xFFFF, 0xFFFF, 0xFFFF, 0xFFFF,
  0xFFFF, 0xFFFF, 0xFFDF, 0xFFDF, 0xFFDF, 0xFFFF, 0xFFFF, 0xFFFF, 0xFFFF, 0xFFFF, 0xFFFF, 0x8430,
  0x6B0A, 0x8BEE, 0x8BEE, 0x8C0F, 0x83EE, 0x20E3, 0xA534, 0xFFDF, 0xF79E, 0xFFDF, 0x9CF3, 0x18C3,
  0x8C0F, 0x8BEE, 0x940F, 0x9450, 0x9470, 0x942F, 0x8C50, 0x738D, 0x18E3, 0xE73C, 0xFFDF, 0xF7DF,
  0xCE59, 0x18E3, 0x83EE, 0x944F, 0x2103, 0xA534, 0xFFDF, 0xF79E, 0xFFDF, 0x9CD3, 0x2124, 0x9CD2,
  0xA513, 0xAD33, 0xA512, 0x8C50, 0x10A2, 0xDEDB, 0xF79E, 0xEF7D, 0xF79E, 0x5ACB, 0x4A28, 0xB595,
  0xAD54, 0xAD54, 0xB595, 0x6B2C, 0x2104, 0xA514, 0xA513, 0x94B2, 0x94B2, 0x94B2, 0x94B2, 0x94B2,
  0x9CF3, 0xA514, 0xA514, 0xA514, 0xA514, 0xA514, 0x9D13, 0xA514, 0x52AA, 0x9CF3, 0xAD96, 0xAD75,
  0xB5B6, 0xB5B6, 0xAD76, 0xB5B7, 0xB5B6, 0xAD96, 0xB5B6, 0xA534, 0x2945, 0xC638, 0xFFDF, 0xF79E,
  0xFFDF, 0x73AE, 0x4208, 0xBDF8, 0xB5B7, 0xBDD7, 0xBDD7, 0xB5D7, 0xB5D7, 0xB5D7, 0xBDD7, 0xBDD7,
  0xB5D7, 0xB596, 0xB5B6, 0x5B0C, 0x39E7, 0xFFDF, 0xF7BE, 0xFFFF, 0xFFFF, 0xFFFF, 0xFFFF, 0xFFFF,
  0xFFFF, 0xFFDE, 0xFFDE, 0xF7BE, 0xFFDF, 0xD699, 0x0841, 0x0000, 0x0000, 0x0000, 0x0000, 0x0000,
  0x0000, 0x0020, 0x0000, 0x632C, 0xFFDF, 0xFFDE, 0xFFFF, 0xFFFF, 0xFFFF, 0xFFFF, 0xFFFF, 0xFFFF,
  0xFFFF, 0xE73C, 0x0861, 0x0000, 0x0000, 0x0000, 0x0000, 0x0000, 0x0000, 0x0000, 0x0000, 0x0000,
  0x0000, 0x0000, 0x0000, 0x0000, 0x0000, 0x0000, 0x0000, 0x0000, 0x0000, 0x0000, 0x0000, 0x0000,
  0x0000, 0x0000, 0x0000, 0x0000, 0x0000, 0x0000, 0x0000, 0x0000, 0x0021, 0x39A5, 0x3984, 0x18C2,
  0x0020, 0x0840, 0x41C5, 0x6B07, 0x81E3, 0x3924, 0x0000, 0x2123, 0x7B6A, 0x6244, 0x4A03, 0x4984,
  0x6AA6, 0x72C6, 0x5A66, 0x0841, 0x3144, 0x4A06, 0x4A49, 0x7BCF, 0xAD55, 0x9CD1, 0xA513, 0xB596,
  0xAD96, 0xA534, 0x7BCE, 0x5207, 0x28C1, 0x71E3, 0x92A5, 0x8A85, 0x8A65, 0x8A85, 0x8A85, 0x8A85,
  0x8A85, 0x8A85, 0x8A85, 0x8A85, 0x9285, 0x9285, 0x7A03, 0x61C4, 0x5A07, 0x5A47, 0x7BCE, 0xA535,
  0xAD96, 0xB5B6, 0xA4F3, 0x9CD2, 0xA535, 0x73CF, 0x2965, 0x18C3, 0x2124, 0x2945, 0x2945, 0x2945,
  0x2124, 0x2124, 0x2944, 0x2945, 0x2945, 0x2145, 0x2145, 0x2945, 0x2945, 0x2945, 0x2945, 0x2124,
  0x83CE, 0x9C70, 0x83CD, 0x9493, 0x9493, 0x2104, 0x18E3, 0x3186, 0x2965, 0x3186, 0x18E3, 0x2966,
  0x8431, 0x7BF0, 0x8C52, 0x8411, 0x8410, 0x83F0, 0x938D, 0x92CA, 0x1841, 0x3124, 0x3144, 0x3165,
  0x2903, 0x2082, 0x730C, 0x738E, 0x3186, 0x18E3, 0x2965, 0x2945, 0x2965, 0x18C3, 0x39E7, 0x83AE,
  0x83EE, 0x83CE, 0x83CE, 0x738D, 0x39A6, 0x528A, 0x5AAA, 0x5269, 0x5AAA, 0x39E7, 0x5289, 0x8BEF,
  0x83EF, 0x83CE, 0x83CF, 0x62EB, 0x2124, 0x18A2, 0x18C3, 0x18C3, 0x1082, 0x10A2, 0x18A2, 0x1082,
  0x1082, 0x1082, 0x1082, 0x1061, 0x1082, 0x1082, 0x1082, 0x1082, 0x2965, 0x8410, 0x8C51, 0x9C92,
  0x9492, 0x9492, 0x9CD3, 0x9CB3, 0x9CB3, 0x9CF4, 0x9CB3, 0x9492, 0x4A28, 0x18E3, 0x2965, 0x2945,
  0x2945, 0x2104, 0x62EC, 0xA514, 0xA514, 0xAD76, 0xAD76, 0xAD75, 0xAD76, 0xB596, 0xB596, 0xAD96,
  0xAD76, 0xAD56, 0xAD76, 0x7C10, 0x2945, 0x2945, 0x2945, 0x2924, 0x2124, 0x2944, 0x2945, 0x2945,
  0x2945, 0x2945, 0x2945, 0x2945, 0x2965, 0x2124, 0x0000, 0x0000, 0x0000, 0x0000, 0x0000, 0x0000,
  0x0000, 0x0000, 0x0000, 0x0841, 0x2945, 0x2944, 0x2124, 0x2124, 0x2124, 0x2124, 0x2124, 0x2124,
  0x2944, 0x2104, 0x0000, 0x0000, 0x0000, 0x0000, 0x0000, 0x0000, 0x0000, 0x0000, 0x0000, 0x0000,
  0x0000, 0x0000, 0x0000, 0x0000, 0x0000, 0x0000, 0x0000, 0x0000, 0x0000, 0x0000, 0x0000, 0x0000,
  0x0000, 0x0000, 0x0000, 0x0000, 0x0000, 0x0000, 0x0000, 0x0000, 0x0021, 0x62C8, 0x8B89, 0x7328,
  0x41E4, 0x1081, 0x0000, 0x41E5, 0x7BA8, 0x7307, 0x5A66, 0x0020, 0x1903, 0x5A46, 0x72C6, 0x41C4,
  0x2103, 0x5A88, 0x41A4, 0x20E3, 0x5AEC, 0xA534, 0x8C0E, 0xB595, 0xB5B6, 0x9CB1, 0xA513, 0xB5B6,
  0xB596, 0xB5B6, 0xBDD7, 0xAD75, 0x7BF0, 0x5A68, 0x28C2, 0x61C3, 0x9AA5, 0x8A65, 0x8A85, 0x8A85,
  0x8A85, 0x8A85, 0x8A85, 0x8A85, 0x7A24, 0x6205, 0x41A5, 0x4A69, 0xAD75, 0xAD96, 0xB5D7, 0xB5B6,
  0xB596, 0xB5B6, 0xA4F2, 0x9CB1, 0xB596, 0xB596, 0x9CF3, 0x6B4D, 0x31A6, 0x0020, 0x20E2, 0x18A1,
  0x0000, 0x20E1, 0x3962, 0x0000, 0x0000, 0x0000, 0x28E1, 0x3962, 0x5A68, 0x5AA9, 0x62CA, 0x734B,
  0x7B8B, 0x83AB, 0x7B8C, 0x83EF, 0x738F, 0x5ACB, 0x4A6A, 0x4A6A, 0x4229, 0x4A4A, 0x528B, 0x6B6F,
  0x8C73, 0x8C73, 0x9D37, 0x94D5, 0x94D4, 0xA556, 0x94AF, 0xA4ED, 0x7C0B, 0x73CA, 0x6B68, 0x6B48,
  0x7BCA, 0x83EB, 0x8411, 0x9517, 0x8433, 0x73D1, 0x528B, 0x4208, 0x5AAA, 0x6B2C, 0x8C0F, 0x8C50,
  0x9C91, 0x9471, 0x9450, 0x9450, 0x83EF, 0x736D, 0x738D, 0x6B4C, 0x736D, 0x83EF, 0x83EF, 0x8C30,
  0x9471, 0x8C30, 0x8C30, 0x83CE, 0x7BCE, 0x7BCE, 0x738D, 0x736D, 0x7B8E, 0x736D, 0x736D, 0x738E,
  0x738D, 0x738E, 0x738D, 0x6B4D, 0x736E, 0x738E, 0x736D, 0x7BAE, 0x7BCF, 0x738E, 0x83CF, 0x8410,
  0x7BCF, 0x83EF, 0x83F0, 0x83EF, 0x83F0, 0x7BAF, 0x738E, 0x7BAF, 0x6B4D, 0x528A, 0x528A, 0x526A,
  0x4A49, 0x630C, 0x7BCF, 0x7BAF, 0x7BCF, 0x7BCF, 0x7BCF, 0x83F0, 0x8C51, 0x8410, 0x73AF, 0x7BD0,
  0x7BF0, 0x7BF0, 0x8411, 0x8431, 0x738E, 0x526A, 0x526A, 0x4A49, 0x4A49, 0x4A4A, 0x4A49, 0x526A,
  0x526A, 0x4A6A, 0x528A, 0x526A, 0x4A28, 0x4A27, 0x0841, 0x0000, 0x0000, 0x0000, 0x0000, 0x0000,
  0x0000, 0x0000, 0x0000, 0x0000, 0x0000, 0x0000, 0x0000, 0x0000, 0x0000, 0x0000, 0x0000, 0x0000,
  0x0000, 0x0000, 0x0000, 0x0000, 0x0000, 0x0000, 0x0000, 0x0000, 0x0000, 0x0000, 0x0000, 0x0000,
  0x0000, 0x0000, 0x0000, 0x0000, 0x0000, 0x0000, 0x0000, 0x0000, 0x0000, 0x0000, 0x0000, 0x0000,
  0x0000, 0x0000, 0x0000, 0x0000, 0x0000, 0x0000, 0x0000, 0x0000, 0x0000, 0x0000, 0x2903, 0x6287,
  0x838A, 0x6AE7, 0x49E5, 0x1081, 0x1081, 0x6B08, 0x7308, 0x5A45, 0x3143, 0x2925, 0x5A88, 0x838A,
  0x6A84, 0x1881, 0x39C6, 0x9C90, 0x9CD2, 0xB595, 0xAD75, 0xAD95, 0xB596, 0xB5B7, 0xB596, 0xB596,
  0xB596, 0xB596, 0xB595, 0xB596, 0xBDD7, 0xB5B7, 0x4249, 0x4123, 0x8244, 0x92A5, 0x8A65, 0x8A85,
  0x8A85, 0x8A85, 0x8A65, 0x9AC6, 0x38E1, 0x4228, 0xB5D7, 0xB596, 0xB596, 0xB596, 0xB596, 0xB596,
  0xB596, 0xB596, 0xB596, 0xB5B6, 0xAD75, 0xAD55, 0xAD55, 0xAD55, 0xA534, 0x4A69, 0x1904, 0x20C1,
  0x5A45, 0x4A06, 0x18A2, 0x0820, 0x2102, 0x49E4, 0x5225, 0x6287, 0x83CE, 0x83EE, 0x732A, 0x7309,
  0x7B6B, 0x8BEE, 0x9470, 0x83EE, 0x7BAE, 0x83EE, 0x7BAD, 0x7B8D, 0x7BAE, 0x7B8D, 0x7BAE, 0x7BAE,
  0x7BAE, 0x83EF, 0x7BAE, 0x7BCF, 0x83EF, 0x7BCF, 0x7472, 0x6CD3, 0x6451, 0x6451, 0x6451, 0x6431,
  0x6451, 0x6410, 0x738F, 0x7BB0, 0x6B2D, 0x738F, 0x6B4D, 0x7BAD, 0x8C2F, 0x8C30, 0x9470, 0x8C50,
  0x9471, 0x9C91, 0x9450, 0x9471, 0x8C0F, 0x83CE, 0x840F, 0x83EF, 0x83EF, 0x8C30, 0x8C0F, 0x9450,
  0x9491, 0x8C50, 0x9451, 0x8C30, 0x7BCE, 0x83EF, 0x7BCF, 0x7BAE, 0x83EF, 0x7BAE, 0x7BAE, 0x83EF,
  0x7BAE, 0x7BAF, 0x83CF, 0x7BAE, 0x7BAF, 0x83CF, 0x7BAE, 0x7BCF, 0x8C30, 0x8C30, 0x9472, 0x9492,
  0x8C31, 0x9492, 0x9492, 0x8C51, 0x9492, 0x9492, 0x8C31, 0x8C51, 0x8C51, 0x8410, 0x8410, 0x7BF0,
  0x7BEF, 0x8C51, 0x8431, 0x8C51, 0x94B3, 0x8C72, 0x8C51, 0x9CB3, 0x9D15, 0x8493, 0x8473, 0x8494,
  0x8494, 0x73B0, 0x622A, 0x6AED, 0x8C93, 0x8C51, 0x8C72, 0x8C92, 0x8451, 0x8C52, 0x8C72, 0x8431,
  0x8431, 0x8C51, 0x8431, 0x8C31, 0x7BAE, 0x83CD, 0x18E3, 0x0000, 0x0000, 0x0000, 0x0000, 0x0000,
  0x0000, 0x0000, 0x0000, 0x0000, 0x0000, 0x0000, 0x0000, 0x0000, 0x0000, 0x0000, 0x0000, 0x0000,
  0x0000, 0x0000, 0x0000, 0x0000, 0x0000, 0x0000, 0x0000, 0x0000, 0x0000, 0x0000, 0x0000, 0x0000,
  0x0000, 0x0000, 0x0000, 0x0000, 0x0000, 0x0000, 0x0000, 0x0000, 0x0000, 0x0000, 0x0000, 0x0000,
  0x0000, 0x0000, 0x0000, 0x0000, 0x0000, 0x0000, 0x0000, 0x0841, 0x0841, 0x0000, 0x0000, 0x0000,
  0x2104, 0x3163, 0x5A65, 0x6A85, 0x20C1, 0x0841, 0x18A1, 0x5202, 0x72C5, 0x4A05, 0x1081, 0x3164,
  0x20C0, 0x4A07, 0x9CF4, 0xAD34, 0x9470, 0xB596, 0xB596, 0xB596, 0xB596, 0xB596, 0xB596, 0xB596,
  0xB596, 0xB596, 0xB596, 0xB596, 0xAD75, 0xB596, 0xBDD7, 0x5ACB, 0x3922, 0x8244, 0x9285, 0x8A85,
  0x8A85, 0x8A65, 0x9AA5, 0x5142, 0x4A28, 0x94B2, 0xB5B6, 0xB596, 0xB596, 0xB596, 0xB596, 0xB596,
  0xB596, 0xB596, 0xB596, 0xB596, 0xB596, 0xAD75, 0xAD75, 0xAD55, 0xA534, 0xAD75, 0x5B0C, 0x18C2,
  0x39A4, 0x0861, 0x0861, 0x3983, 0x6263, 0x3983, 0x2103, 0x8BEE, 0x7B6A, 0x6AC7, 0x83AC, 0x8C0E,
  0x9C91, 0x9C70, 0x9C90, 0xA4B1, 0x9C90, 0x9C90, 0x8C2F, 0x942F, 0x942F, 0x8C0E, 0x9450, 0x942F,
  0x942F, 0x9C90, 0x9450, 0x9C70, 0x9470, 0x8C0F, 0x9C50, 0x940E, 0x8BEE, 0x940F, 0x83CD, 0x8BEE,
  0x8BEF, 0x83AE, 0x8C0F, 0x8BEE, 0x83AE, 0x83EF, 0x8C0F, 0x8C30, 0x8C30, 0x8C2F, 0x9470, 0x8C50,
  0x8C50, 0x9C91, 0x9450, 0x9450, 0x9450, 0x840F, 0x8C0F, 0x8C30, 0x840F, 0x9450, 0x8C30, 0x8C30,
  0x9471, 0x8C50, 0x8C50, 0x8C30, 0x840F, 0x8C30, 0x840F, 0x83EF, 0x8C10, 0x840F, 0x83EF, 0x8C10,
  0x83EF, 0x83CF, 0x8C10, 0x8410, 0x8410, 0x8C30, 0x83EF, 0x840F, 0x8C50, 0x8C10, 0x8C51, 0x9472,
  0x8C31, 0x8C71, 0x9472, 0x8C51, 0x9472, 0x9471, 0x8430, 0x8C51, 0x8C31, 0x8410, 0x8C31, 0x8410,
  0x83F0, 0x8C51, 0x8C51, 0x8C31, 0x9492, 0x94B3, 0x8C72, 0x9CD4, 0x8CB4, 0x8474, 0x94F5, 0x8CB4,
  0x8494, 0x632E, 0x40C4, 0x4167, 0x8C92, 0x8C51, 0x8C51, 0x9492, 0x8451, 0x8C51, 0x94B3, 0x8C72,
  0x8C72, 0x9492, 0x8C51, 0x8C72, 0x7BCE, 0x9C6F, 0x5A88, 0x0000, 0x0000, 0x0000, 0x0000, 0x0000,
  0x0000, 0x0000, 0x0000, 0x0000, 0x0000, 0x0000, 0x0000, 0x0000, 0x0000, 0x0000, 0x0000, 0x0000,
  0x0000, 0x0000, 0x0000, 0x0000, 0x0000, 0x0000, 0x0000, 0x0000, 0x0000, 0x0000, 0x0000, 0x0000,
  0x0000, 0x0000, 0x0000, 0x0000, 0x0000, 0x0000, 0x0000, 0x0000, 0x0000, 0x0000, 0x0000, 0x0000,
  0x0000, 0x0000, 0x0000, 0x0000, 0x0000, 0x0000, 0x0841, 0x7B69, 0x6AC6, 0x5A45, 0x4A25, 0x2123,
  0x0000, 0x0000, 0x1061, 0x6266, 0x6AC6, 0x6B09, 0x39A5, 0x20C2, 0x3984, 0x6AA6, 0x72E8, 0x1081,
  0x4A6A, 0xA534, 0xBDD7, 0xB596, 0xB5B7, 0xB596, 0xB596, 0xB596, 0xB596, 0xB596, 0xB596, 0xB596,
  0xB596, 0xB596, 0xB596, 0xB596, 0xB596, 0xB596, 0xB575, 0xBDD7, 0x6B6D, 0x3103, 0x8265, 0x8A65,
  0x8A85, 0x92A5, 0x4922, 0x4A48, 0x9CF3, 0xBDD7, 0xAD75, 0xB596, 0xB596, 0xB596, 0xB596, 0xB596,
  0xB596, 0xB596, 0xB596, 0xB596, 0xB596, 0xB596, 0xB596, 0xB596, 0xAD75, 0xAD75, 0xBDD7, 0x6B6D,
  0x2104, 0x4A27, 0x6AC7, 0x5204, 0x20E1, 0x2103, 0x6B09, 0x9C6E, 0x83AB, 0x9C4E, 0xBD73, 0xBD93,
  0xBD94, 0xBD93, 0xAD11, 0x942D, 0x83AB, 0x9C8F, 0xB573, 0xB573, 0xB553, 0xB552, 0xB553, 0xB553,
  0xB532, 0xB553, 0xB553, 0xB553, 0xB532, 0xAD12, 0xAD32, 0xA4F1, 0xA4F1, 0xAD12, 0xA4D1, 0xA4D1,
  0xA4F2, 0x9CB1, 0xA4D2, 0xA4D2, 0xA4D2, 0xA4D2, 0x9470, 0x9C91, 0x9CB1, 0x9470, 0x9C91, 0x9C91,
  0x9450, 0x9C91, 0x9471, 0x9470, 0x9471, 0x8C0F, 0x8C30, 0x9471, 0x8C30, 0x9450, 0x9450, 0x8C30,
  0x9450, 0x8C30, 0x8C2F, 0x9450, 0x8C30, 0x8C30, 0x8C50, 0x83EF, 0x8C30, 0x8C30, 0x8C10, 0x8C30,
  0x8C30, 0x840F, 0x8C30, 0x8C30, 0x83F0, 0x8C30, 0x8C10, 0x83F0, 0x8C51, 0x8C30, 0x8C31, 0x9451,
  0x8C10, 0x8C31, 0x8C51, 0x8C30, 0x8C51, 0x8C51, 0x8410, 0x8C31, 0x8C31, 0x8410, 0x8C31, 0x8C51,
  0x8C31, 0x8C51, 0x8C51, 0x8430, 0x9472, 0x9472, 0x8C72, 0x94B3, 0x94B3, 0x7C11, 0x8411, 0x8432,
  0x7C11, 0x8411, 0x73B0, 0x8C93, 0x94B3, 0x8C51, 0x8C92, 0x9492, 0x8C72, 0x9492, 0x94D3, 0x8C72,
  0x8C72, 0x94B3, 0x8C72, 0x9492, 0x7BCE, 0xACF0, 0x8C0D, 0x0000, 0x0000, 0x0000, 0x0000, 0x0000,
  0x0000, 0x0000, 0x0000, 0x0000, 0x0000, 0x0000, 0x0000, 0x0000, 0x0000, 0x0000, 0x0000, 0x0000,
  0x0000, 0x0000, 0x0000, 0x0000, 0x0000, 0x0000, 0x0000, 0x0000, 0x0000, 0x0000, 0x0000, 0x0000,
  0x0000, 0x0000, 0x0000, 0x0000, 0x0000, 0x0000, 0x0000, 0x0000, 0x0000, 0x0000, 0x0000, 0x0000,
  0x0000, 0x0000, 0x0000, 0x0000, 0x0000, 0x0000, 0x0020, 0x3163, 0x2901, 0x4A05, 0x7B49, 0x8389,
  0x62C7, 0x2103, 0x0000, 0x0021, 0x3164, 0x5205, 0x8369, 0x6AE7, 0x3164, 0x2965, 0x39A6, 0x3143,
  0x8C0E, 0xB596, 0xAD75, 0xB596, 0xB596, 0xB596, 0xB596, 0xB596, 0xB596, 0xB596, 0xB596, 0xB596,
  0xB596, 0xB596, 0xB596, 0xB596, 0xB596, 0xB596, 0xB596, 0xB596, 0xBDD7, 0x738E, 0x1860, 0x9285,
  0x8A65, 0x4943, 0x528A, 0xA534, 0xBDD7, 0xAD75, 0xB596, 0xB596, 0xB596, 0xB596, 0xB596, 0xB596,
  0xB596, 0xB596, 0xB596, 0xB596, 0xB596, 0xB596, 0xB596, 0xB596, 0xB596, 0xB596, 0xB596, 0xBDD7,
  0x7BEF, 0x0861, 0x39A4, 0x2902, 0x5246, 0x7328, 0x838A, 0x9C6F, 0xB532, 0xC594, 0xBD94, 0xBD73,
  0xACD0, 0x940C, 0x8BEC, 0xA4B0, 0xAD32, 0xB553, 0xBD94, 0xBDB4, 0xBDB4, 0xBDB4, 0xBDB4, 0xBDB4,
  0xBDB4, 0xBDB4, 0xC5D4, 0xC5D4, 0xC5D4, 0xC5D5, 0xC5D5, 0xC5D5, 0xC5D5, 0xC5D5, 0xC5D5, 0xC5D5,
  0xC5D5, 0xC5F6, 0xC5D5, 0xC5D5, 0xC5D5, 0xBDD5, 0xBDD5, 0xBDD5, 0xBDB5, 0xBDB5, 0xBDB5, 0xBDB5,
  0xBD95, 0xB595, 0xB595, 0xBDB5, 0xB595, 0xB574, 0xB595, 0xB574, 0xB554, 0xAD54, 0xAD54, 0xAD13,
  0xAD33, 0xAD33, 0xA513, 0xA513, 0xA513, 0xA513, 0xA4F3, 0x9CB2, 0x9CD3, 0x9CD3, 0x9CB2, 0x9CD2,
  0x9CB2, 0x9492, 0x9492, 0x94B2, 0x9492, 0x9492, 0x8C51, 0x9471, 0x9492, 0x8C51, 0x9471, 0x9492,
  0x8C51, 0x8C51, 0x9472, 0x8C31, 0x8C31, 0x8C71, 0x8C51, 0x8C51, 0x8C51, 0x8410, 0x8C31, 0x8C51,
  0x8C31, 0x8C51, 0x8C51, 0x8431, 0x8C51, 0x8C51, 0x8C31, 0x9472, 0x8C51, 0x8C51, 0x9CD4, 0x94B3,
  0x9493, 0x9CD4, 0x94B3, 0x94D4, 0x9CD4, 0x9472, 0x9493, 0x94B3, 0x8431, 0x8C72, 0x94B3, 0x8C72,
  0x9493, 0x9492, 0x8C51, 0x9492, 0x7BAE, 0xBD52, 0x9C6F, 0x0000, 0x0000, 0x0000, 0x0000, 0x0000,
  0x0000, 0x0000, 0x0000, 0x0000, 0x0000, 0x0000, 0x0000, 0x0000, 0x0000, 0x0000, 0x0000, 0x0000,
  0x0000, 0x0000, 0x0000, 0x0000, 0x0000, 0x0000, 0x0000, 0x0000, 0x0000, 0x0000, 0x0000, 0x0000,
  0x0000, 0x0000, 0x0000, 0x0000, 0x0000, 0x0000, 0x0000, 0x0000, 0x0000, 0x0000, 0x0000, 0x0000,
  0x0000, 0x0000, 0x0000, 0x0000, 0x0000, 0x0000, 0x0000, 0x0000, 0x0000, 0x0000, 0x18C3, 0x5247,
  0x7B49, 0x7B48, 0x5246, 0x20E2, 0x0000, 0x0000, 0x18E3, 0x5AA8, 0x8389, 0x51E3, 0x0840, 0x8C71,
  0x9C8F, 0x9CB1, 0xB5B6, 0xB596, 0xB596, 0xB596, 0xB596, 0xB596, 0xB596, 0xB596, 0xB596, 0xB596,
  0xB596, 0xB596, 0xB596, 0xB596, 0xB596, 0xB596, 0xB596, 0xAD75, 0xBDF7, 0x6B8E, 0x0800, 0x9AC6,
  0x8245, 0x0840, 0x8C92, 0xBDF7, 0xAD75, 0xB596, 0xB596, 0xB596, 0xB596, 0xB596, 0xB596, 0xB596,
  0xB596, 0xB596, 0xB596, 0xB596, 0xB596, 0xB596, 0xB596, 0xB596, 0xB596, 0xB596, 0xAD75, 0xBDF7,
  0x7BCF, 0x0000, 0x83CD, 0x72C5, 0x72E7, 0x8BEC, 0xB553, 0xBD74, 0xBD94, 0xBD53, 0xA4B0, 0x8BEB,
  0x8C0C, 0xA4D1, 0xBD74, 0xC5B5, 0xC5D5, 0xC5D6, 0xC5B5, 0xBD94, 0xBD94, 0xBD94, 0xBDB4, 0xBDB4,
  0xBD94, 0xBDB4, 0xBDB4, 0xBDB4, 0xBDB4, 0xBDB5, 0xBDB4, 0xBDB5, 0xBDB5, 0xBDB5, 0xBDB5, 0xBDB5,
  0xBDD5, 0xBDD5, 0xBDD5, 0xBDD5, 0xBDD5, 0xBDD5, 0xBDD5, 0xBDB5, 0xBDD5, 0xBDD5, 0xBDD5, 0xBDD5,
  0xBDD5, 0xBDD5, 0xBDD5, 0xBDD5, 0xBDD6, 0xBDD6, 0xBDD6, 0xBDD6, 0xBDD6, 0xBDD6, 0xBDD6, 0xBDF6,
  0xBDD6, 0xBDD6, 0xBDD6, 0xBDD6, 0xBDD6, 0xBDD6, 0xBDD6, 0xBDD6, 0xBDD6, 0xBDD6, 0xBDD6, 0xB5B6,
  0xB5B6, 0xB5B6, 0xB5B6, 0xB5B6, 0xB5B6, 0xB5B6, 0xB5B6, 0xB5B6, 0xB5B6, 0xB596, 0xB5B6, 0xB5B6,
  0xB596, 0xB596, 0xB596, 0xB596, 0xB596, 0xAD96, 0xB596, 0xB596, 0xAD76, 0xAD76, 0xAD76, 0xAD55,
  0xA555, 0xAD76, 0xAD55, 0xA555, 0xAD55, 0xAD56, 0xA555, 0xAD56, 0xA555, 0xA555, 0xAD76, 0xA535,
  0xA535, 0xA556, 0x9D15, 0xA515, 0xA535, 0xA535, 0xA535, 0xA515, 0x9CD3, 0x9CF4, 0x9CD3, 0x94B3,
  0x9CD3, 0x9CD3, 0x9492, 0x9472, 0x7B8D, 0xACF0, 0x83CD, 0x0000, 0x0000, 0x0000, 0x0000, 0x0000,
  0x0000, 0x0000, 0x0000, 0x0000, 0x0000, 0x0000, 0x0000, 0x0000, 0x0000, 0x0000, 0x0000, 0x0000,
  0x0000, 0x0000, 0x0000, 0x0000, 0x0000, 0x0000, 0x0000, 0x0000, 0x0000, 0x0000, 0x0000, 0x0000,
  0x0000, 0x0000, 0x0000, 0x0000, 0x0000, 0x0000, 0x0000, 0x0000, 0x0000, 0x0000, 0x0000, 0x0000,
  0x0000, 0x0000, 0x0000, 0x0000, 0x0000, 0x39C6, 0x7307, 0x6A63, 0x6285, 0x3162, 0x0020, 0x0860,
  0x0021, 0x3164, 0x6A64, 0x7B26, 0x49C3, 0x39C3, 0x0000, 0x0021, 0x5A25, 0x4981, 0x1081, 0x8C92,
  0xBDF8, 0xB596, 0xB596, 0xB596, 0xB596, 0xB596, 0xB596, 0xB596, 0xB596, 0xB596, 0xB596, 0xB596,
  0xB596, 0xB596, 0xB596, 0xB596, 0xB596, 0xB596, 0xB596, 0xB596, 0xB5B6, 0x94B2, 0x4A48, 0x5183,
  0x8244, 0x1881, 0x8430, 0xBDD7, 0xB596, 0xB596, 0xB596, 0xB596, 0xB596, 0xB596, 0xB596, 0xB596,
  0xB596, 0xB596, 0xB596, 0xB596, 0xB596, 0xB596, 0xB596, 0xB596, 0xB596, 0xB596, 0xB596, 0xB5B6,
  0x9CD3, 0x4A49, 0x3985, 0x51E1, 0x1081, 0xA4B1, 0xC5B4, 0xB532, 0x9C8E, 0x8BEC, 0x942D, 0xACF1,
  0xBDB5, 0xC5B5, 0xBDB5, 0xB573, 0x9C8F, 0x8BEB, 0x9C8F, 0xBDB4, 0xBDB4, 0xBDB4, 0xBDB5, 0xBDB5,
  0xBDB5, 0xBDB5, 0xC5B5, 0xBDD5, 0xC5D5, 0xC5D5, 0xC5D5, 0xC5D5, 0xC5D5, 0xC5D5, 0xC5D5, 0xBDD5,
  0xBDD5, 0xBDD5, 0xBDD5, 0xBDD5, 0xBDD5, 0xBDD5, 0xBDD5, 0xBDD5, 0xBDD5, 0xBDD5, 0xBDD5, 0xBDD5,
  0xBDD5, 0xBDD5, 0xBDD5, 0xBDD5, 0xBDD6, 0xBDD6, 0xBDD5, 0xBDD6, 0xBDD6, 0xBDD6, 0xBDD6, 0xBDB6,
  0xBDB6, 0xBDB6, 0xB5B6, 0xB5B6, 0xB5B6, 0xB5B6, 0xB5B6, 0xB5B6, 0xB5B6, 0xB5B6, 0xB596, 0xB5B6,
  0xB5B6, 0xB5B6, 0xB5B6, 0xB5B6, 0xB596, 0xB5B6, 0xB5B6, 0xB5B6, 0xB5B6, 0xB5B6, 0xB5B6, 0xB5B6,
  0xB5B7, 0xB5B6, 0xB5B7, 0xB5B7, 0xB5B7, 0xB5B7, 0xB5B7, 0xB5B7, 0xB5B7, 0xB5D7, 0xB5B7, 0xB5D7,
  0xB5D7, 0xB5D7, 0xB5F7, 0xBDF8, 0xBDF8, 0xBDF8, 0xBDF8, 0xBE18, 0xBE19, 0xBE39, 0xBE18, 0xBE39,
  0xBE39, 0xBE19, 0xBE39, 0xBE39, 0xBE19, 0xBE18, 0xBE18, 0xBE39, 0xBE39, 0xC638, 0xC618, 0xC638,
  0xC638, 0xBE38, 0xBE38, 0xC638, 0xAD33, 0x9C4E, 0x5267, 0x0000, 0x0000, 0x0000, 0x0000, 0x0000,
  0x0000, 0x0000, 0x0000, 0x0000, 0x0000, 0x0000, 0x0000, 0x0000, 0x0000, 0x0000, 0x0000, 0x0000,
  0x0000, 0x0000, 0x0000, 0x0000, 0x0000, 0x0000, 0x0000, 0x0000, 0x0000, 0x0000, 0x0000, 0x0000,
  0x0000, 0x0000, 0x0000, 0x0000, 0x0000, 0x0000, 0x0000, 0x0000, 0x0000, 0x0000, 0x0000, 0x0000,
  0x0000, 0x0000, 0x0000, 0x0000, 0x0000, 0x1082, 0x3121, 0x2920, 0x5A43, 0x6A84, 0x7B26, 0x62A1,
  0x3122, 0x10A2, 0x0821, 0x3162, 0x6281, 0x7B05, 0x6A86, 0x3101, 0x0000, 0x0862, 0x0861, 0x8C71,
  0xBDD6, 0xAD75, 0xB596, 0xB596, 0xB596, 0xB596, 0xB596, 0xB596, 0xB596, 0xB596, 0xB596, 0xB596,
  0xB596, 0xB596, 0xB596, 0xB596, 0xB596, 0xB596, 0xB596, 0xB596, 0xAD75, 0xBDF7, 0x8C92, 0x1040,
  0x7A24, 0x1881, 0x8431, 0xBDD7, 0xAD75, 0xB596, 0xB596, 0xB596, 0xB596, 0xB596, 0xB596, 0xB596,
  0xB596, 0xB596, 0xB596, 0xB596, 0xB596, 0xB596, 0xB596, 0xB596, 0xB596, 0xB596, 0xB596, 0xAD75,
  0xBDF7, 0x9CD3, 0x1082, 0x0020, 0x39E6, 0xC594, 0x9C2D, 0x8BEB, 0x942D, 0xB532, 0xC5D5, 0xC5B5,
  0xAD32, 0xAD11, 0x9C6E, 0x8BEC, 0x9C8F, 0xAD11, 0xB532, 0xBDB5, 0xBDB4, 0xBDB5, 0xBDB5, 0xBDB5,
  0xBDB5, 0xBDB5, 0xC5D5, 0xC5D5, 0xC5D5, 0xC5D5, 0xC5D5, 0xC5D5, 0xBDD5, 0xBDD5, 0xBDD5, 0xBDD5,
  0xBDD5, 0xBDD5, 0xBDD5, 0xBDD5, 0xBDD5, 0xBDD5, 0xBDD5, 0xBDD5, 0xBDD5, 0xBDD5, 0xBDB5, 0xBDD5,
  0xBDD6, 0xBDD6, 0xBDD6, 0xBDD6, 0xBDD6, 0xBDD6, 0xBDD6, 0xBDD6, 0xBDD6, 0xBDD6, 0xBDD7, 0xBDD6,
  0xBDD6, 0xBDD6, 0xBDD7, 0xBDD7, 0xBDD6, 0xBDB6, 0xB5B6, 0xBDD7, 0xBDD6, 0xB5B6, 0xB5B6, 0xB5B6,
  0xB5B6, 0xBDD7, 0xB5B6, 0xB5B7, 0xB5B7, 0xB5B6, 0xB5B7, 0xB5B7, 0xB5B7, 0xB5B7, 0xB5B7, 0xB5B7,
  0xB5B7, 0xB5B7, 0xB5B7, 0xB5B7, 0xB5B7, 0xB596, 0xB5B7, 0xB5B7, 0xB5B7, 0xB5B7, 0xB5B7, 0xB5B7,
  0xB5B7, 0xB5B7, 0xB5D7, 0xB5D7, 0xB5D7, 0xB5D7, 0xB5D7, 0xB5D7, 0xB5D7, 0xB5D7, 0xBDD8, 0xB5F8,
  0xBDD8, 0xBDD7, 0xBDD8, 0xB5D8, 0xB5D7, 0xB5D7, 0xB5D7, 0xB5D7, 0xB5D7, 0xBDD7, 0xBDD7, 0xBDD7,
  0xBE18, 0xBE18, 0xBE18, 0xBE38, 0xAD54, 0x8C0C, 0x2102, 0x0000, 0x0000, 0x0000, 0x0000, 0x0000,
  0x0000, 0x0000, 0x0000, 0x0000, 0x0000, 0x0000, 0x0000, 0x0000, 0x0000, 0x0000, 0x0000, 0x0000,
  0x0000, 0x0000, 0x0000, 0x0000, 0x0000, 0x0000, 0x0000, 0x0000, 0x0000, 0x0000, 0x0000, 0x0000,
  0x0000, 0x0000, 0x0000, 0x0000, 0x0000, 0x0000, 0x0000, 0x0000, 0x0000, 0x0000, 0x0000, 0x0000,
  0x0000, 0x0000, 0x0000, 0x0000, 0x0000, 0x0000, 0x0000, 0x0000, 0x0020, 0x18A1, 0x5204, 0x6223,
  0x6AA5, 0x72C5, 0x4142, 0x1060, 0x0860, 0x39A2, 0x5245, 0x6A63, 0x6AA4, 0x41C5, 0x0841, 0x9492,
  0xBDD7, 0xAD75, 0xB596, 0xB596, 0xB596, 0xB596, 0xB596, 0xB596, 0xB596, 0xB596, 0xB596, 0xB596,
  0xB596, 0xAD75, 0xB596, 0xB596, 0xB596, 0xB596, 0xB596, 0xB596, 0xB596, 0xBDD7, 0x8431, 0x1861,
  0x7A24, 0x1881, 0x8431, 0xBDD7, 0xAD75, 0xB596, 0xB596, 0xB596, 0xB596, 0xB596, 0xB596, 0xAD75,
  0xB596, 0xB596, 0xB596, 0xB596, 0xAD75, 0xB596, 0xB596, 0xB596, 0xB596, 0xB596, 0xB596, 0xAD75,
  0xBDD7, 0x8C71, 0x1082, 0x3960, 0x6222, 0x836A, 0x9C6E, 0xB553, 0xC5D5, 0xBD94, 0xACF1, 0x942D,
  0x940C, 0x940C, 0xA4D0, 0xBD94, 0xC5D6, 0xC5F6, 0xC5F6, 0xC5D5, 0xC5D5, 0xC5D5, 0xC5D5, 0xC5D5,
  0xC5D5, 0xC5D5, 0xC5D5, 0xC5D5, 0xC5D5, 0xC5D5, 0xC5D5, 0xC5D5, 0xBDD5, 0xBDD5, 0xBDD5, 0xBDD5,
  0xBDD5, 0xBDD5, 0xBDD5, 0xBDD5, 0xBDB5, 0xBDD5, 0xBDD5, 0xBDD5, 0xBDD5, 0xBDD5, 0xBDD5, 0xBDD6,
  0xBDD6, 0xBDD6, 0xBDD6, 0xBDF6, 0xBDD6, 0xBDD6, 0xBDD6, 0xBDD6, 0xBDD6, 0xBDD6, 0xBDD7, 0xBDD7,
  0xBDD6, 0xBDD7, 0xBDD7, 0xBDD7, 0xBDD7, 0xBDD7, 0xB5B6, 0xB5B6, 0xBDD7, 0xBDD7, 0xBDD7, 0xB5B6,
  0xB5B6, 0xB5B7, 0xBDD7, 0xBDD7, 0xBDD7, 0xB5B7, 0xB5D7, 0xBDD7, 0xBDD7, 0xB5D7, 0xB5D7, 0xBDD7,
  0xBDD7, 0xBDD7, 0xBDD7, 0xBDD7, 0xBDD7, 0xB5B7, 0xB5D7, 0xB5D8, 0xBDF8, 0xBDF9, 0xBE19, 0xBE19,
  0xBE19, 0xBE39, 0xBE39, 0xC63A, 0xC65A, 0xC65A, 0xC65A, 0xC65A, 0xC65A, 0xC67B, 0xC67B, 0xC69B,
  0xC67B, 0xC69B, 0xC67B, 0xC67B, 0xCEBC, 0xC6BB, 0xC69B, 0xC6BB, 0xC69A, 0xC69A, 0xCE9A, 0xC67A,
  0xC67A, 0xC67A, 0xC67A, 0xC659, 0xAD53, 0x940C, 0x4841, 0x0000, 0x0000, 0x0000, 0x0000, 0x0000,
  0x0000, 0x0000, 0x0000, 0x0000, 0x0000, 0x0000, 0x0000, 0x0000, 0x0000, 0x0000, 0x0000, 0x0000,
  0x0000, 0x0000, 0x0000, 0x0000, 0x0000, 0x0000, 0x0000, 0x0000, 0x0000, 0x0000, 0x0000, 0x0000,
  0x0000, 0x0000, 0x0000, 0x0000, 0x0000, 0x0000, 0x0000, 0x0000, 0x0000, 0x0000, 0x0000, 0x0000,
  0x0000, 0x0000, 0x0000, 0x0000, 0x2942, 0x3141, 0x28C0, 0x2923, 0x0020, 0x0000, 0x0000, 0x0000,
  0x18A2, 0x3942, 0x6A64, 0x6AA4, 0x51E1, 0x49E4, 0x3143, 0x20E1, 0x49E3, 0x51C2, 0x1081, 0x8C71,
  0xBDD7, 0xAD75, 0xB596, 0xB596, 0xB596, 0xB596, 0xB596, 0xB596, 0xBDD7, 0xB596, 0xAD75, 0xAD75,
  0xB5B6, 0xBDD7, 0xB596, 0xB596, 0xB596, 0xB596, 0xB596, 0xB596, 0xAD75, 0xBDD7, 0x8451, 0x1860,
  0x7A24, 0x1881, 0x8431, 0xBDD7, 0xAD75, 0xB596, 0xB596, 0xB596, 0xB596, 0xB596, 0xB596, 0xBDD7,
  0xB596, 0xAD75, 0xAD75, 0xB596, 0xBDD7, 0xB596, 0xB596, 0xB596, 0xB596, 0xB596, 0xB596, 0xB596,
  0xBDD7, 0x8C72, 0x1061, 0x5A03, 0x8BAA, 0x9C4F, 0xACD1, 0x93ED, 0x8BCB, 0x8BCB, 0x8BCB, 0x942E,
  0x9CB1, 0xAD13, 0xAD12, 0xAD13, 0xAD12, 0xA4F2, 0xACF1, 0xAD12, 0xB553, 0xB574, 0xB553, 0xB574,
  0xB574, 0xBD94, 0xBD94, 0xBD74, 0xBDB5, 0xC5B5, 0xC5D5, 0xC5D5, 0xC5D5, 0xBDD5, 0xC5D5, 0xC5F6,
  0xC5F6, 0xC5F6, 0xC5F6, 0xC5F6, 0xC5F6, 0xC5F6, 0xC5F6, 0xC616, 0xC5F6, 0xC5F6, 0xC5F6, 0xC5F6,
  0xC5F6, 0xC5F6, 0xC617, 0xC617, 0xC5F7, 0xC5F7, 0xC5F7, 0xBDF7, 0xBDF7, 0xBDF7, 0xBDD7, 0xBDD7,
  0xBDD7, 0xBDD6, 0xBDD6, 0xBDD6, 0xBDD6, 0xBDD7, 0xB5B6, 0xB5B6, 0xBDD7, 0xB5B6, 0xB5B6, 0xB5B6,
  0xB5B6, 0xB5B6, 0xB5B7, 0xB5B7, 0xB5B7, 0xB5B7, 0xB5B7, 0xB5B7, 0xB5B7, 0xB5B7, 0xB5B7, 0xB5B7,
  0xB5B7, 0xB5B7, 0xB5B7, 0xB5B7, 0xB5D7, 0xB5B7, 0xB5B7, 0xB5D8, 0xBDF8, 0xB5F8, 0xB5F8, 0xBDF8,
  0xBDF9, 0xBE19, 0xBE39, 0xBE39, 0xBE3A, 0xC67B, 0xC69C, 0xC69C, 0xCEBC, 0xCEDD, 0xCEDD, 0xCEFD,
  0xCEDD, 0xCEFD, 0xCEFE, 0xCEFD, 0xCF1E, 0xDF7F, 0xDF9F, 0xDFBF, 0xDFDF, 0xDFDF, 0xDFDF, 0xE7DF,
  0xDFDF, 0xE7DF, 0xDFBF, 0xDF5E, 0xAD33, 0xACAF, 0x9BAA, 0x0000, 0x0000, 0x0000, 0x0000, 0x0000,
  0x0000, 0x0000, 0x0000, 0x0000, 0x0000, 0x0000, 0x0000, 0x0000, 0x0000, 0x0000, 0x0000, 0x0000,
  0x0000, 0x0000, 0x0000, 0x0000, 0x0000, 0x0000, 0x0000, 0x0000, 0x0000, 0x0000, 0x0000, 0x0000,
  0x0000, 0x0000, 0x0000, 0x0000, 0x0000, 0x0000, 0x0000, 0x0000, 0x0000, 0x0000, 0x0000, 0x0000,
  0x0000, 0x0000, 0x0000, 0x0000, 0x4A26, 0x72E6, 0x6223, 0x7B48, 0x7308, 0x6AA7, 0x3984, 0x3985,
  0x1082, 0x0000, 0x0861, 0x3143, 0x3942, 0x62A5, 0x7B47, 0x5A87, 0x39A4, 0x3164, 0x0861, 0x9471,
  0xBDD7, 0xB596, 0xB596, 0xB596, 0xB596, 0xB596, 0xB596, 0xAD75, 0x8410, 0x39C7, 0x2104, 0x2104,
  0x4208, 0x8C51, 0xB596, 0xB596, 0xB596, 0xB596, 0xB596, 0xB596, 0xAD75, 0xBDD7, 0x8451, 0x1860,
  0x7A24, 0x1881, 0x8431, 0xBDD7, 0xAD75, 0xB596, 0xB596, 0xB596, 0xB596, 0xB596, 0xB596, 0x8430,
  0x39E7, 0x2104, 0x2104, 0x39E7, 0x8430, 0xB596, 0xB596, 0xB596, 0xB596, 0xB596, 0xB596, 0xB596,
  0xBDD7, 0x9471, 0x0861, 0x5268, 0x9C8F, 0x940D, 0x940C, 0x732A, 0x5268, 0x5ACB, 0x6B6D, 0xA4F2,
  0x9C91, 0x736D, 0x7BCF, 0x83CD, 0x8BEC, 0x83AC, 0x7308, 0x7329, 0x7BCE, 0xA4D2, 0xA4F2, 0xA4D2,
  0x9450, 0x9491, 0xA512, 0x9CD1, 0xA512, 0xA4F2, 0x9C91, 0xAD33, 0xA4F2, 0xA512, 0xAD12, 0xA4F2,
  0xB553, 0xA512, 0xA4F2, 0xAD53, 0xAD33, 0xB574, 0xB574, 0xAD33, 0xB574, 0xB574, 0xBD95, 0xB595,
  0xB574, 0xB595, 0xB595, 0xB595, 0xBDD6, 0xBDB6, 0xBDB6, 0xBDD6, 0xBDD6, 0xBDD6, 0xBDD6, 0xBDD6,
  0xBDF7, 0xBDD7, 0xBDD7, 0xBDD7, 0xBDF7, 0xBDD7, 0xBDD7, 0xBDF7, 0xBDF7, 0xBDD7, 0xBDD7, 0xBDD7,
  0xBDD7, 0xBDD7, 0xBDD7, 0xBDD7, 0xBDD7, 0xBDF7, 0xBDD7, 0xBDD7, 0xBDD7, 0xBDD7, 0xBDD7, 0xBDD7,
  0xBDD7, 0xBDD7, 0xB5D7, 0xB5B7, 0xB5D7, 0xB5B7, 0xB5B7, 0xB5B7, 0xB5D8, 0xB5F8, 0xB5F8, 0xB5F8,
  0xB5F8, 0xBDF9, 0xBE19, 0xBE19, 0xC65A, 0xC67B, 0xC67B, 0xC69C, 0xC6BC, 0xCEDD, 0xCEBD, 0xCEDD,
  0xCEDD, 0xCEDD, 0xCEDD, 0xCEBC, 0xCEBC, 0xCF1E, 0xD75F, 0xD77F, 0xD79F, 0xD79F, 0xD79F, 0xDFBF,
  0xDFBF, 0xDFDF, 0xDFBF, 0xDF5E, 0xA4F2, 0xAD10, 0x6324, 0x0000, 0x0000, 0x0000, 0x0000, 0x0000,
  0x0000, 0x0000, 0x0000, 0x0000, 0x0000, 0x0000, 0x0000, 0x0000, 0x0000, 0x0000, 0x0000, 0x0000,
  0x0000, 0x0000, 0x0000, 0x0000, 0x0000, 0x0000, 0x0000, 0x0000, 0x0000, 0x0000, 0x0000, 0x0000,
  0x0000, 0x0000, 0x0000, 0x0000, 0x0000, 0x0000, 0x0000, 0x0000, 0x0000, 0x0000, 0x0000, 0x0000,
  0x0000, 0x0000, 0x0000, 0x0000, 0x0000, 0x0020, 0x0841, 0x3163, 0x41A3, 0x7348, 0x72E7, 0x7B48,
  0x7328, 0x7308, 0x4205, 0x2943, 0x1081, 0x10A1, 0x39C5, 0x6AC7, 0x6AC6, 0x5A45, 0x1082, 0x8C71,
  0xBDD7, 0xAD75, 0xB596, 0xB596, 0xB596, 0xB596, 0xB596, 0xAD75, 0x2104, 0x0000, 0x0000, 0x0000,
  0x0000, 0x2965, 0xB596, 0xB596, 0xB596, 0xB596, 0xB596, 0xB596, 0xB596, 0xBDD7, 0x8451, 0x1860,
  0x7A24, 0x1881, 0x8431, 0xBDD7, 0xAD75, 0xB596, 0xB596, 0xB596, 0xB596, 0xB596, 0xAD75, 0x2945,
  0x0000, 0x0000, 0x0000, 0x0000, 0x2124, 0xAD75, 0xB596, 0xB596, 0xB596, 0xB596, 0xB596, 0xB596,
  0xBDD7, 0x8C71, 0x1081, 0x6AE7, 0x8369, 0x942D, 0xA4B0, 0x62CB, 0x5AAB, 0x528B, 0x39A6, 0x5A87,
  0x732A, 0x62A8, 0x62E9, 0x4A27, 0x41C5, 0x736C, 0x5269, 0x630C, 0x4229, 0x5269, 0xA4F2, 0x736D,
  0x738E, 0x6B6E, 0x5AEB, 0xAD54, 0x9CD2, 0x6B2C, 0x840F, 0x6B4D, 0xAD33, 0xBDB5, 0x83EF, 0x83EF,
  0x8410, 0x9CB1, 0xBDB5, 0xA4F3, 0x8430, 0x8C51, 0x9492, 0xAD34, 0xAD34, 0x9492, 0x9492, 0x9CB2,
  0xA4F2, 0xAD34, 0xA513, 0x9CD2, 0xA513, 0xA4F3, 0xA513, 0xA4F3, 0xA4F3, 0xAD34, 0x9CD3, 0xA513,
  0xA4F3, 0x9CB2, 0xA514, 0xA534, 0xA513, 0xA534, 0xA4F4, 0xA514, 0xA534, 0xA514, 0xAD34, 0xA514,
  0xA514, 0xAD55, 0xA535, 0xAD55, 0xAD75, 0xAD55, 0xAD76, 0xB596, 0xAD76, 0xB596, 0xB596, 0xAD96,
  0xB5B7, 0xB5B6, 0xB597, 0xB5B7, 0xB5B7, 0xB5B7, 0xB5B7, 0xB5D7, 0xBDF8, 0xBE19, 0xBE19, 0xBE39,
  0xBE39, 0xBE39, 0xBE5A, 0xCE9B, 0xCEDC, 0xCEDC, 0xD6FD, 0xD71E, 0xD71E, 0xD71E, 0xD71E, 0xD71E,
  0xCEFD, 0xD71E, 0xCEFD, 0xD71E, 0xD73E, 0xCF1E, 0xD75F, 0xDF7F, 0xD79F, 0xD79F, 0xDFBF, 0xDF9F,
  0xDFBF, 0xDFDF, 0xDF9F, 0xD73E, 0xA512, 0xBD72, 0x18C4, 0x0000, 0x0000, 0x0000, 0x0000, 0x0000,
  0x0000, 0x0000, 0x0000, 0x0000, 0x0000, 0x0000, 0x0000, 0x0000, 0x0000, 0x0000, 0x0000, 0x0000,
  0x0000, 0x0000, 0x0000, 0x0000, 0x0000, 0x0000, 0x0000, 0x0000, 0x0000, 0x0000, 0x0000, 0x0000,
  0x0000, 0x0000, 0x0000, 0x0000, 0x0000, 0x0000, 0x0000, 0x0000, 0x0000, 0x0000, 0x0000, 0x0000,
  0x0000, 0x0000, 0x0000, 0x0000, 0x0000, 0x0000, 0x0000, 0x0000, 0x0000, 0x0000, 0x0000, 0x20C1,
  0x3983, 0x3983, 0x6AC7, 0x7307, 0x7308, 0x5A86, 0x2923, 0x2943, 0x39A4, 0x3984, 0x0841, 0x8C71,
  0xBDD7, 0xAD75, 0xB596, 0xB596, 0xB596, 0xB596, 0xB596, 0xAD75, 0x2945, 0x0000, 0x0000, 0x0020,
  0x0000, 0x3186, 0xB596, 0xB596, 0xB596, 0xB596, 0xB596, 0xB596, 0xAD75, 0xBDD7, 0x8451, 0x1860,
  0x7A24, 0x1881, 0x8431, 0xBDD7, 0xAD75, 0xB596, 0xB596, 0xB596, 0xB596, 0xB596, 0xAD75, 0x2965,
  0x0000, 0x0020, 0x0020, 0x0000, 0x2945, 0xB596, 0xB596, 0xB596, 0xB596, 0xB596, 0xB596, 0xB596,
  0xBDD7, 0x8C71, 0x0862, 0x8BCD, 0xACB0, 0xB532, 0x942F, 0x5228, 0x62C9, 0x62A7, 0x49E5, 0x3963,
  0x5226, 0x6B0B, 0x526A, 0x3166, 0x0820, 0x3165, 0x5AAA, 0x630C, 0x39C7, 0x10A2, 0x39A6, 0x5AAA,
  0x6B4C, 0x52AB, 0x2945, 0x39A6, 0x62EB, 0x5ACA, 0x6B4C, 0x3166, 0x39C7, 0x840F, 0x62CB, 0x6B6D,
  0x4A29, 0x39C7, 0x8C50, 0x83EF, 0x62EC, 0x632D, 0x4208, 0x840F, 0xAD54, 0x630C, 0x5AEC, 0x52AB,
  0x6B4D, 0xBDD6, 0x9CF3, 0x736E, 0x6B4D, 0x6B4D, 0xAD55, 0xBDF7, 0x9492, 0x8410, 0x8431, 0x9492,
  0xBDD6, 0xAD75, 0x8C52, 0x8410, 0x8C51, 0xA514, 0xAD75, 0xA534, 0x9CB3, 0x9492, 0x9CF4, 0xA534,
  0x9CF3, 0xA514, 0x9CD3, 0x94D3, 0xA514, 0x9CD3, 0x9CB3, 0x9CF4, 0x9CD3, 0xA514, 0x9CF4, 0x9CD3,
  0x9CF4, 0x94B3, 0x9CD3, 0x9CF4, 0x94B3, 0x9CD4, 0x9CD4, 0x9CF4, 0xA515, 0x9CF4, 0x9D14, 0x9D15,
  0x94D4, 0xA535, 0xA536, 0xA536, 0xADB7, 0xB5D8, 0xB5D9, 0xBE3A, 0xBE3A, 0xBE5B, 0xBE5B, 0xBE5B,
  0xC67B, 0xC6BC, 0xC6BC, 0xCEFD, 0xCEFD, 0xCEFD, 0xD73E, 0xD73E, 0xD75E, 0xD77E, 0xD77E, 0xDF7E,
  0xDF9E, 0xDFBF, 0xDF9F, 0xD73D, 0x9CB1, 0x8BEC, 0x18C2, 0x0000, 0x0000, 0x0000, 0x0000, 0x0000,
  0x0000, 0x0000, 0x0000, 0x0000, 0x0000, 0x0000, 0x0000, 0x0000, 0x0000, 0x0000, 0x0000, 0x0000,
  0x0000, 0x0000, 0x0000, 0x0000, 0x0000, 0x0000, 0x0000, 0x0000, 0x0000, 0x0000, 0x0000, 0x0000,
  0x0000, 0x0000, 0x0000, 0x0000, 0x0000, 0x0000, 0x0000, 0x0000, 0x0000, 0x0000, 0x0000, 0x0000,
  0x0000, 0x0000, 0x0000, 0x0000, 0x5A65, 0x5A45, 0x5A65, 0x5AA8, 0x3143, 0x2922, 0x3123, 0x0000,
  0x0000, 0x0000, 0x0000, 0x0000, 0x5226, 0x7B67, 0x7B07, 0x6285, 0x72E7, 0x8287, 0x1081, 0x9492,
  0xBDD7, 0xAD75, 0xB596, 0xB596, 0xB596, 0xB596, 0xB596, 0xAD75, 0x2124, 0x0000, 0x0000, 0x0020,
  0x0000, 0x3186, 0xB596, 0xB596, 0xB596, 0xB596, 0xB596, 0xB596, 0xB596, 0xBDD7, 0x8451, 0x1860,
  0x7A24, 0x1881, 0x8451, 0xBDF7, 0xAD75, 0xAD75, 0xB596, 0xB596, 0xB596, 0xB596, 0xAD75, 0x2965,
  0x0000, 0x0020, 0x0020, 0x0000, 0x2945, 0xB596, 0xB596, 0xB596, 0xB596, 0xB596, 0xB596, 0xB596,
  0xBDD7, 0x8C71, 0x1082, 0x83CD, 0x942E, 0x8BCC, 0x7309, 0x3984, 0x2902, 0x1081, 0x0840, 0x1061,
  0x2924, 0x3166, 0x2904, 0x1881, 0x0840, 0x3164, 0x5AA9, 0x5268, 0x3184, 0x10A1, 0x2924, 0x5269,
  0x734C, 0x4208, 0x2103, 0x10A2, 0x4A07, 0x83ED, 0x5AAA, 0x2945, 0x0861, 0x39C7, 0x738E, 0x7BAE,
  0x39C7, 0x18A2, 0x2924, 0x6B4D, 0x83EF, 0x5AEC, 0x2966, 0x18E3, 0x630C, 0x6B4E, 0x6B4D, 0x4A29,
  0x20E3, 0x4A49, 0x83F0, 0x6B4E, 0x5ACB, 0x3166, 0x41E8, 0x8431, 0x73D0, 0x630D, 0x5ACC, 0x39C8,
  0x7BCF, 0x9CD4, 0x6B6F, 0x528B, 0x4A6B, 0x52AA, 0x9D14, 0xA556, 0x6B90, 0x5AED, 0x5ACC, 0x8411,
  0xBDF7, 0x9D35, 0x6B8F, 0x632E, 0x6B4E, 0x9CF4, 0xBDF8, 0x9D15, 0x7BF1, 0x7BF1, 0x8452, 0xAD76,
  0xBDF8, 0xA536, 0x8C73, 0x8C93, 0x94B3, 0xAD76, 0xADB7, 0xAD76, 0x9CF4, 0x9CD4, 0x9D15, 0xA576,
  0xA535, 0xA556, 0xA535, 0x9D15, 0xA556, 0xA555, 0x9D15, 0xA535, 0x9D15, 0xA535, 0x9D14, 0x9D14,
  0xA556, 0x9D35, 0x9D35, 0xA576, 0x9D15, 0x9D35, 0xA576, 0xA576, 0xADB7, 0xA597, 0xA556, 0xAD96,
  0xAD96, 0xA576, 0xAD97, 0xCE9B, 0x9470, 0x5206, 0x0820, 0x0000, 0x0000, 0x0000, 0x0000, 0x0000,
  0x0000, 0x0000, 0x0000, 0x0000, 0x0000, 0x0000, 0x0000, 0x0000, 0x0000, 0x0000, 0x0000, 0x0000,
  0x0000, 0x0000, 0x0000, 0x0000, 0x0000, 0x0000, 0x0000, 0x0000, 0x0000, 0x0000, 0x0000, 0x0000,
  0x0000, 0x0000, 0x0000, 0x0000, 0x0000, 0x0000, 0x0000, 0x0000, 0x0000, 0x0000, 0x0000, 0x0000,
  0x0000, 0x0000, 0x0000, 0x0000, 0x2901, 0x2921, 0x3142, 0x6A66, 0x6A85, 0x62A5, 0x72E7, 0x5A25,
  0x51E3, 0x59E2, 0x4943, 0x2902, 0x49E6, 0x7345, 0x5A87, 0x3984, 0x7A66, 0x8A65, 0x69E4, 0x41A6,
  0x8C71, 0xB5B6, 0xB596, 0xB596, 0xB596, 0xB596, 0xB596, 0xAD75, 0x2124, 0x0000, 0x0000, 0x0000,
  0x0000, 0x2965, 0xB596, 0xB596, 0xB596, 0xB596, 0xBDB6, 0xB5B6, 0xAD96, 0xBDD7, 0x8451, 0x1060,
  0x8245, 0x69E4, 0x3985, 0x8451, 0xBDF7, 0xBDD7, 0xB5B6, 0xB575, 0xAD75, 0xB596, 0xAD75, 0x2965,
  0x0000, 0x0000, 0x0000, 0x0000, 0x2124, 0xAD75, 0xB596, 0xB596, 0xB596, 0xB596, 0xB596, 0xAD75,
  0xBDD7, 0x8C71, 0x10A2, 0x8BED, 0x9C2E, 0xACD0, 0x6B0A, 0x0000, 0x0000, 0x0000, 0x1061, 0x20C1,
  0x20E2, 0x3164, 0x2922, 0x2901, 0x2901, 0x2923, 0x3984, 0x3143, 0x20C1, 0x1081, 0x1081, 0x2104,
  0x2925, 0x1082, 0x0861, 0x18C2, 0x2103, 0x3165, 0x2104, 0x1061, 0x10A1, 0x2103, 0x39C7, 0x39C7,
  0x20C3, 0x1081, 0x18E3, 0x4208, 0x62EB, 0x39E7, 0x20E3, 0x10A2, 0x39A7, 0x52AA, 0x5AAB, 0x31A7,
  0x10C2, 0x18C3, 0x630C, 0x8C51, 0x6B4D, 0x3186, 0x0861, 0x3187, 0x8411, 0x8C72, 0x62EC, 0x2965,
  0x1061, 0x5B0D, 0x8C93, 0x840F, 0x4A6A, 0x2124, 0x2125, 0x7412, 0x8CD4, 0x8C51, 0x4A6A, 0x2945,
  0x4A8A, 0x8494, 0x7C12, 0x6B6F, 0x4209, 0x39C7, 0x6B6E, 0x84B4, 0x73D1, 0x6B6F, 0x420A, 0x528B,
  0x8C52, 0x7C32, 0x73D1, 0x6B6F, 0x632D, 0x632D, 0x9D15, 0x94F5, 0x8CF5, 0x8C93, 0x7C11, 0x7C11,
  0xADB7, 0xADB7, 0xB5D8, 0xB5D8, 0xB5D8, 0xB5F8, 0xB5B7, 0xB5F8, 0xBDF8, 0xB574, 0xB554, 0xAD54,
  0xB574, 0xAD54, 0xAD54, 0xB554, 0xB5D7, 0xBE39, 0xB5F8, 0xBE19, 0xBE39, 0xC65A, 0xC67A, 0xBE39,
  0xBE39, 0xBE19, 0xA535, 0xB5D7, 0x944F, 0x49E5, 0x0840, 0x0000, 0x0000, 0x0000, 0x0000, 0x0000,
  0x0000, 0x0000, 0x0000, 0x0000, 0x0000, 0x0000, 0x0000, 0x0000, 0x0000, 0x0000, 0x0000, 0x0000,
  0x0000, 0x0000, 0x0000, 0x0000, 0x0000, 0x0000, 0x0000, 0x0000, 0x0000, 0x0000, 0x0000, 0x0000,
  0x0000, 0x0000, 0x0000, 0x0000, 0x0000, 0x0000, 0x0000, 0x0000, 0x0000, 0x0000, 0x0000, 0x0000,
  0x0000, 0x0000, 0x0000, 0x0000, 0x0000, 0x0000, 0x0000, 0x1800, 0x20E4, 0x1904, 0x39C6, 0x5A26,
  0x51E5, 0x5A46, 0x6AA6, 0x6264, 0x72E6, 0x7329, 0x6AE8, 0x6AA7, 0x9B4A, 0x92A5, 0x8A85, 0x1020,
  0x73CF, 0xC5F7, 0xAD75, 0xB596, 0xB596, 0xB596, 0xB596, 0xAD75, 0x8430, 0x4208, 0x2945, 0x2124,
  0x4228, 0x8C51, 0xB596, 0xB596, 0xB5B6, 0xB5B6, 0x94D3, 0x6B0B, 0x5248, 0x6289, 0x49E6, 0x0820,
  0x4943, 0x5183, 0x0800, 0x3965, 0x7BAE, 0x8431, 0x94B3, 0xBDD7, 0xB5B6, 0xB596, 0xAD75, 0x8C51,
  0x4208, 0x2945, 0x2124, 0x4208, 0x8430, 0xB596, 0xB596, 0xB596, 0xB596, 0xB596, 0xB596, 0xAD75,
  0xBDD7, 0x9492, 0x10A2, 0x942F, 0xB512, 0xA46F, 0x5A67, 0x3984, 0x3984, 0x3143, 0x41E5, 0x41C5,
  0x2902, 0x20C1, 0x20E3, 0x18A2, 0x18A2, 0x0861, 0x0041, 0x0021, 0x0000, 0x0840, 0x0861, 0x1082,
  0x10A2, 0x0020, 0x0840, 0x0861, 0x0861, 0x1082, 0x1082, 0x0000, 0x0861, 0x0841, 0x10A2, 0x18C3,
  0x0820, 0x0861, 0x0861, 0x1082, 0x2104, 0x1082, 0x0000, 0x1082, 0x1081, 0x20E4, 0x18C3, 0x1061,
  0x1061, 0x10A2, 0x2104, 0x3165, 0x2925, 0x18A2, 0x10A2, 0x2124, 0x39E8, 0x4A49, 0x31A6, 0x18A3,
  0x10A2, 0x3A08, 0x5AEC, 0x630C, 0x31A7, 0x18C3, 0x1082, 0x5B0D, 0x6B6E, 0x630C, 0x4229, 0x18C3,
  0x18E4, 0x6BD1, 0x6BAF, 0x634E, 0x4229, 0x1082, 0x18E4, 0x7C94, 0x8C93, 0x73D0, 0x424A, 0x10C3,
  0x1083, 0x7C52, 0x8CD4, 0x8451, 0x6B6E, 0x2125, 0x18C3, 0x6BD1, 0xB65B, 0x8CD4, 0x632E, 0x39E8,
  0x39C7, 0x7BF0, 0xAD96, 0xAD96, 0xAD97, 0xAD96, 0xB5B7, 0x8451, 0x83EF, 0xB533, 0xB554, 0xBD94,
  0xAD12, 0xB553, 0xB553, 0xACF1, 0x942F, 0x9D14, 0xB5F8, 0xB618, 0xBE39, 0xC69B, 0xC67B, 0xC65A,
  0xC67A, 0xC65A, 0xA556, 0xBE19, 0x8C0E, 0x3984, 0x0020, 0x0000, 0x0000, 0x0000, 0x0000, 0x0000,
  0x0000, 0x0000, 0x0000, 0x0000, 0x0000, 0x0000, 0x0000, 0x0000, 0x0000, 0x0000, 0x0000, 0x0000,
  0x0000, 0x0000, 0x0000, 0x0000, 0x0000, 0x0000, 0x0000, 0x0000, 0x0000, 0x0000, 0x0000, 0x0000,
  0x0000, 0x0000, 0x0000, 0x0000, 0x0000, 0x0000, 0x0000, 0x0000, 0x0000, 0x0000, 0x0000, 0x0000,
  0x0000, 0x0000, 0x0000, 0x0000, 0x39A3, 0x3184, 0x3183, 0x2983, 0x2963, 0x2943, 0x5282, 0x18C2,
  0x10A2, 0x18C2, 0x41C5, 0x39A4, 0x3965, 0x5247, 0x6287, 0x62A6, 0x6AC6, 0x8A85, 0x8A65, 0x30E2,
  0x632C, 0xAD75, 0xB5B6, 0xAD75, 0xB596, 0xB596, 0xB596, 0xB596, 0xBDD7, 0xB596, 0xAD75, 0xAD75,
  0xB596, 0xBDD7, 0xBDD7, 0xB596, 0x9492, 0x6B0B, 0x2903, 0x5162, 0x8A64, 0x7A03, 0x5983, 0x61A3,
  0x8244, 0x8244, 0x61C4, 0x5983, 0x61C3, 0x3902, 0x41C6, 0x8C72, 0x9492, 0xB596, 0xBDD7, 0xBDD7,
  0xB596, 0xAD75, 0xAD75, 0xB5B6, 0xBDD7, 0xB596, 0xB596, 0xB596, 0xB596, 0xB596, 0xAD75, 0xBDD7,
  0x94B2, 0x39A6, 0x6A05, 0xA490, 0x8BEC, 0x7309, 0x5A67, 0x5AA9, 0x5269, 0x62EB, 0x528A, 0x39A7,
  0x1082, 0x1061, 0x4208, 0x5ACB, 0x4A29, 0x2103, 0x0000, 0x2924, 0x4228, 0x4228, 0x2965, 0x0000,
  0x0861, 0x2945, 0x3166, 0x3186, 0x0861, 0x0000, 0x10A2, 0x18E3, 0x2124, 0x10A2, 0x0000, 0x0861,
  0x0861, 0x1081, 0x1082, 0x0841, 0x1082, 0x0841, 0x0000, 0x0861, 0x0840, 0x10A2, 0x1082, 0x0000,
  0x0000, 0x0020, 0x0020, 0x10A2, 0x1082, 0x0000, 0x1082, 0x0841, 0x1082, 0x20E4, 0x0841, 0x0020,
  0x18C3, 0x10A2, 0x18C3, 0x18E4, 0x0861, 0x0861, 0x1082, 0x18E4, 0x2145, 0x2125, 0x18A3, 0x1082,
  0x18E4, 0x2145, 0x2946, 0x2966, 0x18C3, 0x0882, 0x18E4, 0x4209, 0x39C8, 0x39E8, 0x2966, 0x1082,
  0x10C3, 0x5AED, 0x632D, 0x6B6E, 0x5ACB, 0x10A2, 0x0861, 0x5B6F, 0x8CB4, 0x7BF0, 0x5AED, 0x3165,
  0x0840, 0x634D, 0xA555, 0xAD96, 0xADB7, 0xAD97, 0xBDF8, 0x4A49, 0x5248, 0xBD94, 0xBDB5, 0xC5F6,
  0xBD74, 0xC5B5, 0xBD94, 0xB553, 0x732A, 0x41E7, 0xA535, 0xB5D7, 0xBE18, 0xC67A, 0xC67A, 0xBE59,
  0xBE5A, 0xC65A, 0xA576, 0xBE59, 0x83CD, 0x41A4, 0x0840, 0x0000, 0x0000, 0x0000, 0x0000, 0x0000,
  0x0000, 0x0000, 0x0000, 0x0000, 0x0000, 0x0000, 0x0000, 0x0000, 0x0000, 0x0000, 0x0000, 0x0000,
  0x0000, 0x0000, 0x0000, 0x0000, 0x0000, 0x0000, 0x0000, 0x0000, 0x0000, 0x0000, 0x0000, 0x0000,
  0x0000, 0x0000, 0x0000, 0x0000, 0x0000, 0x0000, 0x0000, 0x0000, 0x0000, 0x0000, 0x0000, 0x0000,
  0x0000, 0x0000, 0x0000, 0x0000, 0x7B47, 0x7B27, 0x7B47, 0x7B47, 0x7B47, 0x7B27, 0x8387, 0x7AC6,
  0x8386, 0x7B86, 0x7B66, 0x7B46, 0x7A46, 0x51E6, 0x0861, 0x2965, 0x834A, 0x8A85, 0x8A85, 0x8A65,
  0x3902, 0x5AEB, 0xAD75, 0xB5B6, 0xB596, 0xB596, 0xB596, 0xB596, 0xAD75, 0xB596, 0xB596, 0xB5B6,
  0xBDD7, 0xAD75, 0x8450, 0x62A9, 0x61C4, 0x7A03, 0x8244, 0x8A85, 0x8265, 0x69C4, 0x69E4, 0x92A5,
  0x9285, 0x8A85, 0x92A5, 0x6A04, 0x7A24, 0x9285, 0x7A24, 0x59A3, 0x59C4, 0x62A9, 0x8C51, 0xAD75,
  0xB5D7, 0xB5B6, 0xB596, 0xB596, 0xAD75, 0xB596, 0xB596, 0xB596, 0xB596, 0xAD75, 0xBDF7, 0x8C71,
  0x3985, 0x5982, 0x92E7, 0xA42E, 0xA490, 0x6B0B, 0x41A7, 0x49E6, 0x5206, 0x5A88, 0x5A88, 0x41C5,
  0x28E1, 0x41C5, 0x62C8, 0x7329, 0x5A87, 0x49E4, 0x41C3, 0x6287, 0x83AB, 0x736D, 0x2945, 0x1061,
  0x3185, 0x734C, 0x736C, 0x39A6, 0x18C2, 0x1082, 0x4A69, 0x7BAD, 0x5AAB, 0x2945, 0x0020, 0x2944,
  0x5AAA, 0x528A, 0x39C7, 0x1081, 0x0020, 0x31A6, 0x41E7, 0x41E8, 0x2104, 0x0000, 0x0861, 0x2966,
  0x2965, 0x2965, 0x0861, 0x0000, 0x1082, 0x18A3, 0x18C3, 0x10A3, 0x0020, 0x1082, 0x0841, 0x0841,
  0x1082, 0x0841, 0x0862, 0x1082, 0x0000, 0x0020, 0x0841, 0x0882, 0x2146, 0x18E4, 0x0841, 0x0020,
  0x0861, 0x18C3, 0x18C4, 0x10A3, 0x0020, 0x0841, 0x0861, 0x10C3, 0x1905, 0x2146, 0x0820, 0x0882,
  0x10A3, 0x0841, 0x0000, 0x0841, 0x0021, 0x0861, 0x10C3, 0x18C3, 0x18C3, 0x18E4, 0x18C3, 0x18C2,
  0x10A2, 0x73AE, 0x9D14, 0xAD76, 0xAD96, 0xADB7, 0xB5B7, 0x39C7, 0x5A88, 0x9C4F, 0x940E, 0x9C4F,
  0xA490, 0x9C6F, 0xA4B0, 0x9C6F, 0x6288, 0x4A07, 0x9CD3, 0xAD76, 0xB618, 0xC67A, 0xC67A, 0xC65A,
  0xC65A, 0xBE59, 0xAD76, 0xBE39, 0x7B8C, 0x49A5, 0x0841, 0x0000, 0x0000, 0x0000, 0x0000, 0x0000,
  0x0000, 0x0000, 0x0000, 0x0000, 0x0000, 0x0000, 0x0000, 0x0000, 0x0000, 0x0000, 0x0000, 0x0000,
  0x0000, 0x0000, 0x0000, 0x0000, 0x0000, 0x0000, 0x0000, 0x0000, 0x0000, 0x0000, 0x0000, 0x0000,
  0x0000, 0x0000, 0x0000, 0x0000, 0x0000, 0x0000, 0x0000, 0x0000, 0x0000, 0x0000, 0x0000, 0x0000,
  0x0000, 0x0000, 0x0000, 0x0000, 0x39A5, 0x39A5, 0x39A5, 0x39A5, 0x39A5, 0x39A5, 0x5227, 0x6265,
  0x51A1, 0x49A1, 0x51A1, 0x51C1, 0x6AA6, 0x7AE6, 0x5A22, 0x5A02, 0x6A44, 0x8A85, 0x8A65, 0x8A85,
  0x8A65, 0x4142, 0x5AAA, 0xAD55, 0xB5B6, 0xB575, 0xB596, 0xB596, 0xB596, 0xAD75, 0xB5B6, 0xAD55,
  0x7BEF, 0x6268, 0x61C4, 0x7A03, 0x9285, 0x9285, 0x8A85, 0x9285, 0x7204, 0x69E4, 0x92A5, 0x8A65,
  0x8A85, 0x8A85, 0x8A65, 0x9285, 0x8A85, 0x8A85, 0x9285, 0x9285, 0x9285, 0x7A03, 0x61C4, 0x6288,
  0x8410, 0xAD35, 0xB576, 0xB596, 0xB596, 0xB596, 0xB596, 0xB596, 0xB5B6, 0xBDF7, 0x7C10, 0x41A5,
  0x61A2, 0x9AA5, 0x8A65, 0x8AA6, 0x8B8A, 0x4A05, 0x3942, 0x3963, 0x3983, 0x2901, 0x28E1, 0x2901,
  0x2901, 0x39A4, 0x41E6, 0x3985, 0x3144, 0x18C1, 0x3164, 0x4A48, 0x4A48, 0x41C7, 0x18C2, 0x10A1,
  0x41C7, 0x62CA, 0x5289, 0x2904, 0x1061, 0x3145, 0x5ACA, 0x840E, 0x4A49, 0x2103, 0x18A2, 0x5269,
  0x6B2C, 0x630B, 0x3165, 0x1081, 0x2124, 0x632C, 0x840F, 0x5AAA, 0x2945, 0x0861, 0x31A7, 0x736E,
  0x73AE, 0x4A49, 0x20E3, 0x0020, 0x4A8A, 0x630C, 0x52AB, 0x39E7, 0x0840, 0x0041, 0x52AB, 0x52AB,
  0x4A6A, 0x2945, 0x0000, 0x0861, 0x39E8, 0x39E8, 0x3A08, 0x18E3, 0x0000, 0x0882, 0x2145, 0x2125,
  0x2105, 0x1082, 0x0021, 0x0861, 0x10A2, 0x10A3, 0x10C3, 0x0882, 0x10A3, 0x1082, 0x0020, 0x0861,
  0x1082, 0x0000, 0x0000, 0x0000, 0x0000, 0x0020, 0x0861, 0x0000, 0x0000, 0x0000, 0x0000, 0x0841,
  0x18E3, 0x8430, 0xA535, 0xAD76, 0xB5B7, 0xB5B7, 0xAD96, 0x31A6, 0x4A06, 0x49C4, 0x4183, 0x49E5,
  0x4984, 0x49E5, 0x51E5, 0x49A4, 0x41A4, 0x5289, 0x9CF3, 0xA575, 0xB618, 0xC65A, 0xC67A, 0xC67A,
  0xC67A, 0xBE39, 0xAD76, 0xBE38, 0x734A, 0x28E2, 0x0000, 0x0000, 0x0000, 0x0000, 0x0000, 0x0000,
  0x0000, 0x0000, 0x0000, 0x0000, 0x0000, 0x0000, 0x0000, 0x0000, 0x0000, 0x0000, 0x0000, 0x0000,
  0x0000, 0x0000, 0x0000, 0x0000, 0x0000, 0x0000, 0x0000, 0x0000, 0x0000, 0x0000, 0x0000, 0x0000,
  0x0000, 0x0000, 0x0000, 0x0000, 0x0000, 0x0000, 0x0000, 0x0000, 0x0000, 0x0000, 0x0000, 0x0000,
  0x0000, 0x0000, 0x0000, 0x0000, 0x0000, 0x0000, 0x0000, 0x0000, 0x0000, 0x0000, 0x0000, 0x0840,
  0x0020, 0x0020, 0x0020, 0x0020, 0x1841, 0x50C1, 0x2900, 0x3982, 0x938A, 0x8A65, 0x8A85, 0x8A85,
  0x8A85, 0x8A85, 0x4122, 0x31E8, 0xA534, 0xBDD7, 0xB5B6, 0xB596, 0xAD75, 0xBDD7, 0x7BEF, 0x49E6,
  0x61E4, 0x8224, 0x9285, 0x9285, 0x8A85, 0x8A85, 0x8A85, 0x8A85, 0x9285, 0x9285, 0x8A65, 0x8A85,
  0x8A85, 0x8A85, 0x8A85, 0x8A85, 0x8A85, 0x8A85, 0x8A85, 0x8A85, 0x8A85, 0x9285, 0x9285, 0x8244,
  0x28A1, 0x634D, 0xC618, 0xB596, 0xAD75, 0xB596, 0xB5B6, 0xBDD6, 0x9CF3, 0x9D14, 0x4228, 0x40E1,
  0x9AC6, 0x8A65, 0x8A65, 0x92A6, 0x7B2A, 0x1061, 0x0820, 0x0820, 0x0000, 0x0000, 0x0000, 0x0000,
  0x0840, 0x10A2, 0x2105, 0x2967, 0x0861, 0x0820, 0x1081, 0x2104, 0x20E4, 0x18C3, 0x1061, 0x1081,
  0x2103, 0x2104, 0x20E3, 0x1081, 0x1081, 0x20E3, 0x2965, 0x2944, 0x2924, 0x18A2, 0x18C2, 0x39C6,
  0x39A6, 0x3985, 0x2104, 0x0861, 0x3185, 0x5269, 0x5269, 0x41E7, 0x18E3, 0x10A2, 0x4A49, 0x630C,
  0x736D, 0x39A6, 0x18A2, 0x2124, 0x632D, 0x736D, 0x5AAA, 0x2965, 0x0861, 0x2966, 0x73AF, 0x8C50,
  0x5AEB, 0x2945, 0x1061, 0x31E8, 0x7C52, 0x8C72, 0x5AEC, 0x3186, 0x0840, 0x31C8, 0x73D0, 0x7BEF,
  0x52CC, 0x2104, 0x0000, 0x2986, 0x636E, 0x636E, 0x52AC, 0x18E3, 0x0000, 0x18E4, 0x52CC, 0x52AC,
  0x4A6A, 0x18E3, 0x0000, 0x0861, 0x31E8, 0x3A09, 0x424A, 0x424A, 0x31E8, 0x3187, 0x18C3, 0x0000,
  0x2125, 0x9CF4, 0xAD76, 0xAD76, 0xAD97, 0xB5F8, 0xA534, 0x3A08, 0x5227, 0x4183, 0x4184, 0x4184,
  0x3943, 0x4184, 0x3942, 0x3942, 0x3963, 0x5AA9, 0xA534, 0xAD96, 0xB618, 0xBE39, 0xC65A, 0xBE5A,
  0xC65A, 0xBE39, 0xA576, 0xBE18, 0x730A, 0x30E2, 0x0000, 0x0000, 0x0000, 0x0000, 0x0000, 0x0000,
  0x0000, 0x0000, 0x0000, 0x0000, 0x0000, 0x0000, 0x0000, 0x0000, 0x0000, 0x0000, 0x0000, 0x0000,
  0x0000, 0x0000, 0x0000, 0x0000, 0x0000, 0x0000, 0x0000, 0x0000, 0x0000, 0x0000, 0x0000, 0x0000,
  0x0000, 0x0000, 0x0000, 0x0000, 0x0000, 0x0000, 0x0000, 0x0000, 0x0000, 0x0000, 0x0000, 0x0000,
  0x0000, 0x0000, 0x0000, 0x0000, 0x6243, 0x6243, 0x6242, 0x6242, 0x6242, 0x6242, 0x6242, 0x6242,
  0x6242, 0x6242, 0x6242, 0x6242, 0x6242, 0x5202, 0x5A02, 0x5A23, 0x7285, 0x8A85, 0x8A85, 0x8A85,
  0x8A65, 0x9285, 0x69E4, 0x4942, 0x51E6, 0x5B0C, 0x94D3, 0xB5B6, 0xBDD7, 0xAD75, 0x39E7, 0x4101,
  0x9AA5, 0x8A85, 0x8A85, 0x8A85, 0x8A85, 0x8A85, 0x8A85, 0x8A85, 0x8A85, 0x8A85, 0x8A85, 0x8A85,
  0x8A85, 0x8A85, 0x8A85, 0x8A85, 0x8A85, 0x8A85, 0x8A85, 0x8A85, 0x8A85, 0x8A85, 0x8A85, 0x92A5,
  0x61A3, 0x5206, 0x83EF, 0xAD55, 0xB5B7, 0xB5B6, 0x9CD3, 0x94D3, 0x39C6, 0x4143, 0x7225, 0x8A65,
  0x8A65, 0x8A85, 0x8A65, 0x8A85, 0x6266, 0x41C4, 0x3963, 0x2901, 0x3121, 0x4183, 0x3983, 0x3962,
  0x3121, 0x3121, 0x3963, 0x39A4, 0x3142, 0x3121, 0x3121, 0x3142, 0x3963, 0x18A2, 0x0840, 0x0861,
  0x1082, 0x18C3, 0x18C3, 0x0820, 0x0881, 0x10A2, 0x18C3, 0x1082, 0x0841, 0x0841, 0x10A2, 0x10A2,
  0x18C3, 0x18C3, 0x0861, 0x0881, 0x18C3, 0x2945, 0x20C3, 0x18A2, 0x1081, 0x10A2, 0x2945, 0x2945,
  0x2924, 0x20E3, 0x10A2, 0x2124, 0x39E7, 0x39A6, 0x3186, 0x2104, 0x0861, 0x39C7, 0x4A49, 0x5269,
  0x41E7, 0x18E3, 0x0861, 0x4229, 0x6B6E, 0x632C, 0x4209, 0x2125, 0x1082, 0x4AAB, 0x7BEF, 0x8430,
  0x528A, 0x18E4, 0x0861, 0x4AAB, 0x8451, 0xA533, 0x52AB, 0x2145, 0x0020, 0x4AAC, 0x7C52, 0x8431,
  0x52AB, 0x2966, 0x0000, 0x31C7, 0x8CD3, 0x8472, 0x8472, 0x8CD4, 0x9D35, 0x8472, 0x4A49, 0x0840,
  0x39E7, 0xADB7, 0xAD96, 0xAD96, 0xB5B7, 0xBDF8, 0x9CD3, 0x4A8B, 0x83CE, 0x9C6F, 0x9CB0, 0x9C91,
  0x9C91, 0x9C70, 0x9C90, 0x732A, 0x30E1, 0x6B2C, 0xADB6, 0xB5D7, 0xBE18, 0xBE39, 0xBE3A, 0xBE39,
  0xC65A, 0xBE39, 0xAD96, 0xBE18, 0x6B0A, 0x4102, 0x0800, 0x0000, 0x0000, 0x0000, 0x0000, 0x0000,
  0x0000, 0x0000, 0x0000, 0x0000, 0x0000, 0x0000, 0x0000, 0x0000, 0x0000, 0x0000, 0x0000, 0x0000,
  0x0000, 0x0000, 0x0000, 0x0000, 0x0000, 0x0000, 0x0000, 0x0000, 0x0000, 0x0000, 0x0000, 0x0000,
  0x0000, 0x0000, 0x0000, 0x0000, 0x0000, 0x0000, 0x0000, 0x0000, 0x0000, 0x0000, 0x0000, 0x0000,
  0x0000, 0x0000, 0x0000, 0x0000, 0x3121, 0x3121, 0x3121, 0x3121, 0x3101, 0x3121, 0x2901, 0x28E0,
  0x28E0, 0x28E0, 0x28E0, 0x28E0, 0x28E1, 0x4162, 0x3141, 0x41A1, 0x9384, 0x8A66, 0x8A85, 0x8A85,
  0x8A85, 0x8A85, 0x9285, 0x92A5, 0x7A04, 0x4122, 0x59E5, 0x6AEB, 0x5AEB, 0x49C6, 0x61E4, 0x8A65,
  0x8A85, 0x8A85, 0x8A85, 0x8A85, 0x8A85, 0x8A85, 0x8A85, 0x8A85, 0x8A85, 0x8A85, 0x8A85, 0x8A85,
  0x8A85, 0x8A85, 0x8A85, 0x8A85, 0x8A85, 0x8A85, 0x8A85, 0x8A85, 0x8A85, 0x8A85, 0x8A85, 0x8A85,
  0x92A5, 0x8A64, 0x4102, 0x4228, 0x9CD3, 0x62EB, 0x59E5, 0x59C4, 0x7204, 0x8A64, 0x9285, 0x8A85,
  0x8A85, 0x8A85, 0x8A85, 0x8A65, 0x6288, 0x62C9, 0x2902, 0x1880, 0x5247, 0x7B6B, 0x732A, 0x4A06,
  0x18A0, 0x20E2, 0x4A06, 0x62A9, 0x49E6, 0x3123, 0x18A1, 0x3143, 0x4A06, 0x39A6, 0x2104, 0x0841,
  0x0841, 0x20E3, 0x2104, 0x20E4, 0x1081, 0x0840, 0x10A2, 0x20E4, 0x18A2, 0x1061, 0x0861, 0x0841,
  0x1082, 0x1082, 0x0020, 0x0841, 0x0862, 0x18A3, 0x18A3, 0x0862, 0x0840, 0x1081, 0x10A2, 0x18E4,
  0x10A3, 0x0821, 0x10A2, 0x10A2, 0x2104, 0x2105, 0x18C3, 0x0861, 0x10C3, 0x18E4, 0x2104, 0x18C3,
  0x18A2, 0x1081, 0x10A2, 0x18E4, 0x2104, 0x2124, 0x2104, 0x18C3, 0x10C3, 0x2966, 0x3186, 0x3186,
  0x2945, 0x10A2, 0x10A2, 0x39E8, 0x4229, 0x4A49, 0x41E8, 0x18E3, 0x0882, 0x4AAB, 0x5B0D, 0x5B0C,
  0x4208, 0x18E4, 0x0861, 0x424A, 0x8451, 0x738E, 0x6B6E, 0x6B6D, 0x8C91, 0x8451, 0x4208, 0x1081,
  0x4208, 0xA575, 0xAD76, 0xB5B7, 0xB5B7, 0xBDF8, 0x8C71, 0x4209, 0xA4B1, 0xB553, 0xC5F6, 0xC5D5,
  0xBDB5, 0xCE58, 0xC5D5, 0xACD0, 0x3102, 0x632C, 0xB5F7, 0xB5D7, 0xBE19, 0xBE39, 0xBE5A, 0xBE5A,
  0xC67A, 0xBE19, 0xAD97, 0xBDF7, 0x6AA8, 0x20C2, 0x0000, 0x0000, 0x0000, 0x0000, 0x0000, 0x0000,
  0x0000, 0x0000, 0x0000, 0x0000, 0x0000, 0x0000, 0x0000, 0x0000, 0x0000, 0x0000, 0x0000, 0x0000,
  0x0000, 0x0000, 0x0000, 0x0000, 0x0000, 0x0000, 0x0000, 0x0000, 0x0000, 0x0000, 0x0000, 0x0000,
  0x0000, 0x0000, 0x0000, 0x0000, 0x0000, 0x0000, 0x0000, 0x0000, 0x0000, 0x0000, 0x0000, 0x0000,
  0x0000, 0x0000, 0x0000, 0x0000, 0x0000, 0x0000, 0x0000, 0x0000, 0x0000, 0x0000, 0x18C2, 0x3185,
  0x3164, 0x3164, 0x3164, 0x3164, 0x3985, 0x72C9, 0x5A23, 0x5201, 0x7B05, 0x8A65, 0x8A65, 0x8A85,
  0x8A85, 0x8A85, 0x8A85, 0x8A65, 0x8A85, 0x9285, 0x8A64, 0x69C3, 0x1860, 0x38E1, 0x7A24, 0x9285,
  0x8A85, 0x8A85, 0x8A85, 0x8A85, 0x8A85, 0x8A85, 0x8A85, 0x8A85, 0x8A85, 0x8A85, 0x8A85, 0x8A85,
  0x8A85, 0x8A85, 0x8A85, 0x8A85, 0x8A85, 0x8A85, 0x8A85, 0x8A85, 0x8A85, 0x8A85, 0x8A85, 0x8A85,
  0x8A65, 0x92A5, 0x71E4, 0x28E2, 0x2903, 0x7A03, 0x8A64, 0x8A65, 0x9285, 0x8A85, 0x8A85, 0x8A85,
  0x8A85, 0x8A85, 0x8A85, 0x8A85, 0x62A7, 0x5226, 0x28E1, 0x3984, 0x6AEA, 0x6B0A, 0x62EA, 0x2924,
  0x20E2, 0x39A5, 0x5A89, 0x736C, 0x2944, 0x1061, 0x18C2, 0x41E6, 0x7B8C, 0x5A89, 0x2924, 0x1081,
  0x2944, 0x630B, 0x738D, 0x3186, 0x20E3, 0x1061, 0x39C6, 0x6B2B, 0x5269, 0x2945, 0x0861, 0x10A2,
  0x39C7, 0x41E7, 0x31A6, 0x18C2, 0x0020, 0x18C3, 0x2966, 0x3186, 0x2104, 0x0861, 0x0020, 0x18C3,
  0x2104, 0x18C3, 0x10A2, 0x0861, 0x18C3, 0x18E4, 0x1082, 0x0841, 0x0861, 0x0882, 0x2125, 0x18E4,
  0x1062, 0x0020, 0x0882, 0x10A3, 0x18E4, 0x10A3, 0x0861, 0x0020, 0x10A2, 0x1082, 0x1082, 0x10A3,
  0x0841, 0x0861, 0x10A2, 0x18E3, 0x2966, 0x18C3, 0x1082, 0x0882, 0x10C3, 0x10C3, 0x20E4, 0x2104,
  0x10A2, 0x1082, 0x10C3, 0x2125, 0x2125, 0x2925, 0x2945, 0x2945, 0x3186, 0x31A6, 0x2945, 0x0861,
  0x4A49, 0xA555, 0xA555, 0xAD96, 0xAD96, 0xB5D7, 0x7BF0, 0x4208, 0xA4B0, 0xACF1, 0xB552, 0xB511,
  0xB532, 0xC594, 0xBD52, 0xA48F, 0x3963, 0x6B4D, 0xAD75, 0xB5B7, 0xBE18, 0xBE5A, 0xBE5A, 0xBE39,
  0xC65A, 0xB5F8, 0xADB7, 0xB5D6, 0x62A8, 0x3103, 0x0000, 0x0000, 0x0000, 0x0000, 0x0000, 0x0000,
  0x0000, 0x0000, 0x0000, 0x0000, 0x0000, 0x0000, 0x0000, 0x0000, 0x0000, 0x0000, 0x0000, 0x0000,
  0x0000, 0x0000, 0x0000, 0x0000, 0x0000, 0x0000, 0x0000, 0x0000, 0x0000, 0x0000, 0x0000, 0x0000,
  0x0000, 0x0000, 0x0000, 0x0000, 0x0000, 0x0000, 0x0000, 0x0000, 0x0000, 0x0000, 0x0000, 0x0000,
  0x0000, 0x0000, 0x0000, 0x0000, 0x6AA7, 0x6AA7, 0x6AA7, 0x6AA7, 0x6AC7, 0x6AA7, 0x72E8, 0x8368,
  0x8368, 0x8368, 0x7B47, 0x7B47, 0x7B48, 0x6AC7, 0x3122, 0x3142, 0x6265, 0x9B27, 0x8A85, 0x8A85,
  0x8A85, 0x8A85, 0x8A85, 0x8A85, 0x8A65, 0x8A85, 0x8A65, 0x20A1, 0x61C3, 0x8A85, 0x8A85, 0x8A85,
  0x8A85, 0x8A85, 0x8A85, 0x8A85, 0x8A85, 0x8A85, 0x8A85, 0x8A85, 0x8A85, 0x8A85, 0x8A85, 0x8A85,
  0x8A85, 0x8A85, 0x8A85, 0x8A85, 0x8A85, 0x8A85, 0x8A85, 0x8A85, 0x8A85, 0x8A85, 0x8A85, 0x8A85,
  0x8A85, 0x8A65, 0x9AA5, 0x61A3, 0x2081, 0x8A65, 0x8A85, 0x8A85, 0x8A85, 0x8A85, 0x8A85, 0x8A85,
  0x8A85, 0x8A85, 0x8A85, 0x8265, 0x28C1, 0x1860, 0x20C1, 0x3143, 0x49C4, 0x41C4, 0x41C4, 0x41A3,
  0x41A3, 0x49E4, 0x5226, 0x4A05, 0x41C4, 0x3963, 0x49E4, 0x5A46, 0x5A87, 0x3164, 0x1081, 0x10A1,
  0x3985, 0x5A68, 0x5A89, 0x2103, 0x1081, 0x2944, 0x5269, 0x736C, 0x4A07, 0x20C3, 0x10A2, 0x39C6,
  0x6B4C, 0x738D, 0x39A6, 0x18C2, 0x10A2, 0x4A29, 0x7BCE, 0x6B4C, 0x31A6, 0x10A2, 0x18C3, 0x4A6A,
  0x5ACB, 0x52AB, 0x2965, 0x0820, 0x18C3, 0x4A49, 0x4A49, 0x39E8, 0x18C3, 0x0000, 0x18C3, 0x31A7,
  0x3186, 0x2945, 0x1082, 0x0020, 0x10A3, 0x2945, 0x2125, 0x18C3, 0x0862, 0x0841, 0x1083, 0x18E4,
  0x10A2, 0x0861, 0x1082, 0x1082, 0x1904, 0x10A3, 0x0020, 0x0020, 0x10A3, 0x0020, 0x10C3, 0x1082,
  0x0000, 0x0020, 0x10C3, 0x0821, 0x0000, 0x0000, 0x0000, 0x0000, 0x0020, 0x0020, 0x0861, 0x0861,
  0x630C, 0xAD96, 0xAD96, 0xB5B7, 0xAD96, 0xB5D7, 0x73AF, 0x4A49, 0x7B4B, 0x72E9, 0x7B2A, 0x7B4A,
  0x7B6A, 0x836B, 0x838B, 0x6AC8, 0x3963, 0x6B6D, 0xA534, 0xB5D7, 0xBE19, 0xBE39, 0xBE39, 0xBE39,
  0xBE5A, 0xB5F8, 0xB5F8, 0xB5B6, 0x5A46, 0x28E2, 0x0000, 0x0000, 0x0000, 0x0000, 0x0000, 0x0000,
  0x0000, 0x0000, 0x0000, 0x0000, 0x0000, 0x0000, 0x0000, 0x0000, 0x0000, 0x0000, 0x0000, 0x0000,
  0x0000, 0x0000, 0x0000, 0x0000, 0x0000, 0x0000, 0x0000, 0x0000, 0x0000, 0x0000, 0x0000, 0x0000,
  0x0000, 0x0000, 0x0000, 0x0000, 0x0000, 0x0000, 0x0000, 0x0000, 0x0000, 0x0000, 0x0000, 0x0000,
  0x0000, 0x0000, 0x0000, 0x0000, 0x7B47, 0x6B07, 0x7327, 0x7307, 0x6B07, 0x6AE7, 0x83C4, 0x39C5,
  0x31A6, 0x31A6, 0x4207, 0x4207, 0x4228, 0x39E6, 0x2123, 0x39C5, 0x7328, 0x93AA, 0x8A65, 0x8A85,
  0x8A85, 0x8A85, 0x8A85, 0x8A85, 0x8A85, 0x8245, 0x5163, 0x3902, 0x7A24, 0x9285, 0x8A65, 0x8A85,
  0x8A85, 0x8A85, 0x8A85, 0x8A85, 0x8A85, 0x8A85, 0x8A85, 0x8A85, 0x8A85, 0x8A85, 0x8A85, 0x8A85,
  0x8A85, 0x8A85, 0x8A85, 0x8A85, 0x8A85, 0x8A85, 0x8A85, 0x8A85, 0x8A85, 0x8A85, 0x8A85, 0x8A85,
  0x8A85, 0x8A85, 0x8A85, 0x8A65, 0x59A3, 0x28A1, 0x8265, 0x9285, 0x8A85, 0x8A85, 0x8A85, 0x8A85,
  0x8A85, 0x8A85, 0x8A85, 0x8A65, 0x3943, 0x10A1, 0x1061, 0x0841, 0x0000, 0x0000, 0x0000, 0x0840,
  0x0840, 0x18A2, 0x3185, 0x4207, 0x20E2, 0x20E1, 0x2923, 0x3164, 0x39A6, 0x20E3, 0x1060, 0x10A1,
  0x2104, 0x20E4, 0x20C3, 0x18A1, 0x1081, 0x20E3, 0x3144, 0x2103, 0x20E3, 0x1081, 0x10A2, 0x3165,
  0x4207, 0x41E7, 0x2103, 0x1061, 0x2103, 0x4208, 0x62EB, 0x4A48, 0x20E3, 0x1081, 0x31A6, 0x5ACB,
  0x73AE, 0x526A, 0x2103, 0x10A2, 0x39E8, 0x7BCF, 0x7BEF, 0x4208, 0x18E3, 0x1082, 0x4208, 0x6B4D,
  0x528A, 0x41E7, 0x18E3, 0x0841, 0x4208, 0x632D, 0x630C, 0x4208, 0x18C3, 0x0020, 0x39E8, 0x5B0C,
  0x5B0C, 0x39E8, 0x10A2, 0x0000, 0x2945, 0x39E8, 0x31C7, 0x2966, 0x1082, 0x0000, 0x10A2, 0x2966,
  0x2124, 0x1904, 0x2145, 0x18E4, 0x10C3, 0x10A3, 0x0882, 0x0861, 0x0000, 0x0020, 0x0861, 0x0861,
  0x7BCF, 0xB5D7, 0xB5B7, 0xB5D7, 0xB5D7, 0xBDF7, 0x6B4E, 0x4A49, 0x51E5, 0x3922, 0x4184, 0x3943,
  0x4183, 0x41A4, 0x3942, 0x49A4, 0x3963, 0x73AE, 0xA555, 0xB5D7, 0xBE19, 0xBE39, 0xBE39, 0xBE39,
  0xC65A, 0xB5F8, 0xB5D7, 0xAD75, 0x5A46, 0x2902, 0x0000, 0x0000, 0x0000, 0x0000, 0x0000, 0x0000,
  0x0000, 0x0000, 0x0000, 0x0000, 0x0000, 0x0000, 0x0000, 0x0000, 0x0000, 0x0000, 0x0000, 0x0000,
  0x0000, 0x0000, 0x0000, 0x0000, 0x0000, 0x0000, 0x0000, 0x0000, 0x0000, 0x0000, 0x0000, 0x0000,
  0x0000, 0x0000, 0x0000, 0x0000, 0x0000, 0x0000, 0x0000, 0x0000, 0x0000, 0x0000, 0x0000, 0x0000,
  0x0000, 0x0000, 0x0000, 0x0000, 0x0861, 0x0041, 0x0000, 0x0041, 0x0882, 0x0862, 0x2923, 0x2902,
  0x2101, 0x2122, 0x5225, 0x49E4, 0x51E4, 0x6AC7, 0x7307, 0x6AA6, 0x6AE9, 0x6267, 0x92A5, 0x8A65,
  0x8A85, 0x8A85, 0x8A85, 0x8A65, 0x9285, 0x71E4, 0x1861, 0x7A44, 0x9285, 0x8A65, 0x8A85, 0x8A85,
  0x8A85, 0x8A85, 0x8A85, 0x8A85, 0x8A85, 0x8A85, 0x8A85, 0x8A85, 0x8A85, 0x8A85, 0x8A85, 0x8A85,
  0x8A85, 0x8A85, 0x8A85, 0x8A85, 0x8A85, 0x8A85, 0x8A85, 0x8A85, 0x8A85, 0x8A85, 0x8A85, 0x8A85,
  0x8A85, 0x8A85, 0x8A65, 0x92A5, 0x69E4, 0x1061, 0x8245, 0x8A85, 0x8A85, 0x8A85, 0x8A85, 0x8A85,
  0x8A85, 0x8A85, 0x8A85, 0x8A65, 0x49C5, 0x3163, 0x3963, 0x3963, 0x2902, 0x28E2, 0x20E2, 0x1081,
  0x1081, 0x1061, 0x0841, 0x1083, 0x0841, 0x0841, 0x0861, 0x0862, 0x18C4, 0x0861, 0x0020, 0x1061,
  0x18C3, 0x2946, 0x18C3, 0x0820, 0x0861, 0x10A2, 0x2125, 0x18E4, 0x1082, 0x0861, 0x1082, 0x20E3,
  0x18A3, 0x10A3, 0x1061, 0x1061, 0x18A2, 0x2925, 0x18E4, 0x18E3, 0x1081, 0x10A2, 0x2124, 0x3166,
  0x3185, 0x2904, 0x10A2, 0x18C3, 0x3186, 0x4208, 0x4A28, 0x2945, 0x1061, 0x18E3, 0x39E7, 0x528A,
  0x5269, 0x2965, 0x10A2, 0x1903, 0x4A6A, 0x5ACB, 0x4A49, 0x3165, 0x10A2, 0x18E3, 0x4A8B, 0x632D,
  0x630C, 0x39E8, 0x10A2, 0x10C3, 0x52CB, 0x7BCF, 0x6B8E, 0x39E8, 0x18C3, 0x0841, 0x424A, 0x634E,
  0x6B8E, 0x6B8F, 0x6B6E, 0x634E, 0x6B8F, 0x636E, 0x634E, 0x52AB, 0x20E3, 0x0000, 0x0000, 0x0841,
  0x94B3, 0xB5D7, 0xB5B7, 0xBE18, 0xB5F7, 0xBDF7, 0x632D, 0x4A07, 0x5A26, 0x5A67, 0x5A26, 0x49E5,
  0x51E5, 0x49C4, 0x4183, 0x4163, 0x3123, 0x8C71, 0xAD96, 0xB5D7, 0xBE18, 0xBE5A, 0xBE7A, 0xBE5A,
  0xBE5A, 0xB5D8, 0xBE18, 0xAD54, 0x5A05, 0x3122, 0x0000, 0x0000, 0x0000, 0x0000, 0x0000, 0x0000,
  0x0000, 0x0000, 0x0000, 0x0000, 0x0000, 0x0000, 0x0000, 0x0000, 0x0000, 0x0000, 0x0000, 0x0000,
  0x0000, 0x0000, 0x0000, 0x0000, 0x0000, 0x0000, 0x0000, 0x0000, 0x0000, 0x0000, 0x0000, 0x0000,
  0x0000, 0x0000, 0x0000, 0x0000, 0x0000, 0x0000, 0x0000, 0x0000, 0x0000, 0x0000, 0x0000, 0x0000,
  0x0000, 0x0000, 0x0000, 0x0000, 0x0000, 0x0000, 0x39A5, 0x41C5, 0x49E5, 0x41C4, 0x5A46, 0x72C6,
  0x6AA5, 0x62A5, 0x7308, 0x5A44, 0x41E3, 0x4205, 0x5268, 0x8C4C, 0x3A02, 0x4124, 0x9AE6, 0x8A65,
  0x8A85, 0x8A85, 0x8A65, 0x9285, 0x69E4, 0x30C2, 0x71E4, 0x8A65, 0x8A85, 0x8A85, 0x8A85, 0x8A85,
  0x8A85, 0x8A85, 0x8A85, 0x8A85, 0x8A85, 0x8A85, 0x8A85, 0x8A85, 0x8A85, 0x8A85, 0x8A85, 0x8A85,
  0x8A85, 0x8A85, 0x8A85, 0x8A85, 0x8A85, 0x8A85, 0x8A85, 0x8A85, 0x8A85, 0x8A85, 0x8A85, 0x8A85,
  0x8A85, 0x8A85, 0x8A85, 0x8A85, 0x8A65, 0x61C4, 0x28A1, 0x8245, 0x9285, 0x8A65, 0x8A85, 0x8A85,
  0x8A85, 0x8A85, 0x8A85, 0x8A65, 0x3103, 0x0840, 0x3165, 0x62CA, 0x5A88, 0x5247, 0x5A68, 0x5246,
  0x41A3, 0x3142, 0x2922, 0x3963, 0x41C5, 0x41C5, 0x2923, 0x1061, 0x18A2, 0x2924, 0x3165, 0x2104,
  0x0841, 0x0020, 0x10A2, 0x18A2, 0x20E3, 0x1082, 0x0862, 0x0862, 0x1062, 0x0841, 0x1082, 0x1082,
  0x10A3, 0x1082, 0x0000, 0x0840, 0x0861, 0x2104, 0x18E4, 0x10A3, 0x0840, 0x1081, 0x2104, 0x2125,
  0x18E4, 0x1062, 0x1061, 0x1081, 0x2945, 0x2125, 0x20E4, 0x1082, 0x10A2, 0x10A2, 0x20E4, 0x20E4,
  0x20E3, 0x18C2, 0x18C2, 0x18C3, 0x2104, 0x2924, 0x2104, 0x18C3, 0x10A2, 0x18E3, 0x39A7, 0x4208,
  0x4208, 0x2944, 0x0882, 0x2125, 0x4A6A, 0x5AEB, 0x52AA, 0x2945, 0x10A2, 0x18E4, 0x4A8B, 0x4A4A,
  0x73CF, 0x6B6D, 0x62EB, 0x738D, 0x842F, 0x8C71, 0x632C, 0x39E8, 0x2944, 0x1082, 0x4A49, 0x632D,
  0xA575, 0xB5D7, 0xB5D7, 0xBE18, 0xB5F7, 0xB5B6, 0x52AB, 0x5ACB, 0xA48F, 0xAD12, 0xB532, 0xACF1,
  0xAD12, 0xACF2, 0xA48F, 0x5A46, 0x3123, 0xAD75, 0xB5D7, 0xBDF8, 0xBE39, 0xC67A, 0xC6BC, 0xC6BB,
  0xC69B, 0xB5D8, 0xBE18, 0xA513, 0x5205, 0x3122, 0x0000, 0x0000, 0x0000, 0x0000, 0x0000, 0x0000,
  0x0000, 0x0000, 0x0000, 0x0000, 0x0000, 0x0000, 0x0000, 0x0000, 0x0000, 0x0000, 0x0000, 0x0000,
  0x0000, 0x0000, 0x0000, 0x0000, 0x0000, 0x0000, 0x0000, 0x0000, 0x0000, 0x0000, 0x0000, 0x0000,
  0x0000, 0x0000, 0x0000, 0x0000, 0x0000, 0x0000, 0x0000, 0x0000, 0x0000, 0x0000, 0x0000, 0x0000,
  0x0000, 0x0000, 0x0000, 0x0000, 0x5A44, 0x5A44, 0x7307, 0x7328, 0x5A45, 0x5A45, 0x5A86, 0x3163,
  0x3103, 0x2102, 0x0020, 0x0000, 0x3184, 0x62A8, 0x7B4A, 0x7B69, 0x6B07, 0x834A, 0x8A65, 0x8A65,
  0x8A85, 0x8A85, 0x8A65, 0x92A5, 0x61C3, 0x1861, 0x8A65, 0x9285, 0x8A85, 0x8A85, 0x8A85, 0x8A85,
  0x8A85, 0x8A85, 0x8A85, 0x8A85, 0x8A85, 0x8A85, 0x8A85, 0x8A85, 0x8A85, 0x8A85, 0x8A85, 0x8A85,
  0x8A85, 0x8A85, 0x8A85, 0x8A85, 0x8A85, 0x8A85, 0x8A85, 0x8A85, 0x8A85, 0x8A85, 0x8A85, 0x8A85,
  0x8A85, 0x8A85, 0x8A85, 0x8A65, 0x9285, 0x8245, 0x30E2, 0x5983, 0x8265, 0x8A85, 0x8A65, 0x8A85,
  0x8A85, 0x8A85, 0x8A85, 0x8A85, 0x49A3, 0x3983, 0x5A67, 0x62C9, 0x41C6, 0x41A6, 0x3986, 0x41C6,
  0x20C2, 0x1881, 0x3984, 0x5A87, 0x62A8, 0x41A5, 0x41A4, 0x49C4, 0x5226, 0x7B8D, 0x5AAA, 0x2944,
  0x18A1, 0x20E3, 0x5248, 0x62EA, 0x39A6, 0x20E3, 0x0020, 0x20E3, 0x4A07, 0x4207, 0x3165, 0x1061,
  0x0000, 0x20E3, 0x3165, 0x2965, 0x18E3, 0x0000, 0x0020, 0x1082, 0x1082, 0x20E3, 0x1082, 0x0841,
  0x0862, 0x0841, 0x0861, 0x0882, 0x18C3, 0x1904, 0x1082, 0x0000, 0x0841, 0x0862, 0x10A3, 0x2105,
  0x10A3, 0x0020, 0x1082, 0x1082, 0x0000, 0x0000, 0x0020, 0x0820, 0x10A2, 0x10A2, 0x0841, 0x0840,
  0x0861, 0x0861, 0x10A2, 0x18E4, 0x18A2, 0x1082, 0x10A2, 0x1082, 0x10A2, 0x18E4, 0x2945, 0x2945,
  0x2945, 0x2924, 0x3144, 0x3165, 0x3185, 0x41C7, 0x39A6, 0x31A6, 0x2924, 0x2124, 0x94B2, 0xB5D7,
  0xB5B6, 0xB5D7, 0xBE18, 0xBE18, 0xBDF8, 0xAD75, 0x4A8B, 0x7BCE, 0xA4B0, 0xAD11, 0xBD94, 0xA4B0,
  0xBDB4, 0xBD94, 0xB4F1, 0x7B4A, 0x3964, 0x9D14, 0xB5D7, 0xBE18, 0xC659, 0xC67A, 0xCEDC, 0xC6DC,
  0xC6BB, 0xB5F8, 0xBE5A, 0xA4F3, 0x5A26, 0x3923, 0x0000, 0x0000, 0x0000, 0x0000, 0x0000, 0x0000,
  0x0000, 0x0000, 0x0000, 0x0000, 0x0000, 0x0000, 0x0000, 0x0000, 0x0000, 0x0000, 0x0000, 0x0000,
  0x0000, 0x0000, 0x0000, 0x0000, 0x0000, 0x0000, 0x0000, 0x0000, 0x0000, 0x0000, 0x0000, 0x0000,
  0x0000, 0x0000, 0x0000, 0x0000, 0x0000, 0x0000, 0x0000, 0x0000, 0x0000, 0x0000, 0x0000, 0x0000,
  0x0000, 0x0000, 0x0000, 0x0000, 0x3184, 0x3164, 0x3143, 0x3185, 0x0021, 0x0000, 0x0000, 0x0000,
  0x0000, 0x0000, 0x3143, 0x3983, 0x7B49, 0x7B49, 0x6266, 0x5205, 0x2925, 0x6AA9, 0x9308, 0x8A85,
  0x8A85, 0x8A85, 0x8A65, 0x92A5, 0x61C3, 0x2081, 0x8245, 0x8A85, 0x8A85, 0x8A85, 0x8A85, 0x8A85,
  0x8A85, 0x8A85, 0x8A85, 0x8A85, 0x8A85, 0x8A85, 0x8A85, 0x8A85, 0x8A85, 0x8A85, 0x8A85, 0x8A85,
  0x8A85, 0x8A85, 0x8A85, 0x8A85, 0x8A85, 0x8A85, 0x8A85, 0x8A85, 0x8A85, 0x8A85, 0x8A85, 0x8A85,
  0x8A85, 0x8A85, 0x8A85, 0x8A85, 0x8A65, 0x8A85, 0x8A65, 0x1060, 0x69C3, 0x92A5, 0x8A65, 0x8A85,
  0x8A85, 0x8A85, 0x8265, 0x3103, 0x1040, 0x28E2, 0x2902, 0x3943, 0x41A4, 0x3983, 0x3943, 0x1881,
  0x1060, 0x1040, 0x20C3, 0x3145, 0x2924, 0x18A2, 0x1060, 0x20E3, 0x39A6, 0x4A28, 0x39A6, 0x18A2,
  0x1081, 0x3165, 0x5AA9, 0x62EB, 0x2944, 0x18C2, 0x20E3, 0x41E7, 0x7BAD, 0x6B0B, 0x2924, 0x18C2,
  0x2103, 0x5269, 0x83EE, 0x5269, 0x2944, 0x1081, 0x20E3, 0x5A8A, 0x6B4C, 0x41C7, 0x20E3, 0x0020,
  0x20E3, 0x4A49, 0x4A48, 0x39A6, 0x0861, 0x0000, 0x10A2, 0x3186, 0x39C7, 0x2945, 0x0821, 0x0000,
  0x1082, 0x18E3, 0x18E3, 0x18C2, 0x0020, 0x0020, 0x0020, 0x0020, 0x0861, 0x0861, 0x0020, 0x0841,
  0x0000, 0x0000, 0x0862, 0x1082, 0x0000, 0x0000, 0x0000, 0x0020, 0x10A2, 0x18C3, 0x0000, 0x0000,
  0x0000, 0x0020, 0x0840, 0x0820, 0x0840, 0x0841, 0x0861, 0x1061, 0x10A2, 0x3185, 0x9492, 0xAD75,
  0xAD75, 0xB5B7, 0xBDF8, 0xBDF8, 0xB5D7, 0xA534, 0x4A8B, 0x7BAD, 0x9C2D, 0x9C4E, 0x9C4E, 0x9C4E,
  0xA48E, 0xA4AF, 0xA48F, 0x62A7, 0x41C5, 0x94D2, 0xAD96, 0xBE18, 0xC65A, 0xC67A, 0xC6BB, 0xC6BB,
  0xCEBC, 0xADB7, 0xBE39, 0x9CD2, 0x51E5, 0x2860, 0x0000, 0x0000, 0x0000, 0x0000, 0x0000, 0x0000,
  0x0000, 0x0000, 0x0000, 0x0000, 0x0000, 0x0000, 0x0000, 0x0000, 0x0000, 0x0000, 0x0000, 0x0000,
  0x0000, 0x0000, 0x0000, 0x0000, 0x0000, 0x0000, 0x0000, 0x0000, 0x0000, 0x0000, 0x0000, 0x0000,
  0x0000, 0x0000, 0x0000, 0x0000, 0x0000, 0x0000, 0x0000, 0x0000, 0x0000, 0x0000, 0x0000, 0x0000,
  0x0000, 0x0000, 0x0000, 0x0000, 0x0000, 0x0000, 0x0000, 0x0000, 0x0821, 0x3985, 0x3142, 0x5225,
  0x7307, 0x7307, 0x7329, 0x72E8, 0x4A06, 0x2104, 0x1082, 0x3984, 0x3121, 0x5246, 0x93CD, 0x92C7,
  0x8A64, 0x8A85, 0x8A65, 0x92A5, 0x61C3, 0x1881, 0x8245, 0x8A85, 0x8A85, 0x8A85, 0x8A85, 0x8A85,
  0x8A85, 0x8A85, 0x8A85, 0x8A85, 0x8A85, 0x8A85, 0x8A85, 0x8A85, 0x8A85, 0x8A85, 0x8A85, 0x8A85,
  0x8A85, 0x8A85, 0x8A85, 0x8A85, 0x8A85, 0x8A85, 0x8A85, 0x8A85, 0x8A85, 0x8A85, 0x8A85, 0x8A85,
  0x8A85, 0x8A85, 0x8A85, 0x8A85, 0x8A85, 0x8A85, 0x8265, 0x1860, 0x69E3, 0x92A5, 0x8A65, 0x8A85,
  0x8A85, 0x8A85, 0x8A85, 0x3963, 0x3102, 0x18A1, 0x0820, 0x0820, 0x20C2, 0x3123, 0x3964, 0x49C4,
  0x49C4, 0x3963, 0x3984, 0x3185, 0x3186, 0x1061, 0x0840, 0x10A2, 0x2104, 0x2104, 0x18C3, 0x0840,
  0x1081, 0x2104, 0x2924, 0x20E3, 0x1882, 0x10A2, 0x18E3, 0x3166, 0x3185, 0x2944, 0x18A2, 0x1081,
  0x2944, 0x4A28, 0x62EA, 0x39A6, 0x18C2, 0x18A2, 0x3185, 0x5AA9, 0x7B8D, 0x3145, 0x18C2, 0x18E2,
  0x41E7, 0x840F, 0x8C50, 0x3165, 0x18C2, 0x1082, 0x41C7, 0x5289, 0x5269, 0x3185, 0x18C2, 0x0841,
  0x39E7, 0x5AEB, 0x5ACB, 0x3186, 0x1082, 0x0020, 0x3186, 0x4A6A, 0x4A8A, 0x2965, 0x0841, 0x0000,
  0x18C3, 0x2945, 0x2124, 0x2125, 0x18E3, 0x18E3, 0x10A2, 0x0020, 0x0861, 0x0882, 0x0862, 0x0841,
  0x0020, 0x0000, 0x0020, 0x0020, 0x0000, 0x0000, 0x0000, 0x0000, 0x0820, 0x31A6, 0x9D13, 0xB596,
  0xB5B6, 0xB5B7, 0xB5B6, 0xB5B6, 0xBDD7, 0x9CD3, 0x52CC, 0x732B, 0x5205, 0x5A26, 0x5A47, 0x5A46,
  0x6288, 0x6287, 0x5A46, 0x49A4, 0x41E6, 0x9CD2, 0xAD76, 0xBDF8, 0xC65A, 0xC69B, 0xCEFC, 0xC69B,
  0xC67A, 0xAD76, 0xC679, 0x9C90, 0x51E5, 0x0840, 0x0000, 0x0000, 0x0000, 0x0000, 0x0000, 0x0000,
  0x0000, 0x0000, 0x0000, 0x0000, 0x0000, 0x0000, 0x0000, 0x0000, 0x0000, 0x0000, 0x0000, 0x0000,
  0x0000, 0x0000, 0x0000, 0x0000, 0x0000, 0x0000, 0x0000, 0x0000, 0x0000, 0x0000, 0x0000, 0x0000,
  0x0000, 0x0000, 0x0000, 0x0000, 0x0000, 0x0000, 0x0000, 0x0000, 0x0000, 0x0000, 0x0000, 0x0000,
  0x0000, 0x0000, 0x0000, 0x0000, 0x2923, 0x4183, 0x3963, 0x6A86, 0x6A63, 0x7B27, 0x7328, 0x7AC7,
  0x6984, 0x39A5, 0x10A2, 0x0841, 0x0040, 0x3163, 0x62A7, 0x72C5, 0x7308, 0x6AC7, 0x830A, 0x92E7,
  0x8A64, 0x8A85, 0x8A65, 0x92A5, 0x61C3, 0x1881, 0x8245, 0x8A85, 0x8A85, 0x8A85, 0x8A85, 0x8A85,
  0x8A85, 0x8A85, 0x8A85, 0x8A85, 0x8A85, 0x8A85, 0x8A85, 0x8A85, 0x8A85, 0x8A85, 0x8A85, 0x8A85,
  0x8A85, 0x8A85, 0x8A85, 0x8A85, 0x8A85, 0x8A85, 0x8A85, 0x8A85, 0x8A85, 0x8A85, 0x8A85, 0x8A85,
  0x8A85, 0x8A85, 0x8A85, 0x8A85, 0x8A85, 0x8A85, 0x8265, 0x1860, 0x69E3, 0x92A5, 0x8A65, 0x8A85,
  0x8A85, 0x8265, 0x61C3, 0x3143, 0x3143, 0x3963, 0x3963, 0x20A1, 0x1040, 0x0840, 0x0840, 0x1881,
  0x18A2, 0x3163, 0x39A4, 0x41A4, 0x3983, 0x3122, 0x28E1, 0x20E2, 0x0862, 0x1904, 0x10A3, 0x0000,
  0x0840, 0x18C3, 0x2125, 0x2105, 0x0841, 0x0861, 0x18A2, 0x2946, 0x2145, 0x2125, 0x0840, 0x10A2,
  0x18C2, 0x2965, 0x18E4, 0x18A2, 0x1081, 0x1082, 0x20E3, 0x20E3, 0x18A3, 0x18A2, 0x10A2, 0x10A2,
  0x3165, 0x39A6, 0x3986, 0x18A2, 0x1081, 0x18E3, 0x41E7, 0x4A07, 0x3985, 0x2103, 0x1082, 0x2124,
  0x4A49, 0x4A28, 0x41E7, 0x2945, 0x10A2, 0x1903, 0x4A49, 0x5AEB, 0x5ACB, 0x3165, 0x10A2, 0x0861,
  0x52AA, 0x6B4D, 0x5AEB, 0x528A, 0x528A, 0x62EB, 0x4A69, 0x10A2, 0x0000, 0x2945, 0x52AB, 0x634C,
  0x4228, 0x18C3, 0x0000, 0x0841, 0x3187, 0x4AAA, 0x39E7, 0x10A2, 0x0000, 0x4A69, 0xB5D7, 0xB5B7,
  0xBDF7, 0xBDF7, 0xB5B6, 0xAD95, 0xB5B6, 0x8C71, 0x52CC, 0x5A47, 0x3921, 0x4163, 0x3963, 0x3902,
  0x49A5, 0x3922, 0x3942, 0x4163, 0x5248, 0xA513, 0xAD96, 0xB5D7, 0xC67A, 0xC69B, 0xCEDC, 0xBE5A,
  0xBE59, 0xA555, 0xC659, 0x944F, 0x5205, 0x1061, 0x0000, 0x0000, 0x0000, 0x0000, 0x0000, 0x0000,
  0x0000, 0x0000, 0x0000, 0x0000, 0x0000, 0x0000, 0x0000, 0x0000, 0x0000, 0x0000, 0x0000, 0x0000,
  0x0000, 0x0000, 0x0000, 0x0000, 0x0000, 0x0000, 0x0000, 0x0000, 0x0000, 0x0000, 0x0000, 0x0000,
  0x0000, 0x0000, 0x0000, 0x0000, 0x0000, 0x0000, 0x0000, 0x0000, 0x0000, 0x0000, 0x0000, 0x0000,
  0x0000, 0x0000, 0x0000, 0x0000, 0x41E7, 0x6A84, 0x59E0, 0x6262, 0x3141, 0x2100, 0x0000, 0x0000,
  0x0000, 0x0000, 0x3142, 0x6284, 0x6242, 0x72C4, 0x5A23, 0x28E1, 0x2102, 0x5A24, 0x6A84, 0x82A6,
  0x9285, 0x8A85, 0x8A65, 0x92A5, 0x61C3, 0x1881, 0x8245, 0x8A85, 0x8A85, 0x8A85, 0x8A85, 0x8A85,
  0x8A85, 0x8A85, 0x8A85, 0x8A85, 0x8A85, 0x8A85, 0x8A85, 0x8A85, 0x8A85, 0x8A85, 0x8A85, 0x8A85,
  0x8A85, 0x8A85, 0x8A85, 0x8A85, 0x8A85, 0x8A85, 0x8A85, 0x8A85, 0x8A85, 0x8A85, 0x8A85, 0x8A85,
  0x8A85, 0x8A85, 0x8A85, 0x8A85, 0x8A85, 0x8A85, 0x8265, 0x1860, 0x69E3, 0x92A5, 0x8A65, 0x8A85,
  0x9285, 0x7A45, 0x41A3, 0x20C2, 0x1082, 0x18C3, 0x20C1, 0x2901, 0x3121, 0x28E1, 0x1060, 0x0000,
  0x0000, 0x0000, 0x1082, 0x39A6, 0x3185, 0x39A5, 0x49E5, 0x41C5, 0x2924, 0x20E4, 0x18C3, 0x10A2,
  0x18E3, 0x10A2, 0x1082, 0x1082, 0x0841, 0x0841, 0x0861, 0x0021, 0x0862, 0x0862, 0x0000, 0x0841,
  0x0841, 0x1904, 0x18E4, 0x0862, 0x0020, 0x0861, 0x1082, 0x2125, 0x2145, 0x1082, 0x1081, 0x1082,
  0x20E4, 0x2125, 0x2945, 0x1061, 0x10A2, 0x10A2, 0x1061, 0x18A2, 0x1882, 0x1061, 0x18C2, 0x18E3,
  0x2104, 0x2904, 0x2904, 0x18A2, 0x1082, 0x18E3, 0x39A6, 0x4A48, 0x39A6, 0x18C3, 0x1081, 0x18E3,
  0x5289, 0x5AAA, 0x5AAA, 0x5268, 0x4A48, 0x5AAA, 0x41C6, 0x18C2, 0x1082, 0x4A69, 0x7BEE, 0x7BCE,
  0x73AD, 0x2924, 0x0841, 0x2966, 0x6B4D, 0x7BEF, 0x738E, 0x4A69, 0x1081, 0x5AEB, 0xBDF7, 0xBDD7,
  0xBE18, 0xBDF8, 0xB5B6, 0xAD75, 0xB595, 0x8430, 0x4A6A, 0x6AC9, 0x838B, 0x838B, 0x836B, 0x7B4A,
  0x7309, 0x72E9, 0x5A46, 0x3101, 0x5AAA, 0xAD96, 0xADB6, 0xBDF7, 0xC67A, 0xC67A, 0xC67A, 0xBE39,
  0xC679, 0x9D34, 0xC659, 0x8C0E, 0x5A26, 0x1061, 0x0000, 0x0000, 0x0000, 0x0000, 0x0000, 0x0000,
  0x0000, 0x0000, 0x0000, 0x0000, 0x0000, 0x0000, 0x0000, 0x0000, 0x0000, 0x0000, 0x0000, 0x0000,
  0x0000, 0x0000, 0x0000, 0x0000, 0x0000, 0x0000, 0x0000, 0x0000, 0x0000, 0x0000, 0x0000, 0x0000,
  0x0000, 0x0000, 0x0000, 0x0000, 0x0000, 0x0000, 0x0000, 0x0000, 0x0000, 0x0000, 0x0000, 0x0000,
  0x0000, 0x0000, 0x0000, 0x0000, 0x0000, 0x0000, 0x0000, 0x0020, 0x0000, 0x0000, 0x18A1, 0x2920,
  0x4A24, 0x72C5, 0x72A4, 0x41A2, 0x2880, 0x3980, 0x3163, 0x41C1, 0x7284, 0x62A3, 0x2940, 0x69E6,
  0x9AC6, 0x8A64, 0x8A65, 0x92A5, 0x61C3, 0x1881, 0x8245, 0x8A85, 0x8A85, 0x8A85, 0x8A85, 0x8A85,
  0x8A85, 0x8A85, 0x8A85, 0x8A85, 0x8A85, 0x8A85, 0x8A85, 0x8A85, 0x8A85, 0x8A85, 0x8A85, 0x8A85,
  0x8A85, 0x8A85, 0x8A85, 0x8A85, 0x8A85, 0x8A85, 0x8A85, 0x8A85, 0x8A85, 0x8A85, 0x8A85, 0x8A85,
  0x8A85, 0x8A85, 0x8A85, 0x8A85, 0x8A85, 0x8A85, 0x8265, 0x1860, 0x69E3, 0x92A5, 0x8A65, 0x8A85,
  0x8A64, 0x92E8, 0xA470, 0x93EC, 0x7B4A, 0x838B, 0x83CE, 0x8BEF, 0x83CE, 0x7B6C, 0x7B2A, 0x5A66,
  0x5247, 0x41C5, 0x39A6, 0x41E8, 0x41E8, 0x41E8, 0x41E8, 0x39E7, 0x41C7, 0x41C7, 0x41C7, 0x39A6,
  0x41E7, 0x4208, 0x4208, 0x41E8, 0x4208, 0x41E7, 0x39C7, 0x39A6, 0x3165, 0x2945, 0x2924, 0x2945,
  0x2104, 0x10A2, 0x18A2, 0x10A2, 0x1082, 0x10A2, 0x0861, 0x0841, 0x0841, 0x0000, 0x0841, 0x0841,
  0x0841, 0x0862, 0x1062, 0x0000, 0x0841, 0x0861, 0x0000, 0x0000, 0x0000, 0x0000, 0x10A2, 0x1061,
  0x0000, 0x0000, 0x0000, 0x0841, 0x10C2, 0x1061, 0x0820, 0x0820, 0x0840, 0x0841, 0x10A2, 0x10C2,
  0x1881, 0x1881, 0x1881, 0x18A2, 0x20E3, 0x20E3, 0x18A2, 0x10A2, 0x18E3, 0x2925, 0x4207, 0x5289,
  0x2924, 0x18C2, 0x10A2, 0x3186, 0x528A, 0x6B6D, 0x5AAA, 0x41E7, 0x18E2, 0x630B, 0xB5B6, 0xBDD7,
  0xBDF7, 0xBDF7, 0xB5B6, 0xAD75, 0xB5D6, 0x7BCF, 0x528B, 0x9C4D, 0xA48E, 0xBD52, 0xB4F0, 0xACD0,
  0xB532, 0xACD0, 0xA48E, 0x4143, 0x630B, 0xB5B6, 0xAD96, 0xBDF8, 0xC67A, 0xC67A, 0xC69A, 0xBE39,
  0xBE18, 0xA535, 0xC679, 0x83CD, 0x5205, 0x1061, 0x0000, 0x0000, 0x0000, 0x0000, 0x0000, 0x0000,
  0x0000, 0x0000, 0x0000, 0x0000, 0x0000, 0x0000, 0x0000, 0x0000, 0x0000, 0x0000, 0x0000, 0x0000,
  0x0000, 0x0000, 0x0000, 0x0000, 0x0000, 0x0000, 0x0000, 0x0000, 0x0000, 0x0000, 0x0000, 0x0000,
  0x0000, 0x0000, 0x0000, 0x0000, 0x0000, 0x0000, 0x0000, 0x0000, 0x0000, 0x0000, 0x0000, 0x0000,
  0x0000, 0x0000, 0x0000, 0x0000, 0x0000, 0x0000, 0x0000, 0x0000, 0x30E1, 0x41A2, 0x7306, 0x7203,
  0x6101, 0x3121, 0x1080, 0x0840, 0x3160, 0x6263, 0x72A5, 0x5162, 0x2081, 0x0020, 0x2962, 0x6223,
  0x92C6, 0x8A85, 0x8A65, 0x92A5, 0x61C3, 0x1881, 0x8245, 0x8A85, 0x8A85, 0x8A85, 0x8A85, 0x8A85,
  0x8A85, 0x8A85, 0x8A85, 0x8A85, 0x8A85, 0x8A85, 0x8A85, 0x8A85, 0x8A85, 0x8A85, 0x8A85, 0x8A85,
  0x8A85, 0x8A85, 0x8A85, 0x8A85, 0x8A85, 0x8A85, 0x8A85, 0x8A85, 0x8A85, 0x8A85, 0x8A85, 0x8A85,
  0x8A85, 0x8A85, 0x8A85, 0x8A85, 0x8A85, 0x8A85, 0x8265, 0x1860, 0x69E3, 0x92A5, 0x8A85, 0x8A64,
  0x8A85, 0x93AC, 0xA4B2, 0xA4B2, 0xA470, 0x93ED, 0x8BAB, 0x8BED, 0xA4B1, 0xAD13, 0xAD13, 0xA4B1,
  0x9C2E, 0x7B6B, 0x5226, 0x4A27, 0x4A08, 0x41E8, 0x41E8, 0x41E7, 0x41E7, 0x41E7, 0x41C7, 0x41E7,
  0x41E7, 0x41E7, 0x4208, 0x4A28, 0x4A08, 0x4A08, 0x41E7, 0x4208, 0x4208, 0x4208, 0x4A28, 0x4A08,
  0x4208, 0x4A08, 0x4A08, 0x4A08, 0x41E7, 0x41E7, 0x41E7, 0x39C7, 0x39C7, 0x31A6, 0x31A6, 0x2965,
  0x2945, 0x2104, 0x20E3, 0x18C3, 0x18E3, 0x18E3, 0x1062, 0x0861, 0x0841, 0x0020, 0x0861, 0x0861,
  0x0000, 0x0000, 0x0000, 0x0000, 0x1082, 0x0861, 0x0020, 0x1061, 0x1061, 0x0861, 0x1082, 0x1081,
  0x0840, 0x1041, 0x0841, 0x1041, 0x1041, 0x0840, 0x0841, 0x1082, 0x18C3, 0x1061, 0x0840, 0x1041,
  0x0840, 0x10A2, 0x10C3, 0x18C3, 0x1081, 0x2944, 0x18A2, 0x18C2, 0x18E3, 0x6B4C, 0xAD75, 0xBDD7,
  0xBDF7, 0xBDF7, 0xB5B6, 0xAD75, 0xB5B6, 0x6B6E, 0x5AEC, 0x9C4D, 0x9C4D, 0xACAF, 0xA44D, 0x9C4D,
  0xACCF, 0xA46E, 0x9C4D, 0x49A4, 0x5ACA, 0xA554, 0xAD75, 0xBDF8, 0xBE59, 0xBE18, 0xC659, 0xBE18,
  0xB5F7, 0x9CF4, 0xC659, 0x7B6C, 0x51E5, 0x1061, 0x0000, 0x0000, 0x0000, 0x0000, 0x0000, 0x0000,
  0x0000, 0x0000, 0x0000, 0x0000, 0x0000, 0x0000, 0x0000, 0x0000, 0x0000, 0x0000, 0x0000, 0x0000,
  0x0000, 0x0000, 0x0000, 0x0000, 0x0000, 0x0000, 0x0000, 0x0000, 0x0000, 0x0000, 0x0000, 0x0000,
  0x0000, 0x0000, 0x0000, 0x0000, 0x0000, 0x0000, 0x0000, 0x0000, 0x0000, 0x0000, 0x0000, 0x0000,
  0x0000, 0x0000, 0x0000, 0x0000, 0x0000, 0x39C6, 0x6AA5, 0x5A02, 0x72E5, 0x72A6, 0x3164, 0x0000,
  0x1020, 0x31A7, 0x4227, 0x6285, 0x7305, 0x7308, 0x18A1, 0x0000, 0x20C3, 0x4A25, 0x6AE5, 0x6265,
  0x6246, 0x9B49, 0x8A85, 0x92A5, 0x61C3, 0x1881, 0x8245, 0x8A85, 0x8A85, 0x8A85, 0x8A85, 0x8A85,
  0x8A85, 0x8A85, 0x8A85, 0x8A85, 0x8A85, 0x8A85, 0x8A85, 0x8A85, 0x8A85, 0x8A85, 0x8A85, 0x8A85,
  0x8A85, 0x8A85, 0x8A85, 0x8A85, 0x8A85, 0x8A85, 0x8A85, 0x8A85, 0x8A85, 0x8A85, 0x8A85, 0x8A85,
  0x8A85, 0x8A85, 0x8A85, 0x8A85, 0x8A85, 0x8A85, 0x8265, 0x1860, 0x69E3, 0x92A5, 0x8A64, 0x9308,
  0x93CC, 0x838B, 0x838B, 0x9C2F, 0xA4B1, 0xA4B2, 0x9C70, 0x8BCC, 0x836A, 0x83AC, 0x9C70, 0xACF3,
  0xB554, 0x5AAB, 0x1881, 0x3102, 0x41A4, 0x49E4, 0x41A4, 0x2925, 0x3125, 0x3165, 0x3165, 0x3986,
  0x39A6, 0x39C7, 0x39C7, 0x41E7, 0x4208, 0x41E8, 0x4208, 0x4208, 0x4208, 0x4A28, 0x4A28, 0x4A28,
  0x4A28, 0x4A08, 0x4A08, 0x4208, 0x4A28, 0x4228, 0x4228, 0x4A29, 0x4A29, 0x4A28, 0x4A28, 0x4A29,
  0x4A28, 0x4A28, 0x4A28, 0x4A28, 0x4208, 0x4208, 0x41E7, 0x39E7, 0x39E7, 0x39E7, 0x39C6, 0x31A6,
  0x3186, 0x3186, 0x2965, 0x2944, 0x18C3, 0x0020, 0x0000, 0x0020, 0x0840, 0x0840, 0x0861, 0x1081,
  0x1061, 0x1061, 0x1081, 0x1081, 0x1081, 0x1081, 0x1061, 0x1082, 0x18C3, 0x1081, 0x1081, 0x1081,
  0x1061, 0x1081, 0x10A2, 0x1082, 0x0840, 0x0820, 0x0820, 0x1061, 0x2103, 0x7BEF, 0xAD75, 0xBDF7,
  0xC5F7, 0xBDF7, 0xB5D6, 0xB596, 0xB5B6, 0x5B0D, 0x5AEC, 0x72C8, 0x6287, 0x6AA8, 0x72C8, 0x7309,
  0x7B29, 0x7B29, 0x6AA7, 0x3963, 0x62EA, 0x9CF2, 0xAD95, 0xB5B6, 0xB5F7, 0xB5F8, 0xBE18, 0xB5D7,
  0xB5F7, 0xA534, 0xC659, 0x734B, 0x5205, 0x1061, 0x0000, 0x0000, 0x0000, 0x0000, 0x0000, 0x0000,
  0x0000, 0x0000, 0x0000, 0x0000, 0x0000, 0x0000, 0x0000, 0x0000, 0x0000, 0x0000, 0x0000, 0x0000,
  0x0000, 0x0000, 0x0000, 0x0000, 0x0000, 0x0000, 0x0000, 0x0000, 0x0000, 0x0000, 0x0000, 0x0000,
  0x0000, 0x0000, 0x0000, 0x0000, 0x0000, 0x0000, 0x0000, 0x0000, 0x0000, 0x0000, 0x0000, 0x0000,
  0x0000, 0x0000, 0x0000, 0x0000, 0x0000, 0x1082, 0x39C4, 0x3984, 0x3184, 0x0000, 0x0000, 0x2942,
  0x7BA7, 0x7B6A, 0x8389, 0x5A87, 0x18C2, 0x0000, 0x0841, 0x41A6, 0x7AC7, 0x72E5, 0x5226, 0x5AA3,
  0x738C, 0x7B6C, 0x8AC7, 0x9285, 0x61C3, 0x1881, 0x8245, 0x8A85, 0x8A85, 0x8A85, 0x8A85, 0x8A85,
  0x8A85, 0x8A85, 0x8A85, 0x8A85, 0x8A85, 0x8A85, 0x8A85, 0x8A85, 0x8A85, 0x8A85, 0x8A85, 0x8A85,
  0x8A85, 0x8A85, 0x8A85, 0x8A85, 0x8A85, 0x8A85, 0x8A85, 0x8A85, 0x8A85, 0x8A85, 0x8A85, 0x8A85,
  0x8A85, 0x8A85, 0x8A85, 0x8A85, 0x8A85, 0x8A85, 0x8265, 0x1860, 0x69C4, 0x92A5, 0x8A44, 0x9329,
  0xA4B2, 0xACF3, 0x942E, 0x6A85, 0x8BED, 0xA4B1, 0xA4B1, 0xA4B2, 0xA491, 0x940E, 0x838B, 0x83AC,
  0x9C70, 0x39A6, 0x0800, 0x1040, 0x1861, 0x20A1, 0x1881, 0x1020, 0x1020, 0x0820, 0x0820, 0x1040,
  0x1020, 0x1040, 0x1040, 0x1061, 0x1881, 0x1882, 0x20C3, 0x20E3, 0x20E3, 0x2924, 0x2924, 0x3145,
  0x3166, 0x39A6, 0x39C7, 0x41E7, 0x4208, 0x4208, 0x4228, 0x4A28, 0x4A49, 0x4A49, 0x4A49, 0x4A49,
  0x4A49, 0x4A49, 0x4A49, 0x4A49, 0x4A49, 0x4A49, 0x4A69, 0x4A49, 0x4A49, 0x4A29, 0x4228, 0x4208,
  0x4208, 0x4228, 0x4228, 0x4208, 0x18C3, 0x0820, 0x10A2, 0x18E3, 0x1082, 0x0841, 0x0841, 0x0020,
  0x0000, 0x0000, 0x0000, 0x0000, 0x0000, 0x0000, 0x0000, 0x0000, 0x0020, 0x0000, 0x0820, 0x0820,
  0x0841, 0x0020, 0x0861, 0x1081, 0x1061, 0x1061, 0x1061, 0x0840, 0x2103, 0x9491, 0xB5B6, 0xBDF7,
  0xBDF7, 0xBDD7, 0xBDD7, 0xB5B6, 0xB575, 0x5AEC, 0x630B, 0x51E5, 0x4163, 0x49C5, 0x4184, 0x41A4,
  0x49E6, 0x4163, 0x4183, 0x3963, 0x632B, 0x9CD2, 0xAD75, 0xB5B6, 0xBE18, 0xBE18, 0xBE38, 0xBE18,
  0xB5B6, 0x9D14, 0xC638, 0x730A, 0x51C5, 0x1041, 0x0000, 0x0000, 0x0000, 0x0000, 0x0000, 0x0000,
  0x0000, 0x0000, 0x0000, 0x0000, 0x0000, 0x0000, 0x0000, 0x0000, 0x0000, 0x0000, 0x0000, 0x0000,
  0x0000, 0x0000, 0x0000, 0x0000, 0x0000, 0x0000, 0x0000, 0x0000, 0x0000, 0x0000, 0x0000, 0x0000,
  0x0000, 0x0000, 0x0000, 0x0000, 0x0000, 0x0000, 0x0000, 0x0000, 0x0000, 0x0000, 0x0000, 0x0000,
  0x0000, 0x0000, 0x0000, 0x0000, 0x0000, 0x0000, 0x0000, 0x0000, 0x0000, 0x3184, 0x4A05, 0x72E8,
  0x7B29, 0x5A86, 0x2103, 0x0000, 0x0020, 0x3185, 0x6AE8, 0x8349, 0x62A7, 0x41C5, 0x5AA9, 0x6AC5,
  0x72E5, 0x62A8, 0x9309, 0x92A5, 0x61C3, 0x1881, 0x8245, 0x8A85, 0x8A85, 0x8A85, 0x8A85, 0x8A85,
  0x8A85, 0x8A85, 0x8A85, 0x8A85, 0x8A85, 0x8A85, 0x8A85, 0x8A85, 0x8A85, 0x8A85, 0x8A85, 0x8A85,
  0x8A85, 0x8A85, 0x8A85, 0x8A85, 0x8A85, 0x8A85, 0x8A85, 0x8A85, 0x8A85, 0x8A85, 0x8A85, 0x8A85,
  0x8A85, 0x8A85, 0x8A85, 0x8A85, 0x8A85, 0x8A85, 0x8265, 0x1860, 0x69E4, 0x9285, 0x9329, 0x93AC,
  0x7B49, 0x836A, 0xACD2, 0x9C70, 0x83AB, 0x838B, 0x940E, 0xA470, 0xACD2, 0xACF2, 0xACD2, 0x9C4F,
  0x7B4A, 0x41A4, 0x20C1, 0x0840, 0x0820, 0x0840, 0x0840, 0x1060, 0x1061, 0x1060, 0x1060, 0x1061,
  0x1860, 0x1060, 0x1061, 0x1041, 0x1040, 0x1040, 0x1040, 0x1040, 0x1020, 0x0800, 0x0820, 0x0820,
  0x0820, 0x0820, 0x0820, 0x1040, 0x1041, 0x1081, 0x1882, 0x18A2, 0x18A2, 0x20E3, 0x20E3, 0x2904,
  0x2945, 0x3165, 0x39A6, 0x39C7, 0x41E7, 0x41E8, 0x4A28, 0x4A49, 0x4A69, 0x5269, 0x5269, 0x528A,
  0x526A, 0x528A, 0x52AA, 0x4A28, 0x1082, 0x18E3, 0x8430, 0xAD55, 0x9CF3, 0x9CB2, 0x9491, 0x8C30,
  0x7BEF, 0x738D, 0x6B4D, 0x5AEB, 0x528A, 0x4228, 0x4208, 0x39C7, 0x2965, 0x2124, 0x18E3, 0x10A2,
  0x0841, 0x0861, 0x0041, 0x0020, 0x0000, 0x0000, 0x0000, 0x0000, 0x2944, 0xAD55, 0xBDB6, 0xC5F7,
  0xBE17, 0xBDD7, 0xBDD7, 0xB5B6, 0xAD55, 0x4A8B, 0x5269, 0x49A4, 0x49C4, 0x49A4, 0x49A4, 0x49C4,
  0x49C4, 0x49A4, 0x49A4, 0x3923, 0x738D, 0xA513, 0xAD54, 0xAD95, 0xBE18, 0xBDF8, 0xBDF8, 0xB5F7,
  0xB5B6, 0xA534, 0xBE17, 0x6AE9, 0x4163, 0x0820, 0x0000, 0x0000, 0x0000, 0x0000, 0x0000, 0x0000,
  0x0000, 0x0000, 0x0000, 0x0000, 0x0000, 0x0000, 0x0000, 0x0000, 0x0000, 0x0000, 0x0000, 0x0000,
  0x0000, 0x0000, 0x0000, 0x0000, 0x0000, 0x0000, 0x0000, 0x0000, 0x0000, 0x0000, 0x0000, 0x0000,
  0x0000, 0x0000, 0x0000, 0x0000, 0x0000, 0x0000, 0x0000, 0x0000, 0x0000, 0x0000, 0x0000, 0x0000,
  0x0000, 0x0000, 0x0000, 0x0000, 0x0000, 0x0000, 0x0861, 0x62C7, 0x5A44, 0x7328, 0x838A, 0x62C8,
  0x20E3, 0x0000, 0x0000, 0x3964, 0x62A5, 0x7B49, 0x6AE8, 0x41C5, 0x2923, 0x39A4, 0x6AC6, 0x6286,
  0x9C83, 0x5245, 0x6AA8, 0x82C6, 0x61E4, 0x1881, 0x8244, 0x8A85, 0x8A85, 0x8A85, 0x8A85, 0x8A85,
  0x8A85, 0x8A85, 0x8A85, 0x8A85, 0x8A85, 0x8A85, 0x8A85, 0x8A85, 0x8A85, 0x8A85, 0x8A85, 0x8A85,
  0x8A85, 0x8A85, 0x8A85, 0x8A85, 0x8A85, 0x8A85, 0x8A85, 0x8A85, 0x8A85, 0x8A85, 0x8A85, 0x8A85,
  0x8A85, 0x8A85, 0x8A85, 0x8A85, 0x8A85, 0x8A85, 0x8265, 0x1060, 0x69E3, 0x8264, 0x8BAC, 0xACF2,
  0x9C2F, 0x7B28, 0x8BAC, 0x9C70, 0xACF2, 0xA470, 0x8BCD, 0x838B, 0x93EE, 0xA491, 0xACB2, 0xACF2,
  0x83CE, 0x41C6, 0x5246, 0x3984, 0x2902, 0x20E2, 0x0841, 0x0820, 0x0020, 0x0000, 0x0000, 0x0000,
  0x0000, 0x0000, 0x0000, 0x0000, 0x0800, 0x0820, 0x0820, 0x1040, 0x1040, 0x1061, 0x1061, 0x1061,
  0x1060, 0x1061, 0x1081, 0x1060, 0x1061, 0x1060, 0x1040, 0x1040, 0x1040, 0x1040, 0x1020, 0x0820,
  0x0820, 0x0820, 0x0820, 0x0840, 0x0840, 0x1040, 0x1040, 0x1061, 0x1881, 0x18A2, 0x18C2, 0x20E3,
  0x2903, 0x2944, 0x3165, 0x2944, 0x18A2, 0x2964, 0x9CD2, 0xB575, 0xB595, 0xB574, 0xB574, 0xB595,
  0xB595, 0xB595, 0xB5B5, 0xBDB5, 0xB5B5, 0xB595, 0xBDB6, 0xB595, 0xB575, 0xAD54, 0xA514, 0x9CD3,
  0x9492, 0x9492, 0x8C30, 0x83EF, 0x73AE, 0x6B2C, 0x5AEB, 0x4A49, 0x738D, 0xB595, 0xB596, 0xBDD6,
  0xBDD6, 0xBDD6, 0xB5D7, 0xB5D6, 0xA534, 0x4A6A, 0x41C6, 0x30E1, 0x28E1, 0x28E1, 0x28C1, 0x28E1,
  0x30E1, 0x3102, 0x3102, 0x2902, 0x9491, 0xAD75, 0xAD54, 0xAD75, 0xB5D7, 0xB5D7, 0xB5F7, 0xB5B6,
  0xAD55, 0x9D34, 0xBDF7, 0x62A8, 0x5223, 0x10A0, 0x0000, 0x0000, 0x0000, 0x0000, 0x0000, 0x0000,
  0x0000, 0x0000, 0x0000, 0x0000, 0x0000, 0x0000, 0x0000, 0x0000, 0x0000, 0x0000, 0x0000, 0x0000,
  0x0000, 0x0000, 0x0000, 0x0000, 0x0000, 0x0000, 0x0000, 0x0000, 0x0000, 0x0000, 0x0000, 0x0000,
  0x0000, 0x0000, 0x0000, 0x0000, 0x0000, 0x0000, 0x0000, 0x0000, 0x0000, 0x0000, 0x0000, 0x0000,
  0x0000, 0x0000, 0x0000, 0x0000, 0x0000, 0x0000, 0x0020, 0x2943, 0x28E1, 0x20E2, 0x0861, 0x0000,
  0x0000, 0x0840, 0x3143, 0x72C6, 0x4182, 0x2923, 0x18C2, 0x3902, 0x5A44, 0x6AA6, 0x3163, 0x18A2,
  0x39C3, 0x6AA5, 0x5224, 0x51E3, 0x41A4, 0x1881, 0x8A65, 0x9285, 0x8A85, 0x8A85, 0x8A85, 0x8A85,
  0x8A85, 0x8A85, 0x8A85, 0x8A85, 0x8A85, 0x8A85, 0x8A85, 0x8A85, 0x8A85, 0x8A85, 0x8A85, 0x8A85,
  0x8A85, 0x8A85, 0x8A85, 0x8A85, 0x8A85, 0x8A85, 0x8A85, 0x8A85, 0x8A85, 0x8A85, 0x8A85, 0x8A85,
  0x8A85, 0x8A85, 0x8A85, 0x8A85, 0x8A85, 0x8A85, 0x8244, 0x1861, 0x6246, 0x8BCD, 0x6AE8, 0x72E8,
  0xA491, 0x9C71, 0x8BEE, 0x836B, 0x7B4A, 0x9C70, 0xACD2, 0xA491, 0x7B4A, 0x7308, 0xA491, 0xACD2,
  0xA4B2, 0xA4B1, 0xA4B2, 0xA4B1, 0x9C70, 0x9450, 0x8C30, 0x83CE, 0x7B8D, 0x6B2C, 0x62EB, 0x5A8A,
  0x4A28, 0x4208, 0x39C6, 0x39A6, 0x2924, 0x2124, 0x18C3, 0x1061, 0x1061, 0x0820, 0x0820, 0x0000,
  0x0000, 0x0000, 0x0000, 0x0000, 0x0000, 0x0000, 0x0800, 0x0820, 0x0840, 0x1040, 0x1040, 0x1060,
  0x1061, 0x1061, 0x1061, 0x1081, 0x1081, 0x1081, 0x1060, 0x1060, 0x1061, 0x1061, 0x1060, 0x1040,
  0x1040, 0x0820, 0x0820, 0x1060, 0x1061, 0x39C6, 0xA4F2, 0xAD54, 0xAD33, 0xAD54, 0xAD33, 0xA512,
  0xA513, 0xA513, 0xA513, 0xA533, 0xAD33, 0xAD33, 0xA533, 0xAD34, 0xAD34, 0xAD34, 0xAD54, 0xAD54,
  0xAD75, 0xAD75, 0xAD75, 0xAD75, 0xAD75, 0xB595, 0xAD75, 0xB595, 0xB595, 0xAD75, 0xB575, 0xB595,
  0xB5B6, 0xB575, 0xAD75, 0xAD75, 0xAD34, 0x9492, 0x842F, 0x7BAD, 0x6B0B, 0x62EA, 0x5AA9, 0x5248,
  0x4A27, 0x41E6, 0x41E6, 0x4A07, 0xA533, 0xAD75, 0xAD95, 0xAD75, 0xAD95, 0xB5B6, 0xB5F7, 0xB5B6,
  0xA534, 0x9D14, 0xB5D6, 0x62A8, 0x4A06, 0x0841, 0x0000, 0x0000, 0x0000, 0x0000, 0x0000, 0x0000,
  0x0000, 0x0000, 0x0000, 0x0000, 0x0000, 0x0000, 0x0000, 0x0000, 0x0000, 0x0000, 0x0000, 0x0000,
  0x0000, 0x0000, 0x0000, 0x0000, 0x0000, 0x0000, 0x0000, 0x0000, 0x0000, 0x0000, 0x0000, 0x0000,
  0x0000, 0x0000, 0x0000, 0x0000, 0x0000, 0x0000, 0x0000, 0x0000, 0x0000, 0x0000, 0x0000, 0x0000,
  0x0000, 0x0000, 0x0000, 0x0000, 0x0000, 0x0000, 0x0000, 0x0000, 0x0000, 0x0000, 0x0000, 0x2902,
  0x5A67, 0x6AE7, 0x6286, 0x41C4, 0x0000, 0x4205, 0x83C6, 0x72C7, 0x6285, 0x3165, 0x2963, 0x6266,
  0x6A43, 0x5A45, 0x7328, 0x5A44, 0x41C2, 0x2903, 0x5983, 0x8A65, 0x8A85, 0x8A85, 0x8A85, 0x8A85,
  0x8A85, 0x8A85, 0x8A85, 0x8A85, 0x8A85, 0x8A85, 0x8A85, 0x8A85, 0x8A85, 0x8A85, 0x8A85, 0x8A85,
  0x8A85, 0x8A85, 0x8A85, 0x8A85, 0x8A85, 0x8A85, 0x8A85, 0x8A85, 0x8A85, 0x8A85, 0x8A85, 0x8A85,
  0x8A85, 0x8A85, 0x8A85, 0x8A85, 0x8A85, 0x9285, 0x8A65, 0x1860, 0x41A3, 0x8BCD, 0x9C71, 0x7B2A,
  0x6AA7, 0x940F, 0x9C51, 0x940F, 0x7308, 0x7B2A, 0x8BCD, 0x942F, 0x8BEE, 0x7B6C, 0x7B4B, 0x83AC,
  0x942F, 0x9C70, 0x9C91, 0x9C91, 0xA4B2, 0xA4D2, 0xACF3, 0xAD13, 0xAD13, 0xB533, 0xB534, 0xB534,
  0xB534, 0xB554, 0xB554, 0xB534, 0xAD33, 0xAD33, 0xA4D2, 0x9C91, 0x9C91, 0x8C2F, 0x83EF, 0x7BAD,
  0x738D, 0x630B, 0x5AAA, 0x5269, 0x4A28, 0x39E7, 0x3165, 0x2945, 0x18E3, 0x10A2, 0x1082, 0x0861,
  0x0840, 0x0020, 0x0000, 0x0000, 0x0000, 0x0000, 0x0000, 0x0000, 0x0820, 0x0840, 0x0840, 0x0840,
  0x1040, 0x0840, 0x1061, 0x1061, 0x0820, 0x62EA, 0xB574, 0xAD33, 0xAD53, 0xAD53, 0xAD33, 0xAD33,
  0xAD33, 0xAD53, 0xAD33, 0xAD33, 0xAD54, 0xAD33, 0xAD33, 0xAD33, 0xAD33, 0xAD34, 0xA534, 0xAD34,
  0xA534, 0xAD54, 0xAD34, 0xA534, 0xA533, 0xA513, 0xA533, 0xAD54, 0xAD54, 0xAD54, 0xB575, 0xB595,
  0xB595, 0xAD75, 0xAD75, 0xAD54, 0xAD54, 0xAD34, 0xA534, 0xAD54, 0xAD54, 0xA554, 0xAD54, 0xAD54,
  0xA554, 0xA534, 0xAD54, 0xAD54, 0xAD54, 0xAD74, 0xB595, 0xAD75, 0xAD96, 0xBDF7, 0xB5B6, 0xADB6,
  0xA513, 0x94F3, 0xAD95, 0x6AA8, 0x3964, 0x0000, 0x0000, 0x0000, 0x0000, 0x0000, 0x0000, 0x0000,
  0x0000, 0x0000, 0x0000, 0x0000, 0x0000, 0x0000, 0x0000, 0x0000, 0x0000, 0x0000, 0x0000, 0x0000,
  0x0000, 0x0000, 0x0000, 0x0000, 0x0000, 0x0000, 0x0000, 0x0000, 0x0000, 0x0000, 0x0000, 0x0000,
  0x0000, 0x0000, 0x0000, 0x0000, 0x0000, 0x0000, 0x0000, 0x0000, 0x0000, 0x0000, 0x0000, 0x0000,
  0x0000, 0x0000, 0x0000, 0x0000, 0x0000, 0x0000, 0x0000, 0x0000, 0x0021, 0x41E6, 0x5A66, 0x8368,
  0x7B48, 0x4A06, 0x18A2, 0x0861, 0x41E6, 0x7B28, 0x6AA7, 0x3143, 0x0841, 0x41C6, 0x8368, 0x7307,
  0x41A4, 0x732A, 0x62C6, 0x8284, 0x6984, 0x10A2, 0x0820, 0x7A24, 0x8A85, 0x8A65, 0x8A85, 0x8A85,
  0x8A85, 0x8A85, 0x8A85, 0x8A85, 0x8A85, 0x8A85, 0x8A85, 0x8A85, 0x8A85, 0x8A85, 0x8A85, 0x8A85,
  0x8A85, 0x8A85, 0x8A85, 0x8A85, 0x8A85, 0x8A85, 0x8A85, 0x8A85, 0x8A85, 0x8A85, 0x8A85, 0x8A85,
  0x8A85, 0x8A85, 0x8A85, 0x8A85, 0x8A64, 0x8A44, 0x7223, 0x18A2, 0x8C52, 0x8BCC, 0x9C4F, 0xB596,
  0x9CB1, 0x8C0D, 0x942E, 0xB576, 0xBD76, 0xA4B1, 0x7329, 0x838A, 0xAD14, 0xAD34, 0xA4B2, 0x944F,
  0x83AC, 0x838C, 0x8C0F, 0x9450, 0x9450, 0x9430, 0x9450, 0x8C10, 0x9430, 0x8C30, 0x8C2F, 0x9430,
  0x9450, 0x9450, 0x9430, 0x9C71, 0x9C71, 0xA4B2, 0xA4D2, 0xACF2, 0xAD12, 0xB553, 0xB553, 0xB554,
  0xBD74, 0xBD94, 0xBD94, 0xBDB5, 0xBDB5, 0xBD94, 0xB574, 0xBD74, 0xAD33, 0xA4F2, 0xA4D2, 0x9CB1,
  0x8C2F, 0x83CE, 0x738D, 0x6B2C, 0x5ACA, 0x4A69, 0x4228, 0x39E7, 0x3186, 0x2124, 0x2104, 0x10A2,
  0x1082, 0x0841, 0x0841, 0x0020, 0x0840, 0x9470, 0xB574, 0xAD13, 0xAD33, 0xA512, 0xAD53, 0xB574,
  0xAD33, 0xAD33, 0xAD33, 0xAD33, 0xAD33, 0xAD33, 0xAD33, 0xAD33, 0xAD33, 0xAD33, 0xAD33, 0xAD33,
  0xAD33, 0xAD33, 0xAD33, 0xA533, 0xA513, 0xAD33, 0xAD33, 0xAD33, 0xAD33, 0xAD54, 0xAD54, 0xAD54,
  0xAD75, 0xAD75, 0xAD75, 0xAD54, 0xAD54, 0xA534, 0xA4F3, 0xA513, 0xA513, 0xA513, 0xA513, 0xA513,
  0xA533, 0xA533, 0xA534, 0xA534, 0xA534, 0xAD54, 0xAD74, 0xAD75, 0xAD95, 0xB5B6, 0xADB6, 0xAD95,
  0x9CD2, 0xA534, 0xA513, 0x5A26, 0x20A1, 0x0000, 0x0020, 0x0000, 0x0000, 0x0000, 0x0000, 0x0000,
  0x0000, 0x0000, 0x0000, 0x0000, 0x0000, 0x0000, 0x0000, 0x0000, 0x0000, 0x0000, 0x0000, 0x0000,
  0x0000, 0x0000, 0x0000, 0x0000, 0x0000, 0x0000, 0x0000, 0x0000, 0x0000, 0x0000, 0x0000, 0x0000,
  0x0000, 0x0000, 0x0000, 0x0000, 0x0000, 0x0000, 0x0000, 0x0000, 0x0000, 0x0000, 0x0000, 0x0000,
  0x0000, 0x0000, 0x0000, 0x0000, 0x0000, 0x0000, 0x0000, 0x0000, 0x0861, 0x7BAA, 0x7308, 0x4A46,
  0x0860, 0x0000, 0x0861, 0x6AE8, 0x72E7, 0x6286, 0x3164, 0x0000, 0x4184, 0x72C6, 0x5A24, 0x2922,
  0x39A5, 0x72E6, 0x6AA6, 0x3923, 0x4124, 0x41C4, 0x4161, 0x28C1, 0x7A04, 0x9285, 0x8A65, 0x8A85,
  0x8A85, 0x8A85, 0x8A85, 0x8A85, 0x8A85, 0x8A85, 0x8A85, 0x8A65, 0x8A65, 0x8A65, 0x8A65, 0x8A85,
  0x8A85, 0x8A85, 0x8A65, 0x8A65, 0x8A65, 0x8A85, 0x8A85, 0x8A85, 0x8A85, 0x8A85, 0x8A85, 0x8A85,
  0x8A85, 0x8A65, 0x9285, 0x7204, 0x59E6, 0x5206, 0x18C1, 0x736E, 0xBDD9, 0xA4F4, 0x4207, 0x5AEB,
  0xAD77, 0xB597, 0x7B4A, 0x9C70, 0xB597, 0xBDD8, 0xAD14, 0x942F, 0x8C0D, 0xA491, 0xBD97, 0xBDB6,
  0xB555, 0xA4D2, 0x8C0E, 0xA4D2, 0xBD76, 0xB555, 0xB555, 0xB554, 0xB534, 0xB534, 0xB555, 0xB534,
  0xACF3, 0xA4B2, 0x9C91, 0x9C91, 0x9C70, 0xA4B1, 0x8BEF, 0x4A49, 0x5ACB, 0x62EB, 0x9C71, 0x9450,
  0x9450, 0x9430, 0x9C70, 0x9450, 0x9C91, 0x9C91, 0xA4B1, 0xACF2, 0xAD13, 0xAD33, 0xB554, 0xB574,
  0xB574, 0xBD95, 0xBDB5, 0xBDB5, 0xC5B5, 0xBDB5, 0xBDB5, 0xBDB5, 0xB595, 0xB574, 0xAD54, 0xA4D2,
  0x9CD2, 0x9470, 0x840F, 0x7BAE, 0x738D, 0x632C, 0x6B4D, 0x73AE, 0x738D, 0x73AE, 0x5ACA, 0x840F,
  0xAD53, 0xA512, 0xAD33, 0xAD33, 0xAD33, 0xAD33, 0xAD13, 0xAD33, 0xAD13, 0xAD13, 0xAD33, 0xAD33,
  0xA513, 0xAD13, 0xB554, 0xB554, 0xAD33, 0xA513, 0xA513, 0xA513, 0xAD33, 0xAD34, 0xAD54, 0xAD74,
  0xAD54, 0xAD54, 0xAD54, 0xAD54, 0xAD54, 0xAD34, 0xA513, 0xA533, 0xA534, 0xA534, 0xA533, 0xA533,
  0xA513, 0xA513, 0xA533, 0xA513, 0xA534, 0xA533, 0xA533, 0xA534, 0xAD54, 0xAD74, 0xAD75, 0xAD54,
  0xA513, 0x5ACB, 0x632C, 0x5A89, 0x4207, 0x1082, 0x0000, 0x0000, 0x0000, 0x0000, 0x0000, 0x0000,
  0x0000, 0x0000, 0x0000, 0x0000, 0x0000, 0x0000, 0x0000, 0x0000, 0x0000, 0x18E3, 0x2124, 0x0861,
  0x0000, 0x0000, 0x0000, 0x0000, 0x0000, 0x0000, 0x0000, 0x0000, 0x0000, 0x0000, 0x0000, 0x0000,
  0x0000, 0x0000, 0x0000, 0x0000, 0x0000, 0x0000, 0x0000, 0x0000, 0x0000, 0x0000, 0x0000, 0x0000,
  0x0000, 0x0000, 0x0000, 0x0000, 0x0000, 0x0000, 0x0000, 0x0000, 0x0000, 0x0000, 0x0820, 0x0000,
  0x39C6, 0x41C5, 0x6AA6, 0x6AA5, 0x3142, 0x0000, 0x0000, 0x5203, 0x72A5, 0x51E2, 0x4206, 0x5246,
  0x6A84, 0x6A86, 0x3144, 0x18C1, 0x5A64, 0x72A4, 0x5A67, 0x0841, 0x59C2, 0x8A85, 0x8A65, 0x8A85,
  0x8A85, 0x8A85, 0x8A85, 0x8A85, 0x8A85, 0x8A85, 0x8A85, 0x9285, 0x92A5, 0x9285, 0x9285, 0x8A85,
  0x8A85, 0x8A85, 0x9285, 0x92A5, 0x92A5, 0x9285, 0x8A85, 0x8A85, 0x8A85, 0x8A85, 0x8A85, 0x8A85,
  0x8A85, 0x8A65, 0x92A5, 0x5961, 0xA534, 0xCE7A, 0x0020, 0x5A45, 0x8BAC, 0x41C7, 0x9CD3, 0xAD75,
  0x49E5, 0xA4B2, 0x9C71, 0x72E7, 0x8BCC, 0xA4D2, 0xAD14, 0xAD14, 0x8BED, 0x7329, 0x9CB1, 0xAD35,
  0xB576, 0xB576, 0xB555, 0xB555, 0xB555, 0xB555, 0xB555, 0xB576, 0xBDB6, 0xAD34, 0x83EF, 0x8C10,
  0xB534, 0xBD95, 0xBD75, 0xB555, 0xB554, 0xBD75, 0xA4F2, 0x5AAA, 0x6B4D, 0x6B4C, 0xBD74, 0xB533,
  0xB533, 0xB533, 0xB553, 0xAD13, 0xAD12, 0xA4D2, 0xA4D2, 0xA4D1, 0x9C91, 0x9C70, 0x9C70, 0x9470,
  0x9C70, 0x9C70, 0x8C0F, 0x9450, 0x9450, 0xA4B1, 0x9CB1, 0x9CD1, 0xA4D2, 0xA4F2, 0xAD13, 0xAD33,
  0xB554, 0xB574, 0xB574, 0xBD95, 0xAD33, 0x6B6D, 0xEF7E, 0xAD55, 0x5ACB, 0x94B2, 0xC618, 0x4A48,
  0x9470, 0xAD53, 0xAD33, 0xAD33, 0xAD53, 0xAD53, 0xAD33, 0xAD53, 0xAD13, 0xA4F2, 0xA4F2, 0xAD13,
  0xAD33, 0xA4D2, 0x7BCE, 0x7BAD, 0x8C2F, 0xAD33, 0xAD33, 0xA513, 0xAD33, 0xB574, 0xB574, 0xAD74,
  0xAD74, 0xB575, 0xAD74, 0xAD54, 0xAD54, 0xAD54, 0xAD34, 0xAD74, 0xAD54, 0xAD54, 0xAD54, 0xA534,
  0xA513, 0xA513, 0xA533, 0xA513, 0xA513, 0xA513, 0xA513, 0xA513, 0xA533, 0xA534, 0xA513, 0xA554,
  0x6B6D, 0x5ACB, 0x9CF4, 0x52AA, 0x73AE, 0xA514, 0x18E3, 0x0000, 0x0000, 0x0000, 0x0000, 0x0000,
  0x0000, 0x0000, 0x0000, 0x0000, 0x0000, 0x0000, 0x0000, 0x0000, 0x0000, 0x2965, 0x39C7, 0x0000,
  0x0000, 0x0000, 0x0000, 0x0000, 0x0000, 0x0000, 0x0000, 0x0000, 0x0000, 0x0000, 0x0000, 0x0000,
  0x0000, 0x0000, 0x0000, 0x0000, 0x0000, 0x0000, 0x0000, 0x0000, 0x0000, 0x0000, 0x0000, 0x0000,
  0x0000, 0x0000, 0x0000, 0x0000, 0x0000, 0x0000, 0x0000, 0x0000, 0x0000, 0x0000, 0x0000, 0x3941,
  0x7307, 0x7B25, 0x61A2, 0x1080, 0x31C7, 0x41E6, 0x5204, 0x59E2, 0x51E3, 0x5244, 0x5AA6, 0x72C4,
  0x51E0, 0x2902, 0x0860, 0x5A61, 0x6A63, 0x4181, 0x5247, 0x49C4, 0x18A0, 0x69E3, 0x92A5, 0x8A65,
  0x8A85, 0x8A85, 0x8A85, 0x8A85, 0x8A85, 0x8A65, 0x9285, 0x7204, 0x61C3, 0x61C3, 0x69E4, 0x8A85,
  0x8A85, 0x8A85, 0x69E4, 0x61C3, 0x61C3, 0x7A04, 0x8A85, 0x8A85, 0x8A85, 0x8A85, 0x8A85, 0x8A85,
  0x8A85, 0x8A65, 0x9285, 0x6182, 0xAD34, 0xFFDF, 0x8430, 0x2902, 0x3984, 0x8430, 0xFFDF, 0xBDD7,
  0x3962, 0x6AA6, 0x62A9, 0x6ACA, 0x49C3, 0x5A67, 0x62CA, 0x8BAD, 0x8BCE, 0x83AD, 0x7309, 0x6AC8,
  0x734B, 0x7BAE, 0x83CE, 0x83CE, 0x9451, 0x9C92, 0x9C71, 0x83CF, 0x8C10, 0x528A, 0x8C51, 0x738E,
  0x62CB, 0x8C10, 0x9451, 0xAD13, 0xAD13, 0x9471, 0x83CF, 0x736D, 0x62EB, 0x9450, 0xAD13, 0xAD13,
  0xAD33, 0xA4F2, 0x83EF, 0x83EF, 0x9450, 0x9450, 0x8C2F, 0x9CB1, 0xBD94, 0xB554, 0xB553, 0xB574,
  0x8C0E, 0x5ACA, 0x738D, 0x738D, 0x630C, 0x5ACA, 0xA4F2, 0xA4B1, 0x9C71, 0x9C91, 0x9C71, 0x9470,
  0x9450, 0x8C0F, 0x9450, 0x9470, 0x83CE, 0x738D, 0xFFFF, 0x528A, 0x6B2B, 0x5AA9, 0xDEFB, 0xAD75,
  0x738D, 0xA4F2, 0xAD12, 0x9CB1, 0x83EE, 0x840F, 0x840F, 0x7BCE, 0x9CB1, 0xAD33, 0xAD13, 0x8C50,
  0x8C0F, 0x62EA, 0x738E, 0xA534, 0x5269, 0x7BCE, 0x8C50, 0xAD13, 0x9491, 0x7BAE, 0x7BCE, 0x842F,
  0x842F, 0x7BEE, 0x8C70, 0xAD74, 0xA513, 0xA533, 0xA513, 0x7BCE, 0x7BCE, 0x840F, 0x7BCE, 0x8430,
  0xAD74, 0xA534, 0xA533, 0xA513, 0xA513, 0x9D13, 0x9CF3, 0x9CF3, 0x9CF3, 0x9CF3, 0x9CF3, 0x9CF3,
  0x4A69, 0xD6BA, 0x8C71, 0x28C1, 0x0840, 0x528A, 0x8410, 0x0000, 0x0000, 0x0000, 0x0000, 0x0000,
  0x0000, 0x0000, 0x0000, 0x0000, 0x0000, 0x0000, 0x0000, 0x0000, 0x0000, 0x0000, 0x0000, 0x0000,
  0x0000, 0x0000, 0x0000, 0x0000, 0x0000, 0x0000, 0x632C, 0xAD55, 0x31A6, 0x0000, 0x0000, 0x0000,
  0x0000, 0x0000, 0x0000, 0x0000, 0x0000, 0x0000, 0x0000, 0x0000, 0x0000, 0x0000, 0x0000, 0x0000,
  0x0000, 0x0000, 0x0000, 0x0000, 0x0000, 0x0000, 0x0000, 0x0000, 0x0000, 0x0000, 0x0000, 0x2080,
  0x9281, 0x52A1, 0x0820, 0x0000, 0x18E2, 0x7307, 0x72A4, 0x8C41, 0x50C0, 0x5A03, 0x6242, 0x4181,
  0x28C0, 0x0820, 0x6AC3, 0x49A0, 0x6AA5, 0x7B68, 0x6243, 0x5A22, 0x18A0, 0x4963, 0x8244, 0x8A85,
  0x8A85, 0x8A85, 0x8A85, 0x8A85, 0x8A65, 0x9285, 0x4942, 0x0840, 0x0000, 0x0000, 0x0820, 0x3902,
  0x8244, 0x3902, 0x0820, 0x0000, 0x0000, 0x1040, 0x4943, 0x8A85, 0x8A85, 0x8A85, 0x8A85, 0x8A85,
  0x8A85, 0x7A43, 0x7A43, 0x4921, 0xA514, 0xFFFF, 0xB5B7, 0x8430, 0x7BEF, 0xAD76, 0xFFDF, 0xB596,
  0x3964, 0x5A45, 0x3185, 0x73AE, 0x6B6D, 0x7BEF, 0x5AAA, 0x4184, 0x732B, 0x730B, 0x4A08, 0x4A48,
  0x5AA9, 0x62EB, 0x5ACB, 0x630B, 0x62EB, 0x734C, 0x83CE, 0x2924, 0x4A69, 0x738E, 0xEF7D, 0xEF9D,
  0x73AE, 0x630C, 0x4208, 0x9C50, 0x9C91, 0x5269, 0x52AA, 0x9CD3, 0x9CD3, 0x5A8A, 0x9C91, 0x9C71,
  0xA4D2, 0x6B2C, 0x6B6D, 0xA534, 0x6B6D, 0x6B4D, 0x7BCF, 0x4A49, 0x83CE, 0xACF2, 0xACF2, 0x7BAD,
  0x4A69, 0x9CD3, 0xBDF7, 0xBDF7, 0xBDF8, 0x4228, 0x9CB1, 0xBD94, 0xB574, 0xBD74, 0xB574, 0xB574,
  0xB554, 0xB553, 0xAD33, 0xAD33, 0x9470, 0x736D, 0xFFFF, 0x630C, 0x41E6, 0x39E7, 0xE73C, 0x8C51,
  0x62CA, 0x8C2F, 0x734C, 0x39C7, 0x7BCF, 0x73AE, 0x73AE, 0x73AE, 0x4207, 0x8C2F, 0x9CB1, 0x4207,
  0x632D, 0x632C, 0xDEFB, 0xFFFF, 0x94B3, 0x5AEB, 0x4A49, 0xAD53, 0x6B4C, 0x8430, 0x9CD3, 0x6B6D,
  0x738E, 0x7BEF, 0x6B4D, 0x8430, 0xA513, 0xA534, 0x5ACB, 0x6B6D, 0x9492, 0x630C, 0x7BF0, 0x4A69,
  0x6B6D, 0x9CD2, 0xA513, 0x9CF2, 0x9CF3, 0x9CF2, 0x9CD2, 0x9CF2, 0x9CB2, 0x9CD2, 0x9CB2, 0x94B2,
  0x4A89, 0xBDF8, 0x8C51, 0x28E2, 0x1081, 0x0000, 0x0821, 0x0000, 0x0000, 0x0000, 0x0841, 0x630C,
  0x6B6E, 0x738E, 0x7BCF, 0x0000, 0x0000, 0x0000, 0x0000, 0x0000, 0x5AEB, 0x8C72, 0xA534, 0x0861,
  0x0000, 0x0000, 0x0000, 0x0000, 0x4208, 0x738E, 0xCE7A, 0xFFFF, 0xA514, 0x6B4D, 0x2104, 0x0000,
  0x0000, 0x0000, 0x528A, 0x8410, 0x6B4D, 0x738E, 0x2104, 0x0000, 0x0000, 0x0000, 0x0000, 0x0000,
  0x0000, 0x0000, 0x0000, 0x0000, 0x0000, 0x0000, 0x0000, 0x0000, 0x0000, 0x0000, 0x0000, 0x0000,
  0x1040, 0x0000, 0x0841, 0x0861, 0x5A42, 0x5A22, 0x6286, 0x3180, 0x8B64, 0x59C1, 0x6283, 0x2102,
  0x0000, 0x5183, 0x6244, 0x6A43, 0x6B07, 0x62E7, 0x51C0, 0x5A84, 0x18E3, 0x18C3, 0x5142, 0x9AA5,
  0x8A85, 0x8A85, 0x8A85, 0x8A85, 0x8A65, 0x9285, 0x20A1, 0x0000, 0x0000, 0x0000, 0x0000, 0x1040,
  0x7A24, 0x1040, 0x0000, 0x0000, 0x0000, 0x0000, 0x28C1, 0x9285, 0x8A85, 0x8A85, 0x8A85, 0x8A85,
  0x8A85, 0x9285, 0x6A03, 0x1040, 0xAD75, 0xDEDB, 0x1060, 0x5269, 0x5AAA, 0x1040, 0xD69A, 0xBDF7,
  0x28E2, 0x5A47, 0x41A5, 0x3961, 0x3964, 0x3165, 0xC638, 0x630B, 0x49C4, 0x6289, 0x41E7, 0xE73C,
  0xDEFC, 0x73CF, 0x5289, 0xA514, 0x738E, 0x41C6, 0x732B, 0x5A89, 0x5248, 0x3986, 0xC618, 0xFFFF,
  0x528A, 0x5248, 0x62CA, 0x7B8D, 0x838D, 0x6B0B, 0x41C7, 0x9CD2, 0xFFFF, 0x4A48, 0x83CE, 0x83CE,
  0x8C0F, 0x5269, 0xB5B6, 0xE71C, 0x4208, 0x5AAA, 0x736D, 0xBDF8, 0x5289, 0x9430, 0x9430, 0x4208,
  0xBDF7, 0x4A49, 0x3185, 0x39C6, 0x39C7, 0x6B4C, 0x9C91, 0xA4D2, 0xA4F2, 0xACF2, 0xAD12, 0xAD13,
  0xAD12, 0xAD13, 0xAD13, 0xAD13, 0x9470, 0x736D, 0xFFFF, 0xEF7D, 0xAD95, 0xD69A, 0xA514, 0x39A6,
  0x8C0F, 0xA4F2, 0x5289, 0xAD55, 0x8C51, 0x39E7, 0x39A6, 0x9CF3, 0x9CF3, 0x5A89, 0xA4B1, 0x7BAD,
  0x7B8D, 0x4A28, 0xB596, 0xFFFF, 0x62EB, 0x5269, 0x6B2C, 0x9450, 0x5AAA, 0xE71C, 0xB5B6, 0x4A28,
  0x62EB, 0x52AA, 0x632C, 0x39C7, 0x9491, 0x840F, 0x6B6D, 0xD69A, 0x738E, 0x73AE, 0x4A49, 0x9CD3,
  0x8410, 0x6B6D, 0xAD34, 0x9CD2, 0x9CF3, 0x9CF2, 0x9CF2, 0x9CF2, 0x9CF2, 0x9CF2, 0x94B1, 0x9491,
  0x632C, 0x39C7, 0x8410, 0x6B4D, 0x7BEF, 0x9492, 0x0000, 0x0000, 0x0000, 0x0841, 0xA514, 0x5ACB,
  0x10A2, 0x10A2, 0x8C71, 0xAD55, 0x0020, 0x0000, 0x0000, 0x0020, 0x0861, 0x8410, 0xFFFF, 0x1082,
  0x0000, 0x0000, 0x0000, 0x0000, 0x0841, 0x1082, 0xA514, 0xFFFF, 0x5ACB, 0x0861, 0x0020, 0x0000,
  0x0000, 0x39C7, 0xF79E, 0x39E7, 0x1082, 0x2124, 0xBDD7, 0x3186, 0x0000, 0x0000, 0x0000, 0x0000,
  0x0000, 0x0000, 0x0000, 0x0000, 0x0000, 0x0000, 0x0000, 0x0000, 0x0000, 0x0000, 0x0000, 0x0000,
  0x0000, 0x0840, 0x6B07, 0x6A85, 0x6A84, 0x5A66, 0x18A2, 0x5163, 0x51E2, 0x72C6, 0x3122, 0x0040,
  0x2923, 0x6AA5, 0x6264, 0x28E2, 0x6260, 0x5A41, 0x6243, 0x7307, 0x3122, 0x4A04, 0x3942, 0x4962,
  0x6A03, 0x8A85, 0x8A85, 0x8A85, 0x8A65, 0x92A5, 0x28C1, 0x0000, 0x0000, 0x0000, 0x0000, 0x1861,
  0x7A44, 0x1861, 0x0000, 0x0000, 0x0000, 0x0000, 0x30E2, 0x9285, 0x8A85, 0x8A85, 0x8A85, 0x8A85,
  0x8A84, 0x5182, 0x3102, 0x18A0, 0xAD75, 0xD6BA, 0x2901, 0x3942, 0x3122, 0x20A1, 0xCE79, 0xBDF7,
  0x28C1, 0x49C4, 0x3164, 0x62C9, 0x5AAA, 0x528A, 0xF7BF, 0x9CF3, 0x3942, 0x5A25, 0x4A07, 0xD69A,
  0x4207, 0x28E2, 0x41A5, 0x4185, 0x41A5, 0x5206, 0x5A68, 0x5A68, 0x6289, 0x3965, 0xCE59, 0xFFFF,
  0x4A48, 0x6289, 0x6AEA, 0x6AEA, 0x6AEA, 0x730B, 0x5228, 0x8C30, 0xEF7D, 0x4A07, 0x732B, 0x732B,
  0x7B6C, 0x49E7, 0xAD55, 0xCE79, 0x4A08, 0x6AEB, 0x630C, 0xFFFF, 0x6B2C, 0x732C, 0x8BEE, 0x4207,
  0x8C71, 0xC638, 0xB596, 0xC618, 0x7BCF, 0x5A89, 0x9450, 0x9450, 0x9470, 0x9C70, 0x9C90, 0x9C91,
  0x9C91, 0x9C91, 0x9C91, 0x9C91, 0x83EE, 0x6B4D, 0xFFFF, 0xCE79, 0xD69A, 0xB596, 0x2944, 0x83CE,
  0x9470, 0x9470, 0x62EB, 0xEF7D, 0xDEFB, 0xB596, 0xB595, 0xE73C, 0xDF1C, 0x5ACA, 0xA4F2, 0xA4D1,
  0xA4D2, 0x62EA, 0xAD75, 0xFFFF, 0x6B2C, 0x944F, 0xA4D1, 0xA4D1, 0x62EA, 0xD6BA, 0xA534, 0x62CA,
  0x944F, 0x83EE, 0x736C, 0x6B0B, 0x8C2F, 0x62EB, 0xB596, 0xDEDB, 0x4A49, 0x9CB2, 0x4228, 0xBDF7,
  0xDEBB, 0x5ACA, 0x9CB2, 0x9471, 0x9471, 0x9471, 0x9491, 0x94B2, 0x94B2, 0x94D2, 0x9491, 0x94B2,
  0x7BAE, 0x5AEB, 0x4A48, 0x3985, 0x18C3, 0xB5B6, 0x738E, 0x0000, 0x0000, 0x31A6, 0xFFFF, 0xB596,
  0x632C, 0x632C, 0x8410, 0x6B6E, 0x0841, 0x0000, 0x0000, 0x0020, 0x0000, 0x6B6E, 0xFFDF, 0x10A2,
  0x0000, 0x0000, 0x0000, 0x0000, 0x0000, 0x0000, 0x9CD3, 0xFFFF, 0x4A6A, 0x0000, 0x0000, 0x0000,
  0x0000, 0x5AEB, 0xFFFF, 0xBDF7, 0x73AE, 0x6B6D, 0xFFFF, 0x9CF3, 0x0000, 0x0000, 0x0000, 0x0000,
  0x0000, 0x0000, 0x0000, 0x0000, 0x0000, 0x0000, 0x0000, 0x0000, 0x0000, 0x0000, 0x0000, 0x0000,
  0x0000, 0x0820, 0x6AA6, 0x5A66, 0x18C2, 0x1082, 0x5A86, 0x6264, 0x72E7, 0x39C6, 0x0020, 0x4202,
  0x6AA5, 0x6A85, 0x6AC7, 0x4102, 0x79E4, 0x6AA4, 0x49C4, 0x5A27, 0x6221, 0x5A44, 0x39E5, 0x1924,
  0x30C1, 0x9285, 0x8264, 0x8A65, 0x8A65, 0x8A64, 0x2081, 0x0000, 0x0000, 0x0000, 0x0000, 0x1040,
  0x7A44, 0x1040, 0x0000, 0x0000, 0x0000, 0x0000, 0x28A1, 0x8264, 0x8A65, 0x8A65, 0x8264, 0x8A64,
  0x61C1, 0x18A0, 0x2965, 0x20E0, 0xAD55, 0xD6BA, 0x3123, 0x51C3, 0x51E4, 0x20C1, 0xCE7A, 0xC618,
  0x28C0, 0x3144, 0x8451, 0x6B6D, 0x4207, 0x5269, 0xF79E, 0x9492, 0x3122, 0x51E5, 0x4A07, 0xBE18,
  0x3985, 0x51E5, 0x5206, 0x5206, 0x5A26, 0x5A26, 0x5A26, 0x5206, 0x5227, 0x2903, 0xAD55, 0xFFFF,
  0x39C6, 0x4185, 0x5A48, 0x5A68, 0x5A68, 0x5A68, 0x3123, 0x8410, 0xF7BE, 0x3144, 0x5A68, 0x62A9,
  0x62AA, 0x3985, 0xAD75, 0xD69A, 0x39A6, 0x5228, 0x62EB, 0xF7DF, 0x5ACB, 0x5AA9, 0x6B2B, 0x5A68,
  0x3165, 0x630B, 0x62EB, 0x630C, 0xDEFC, 0x4A48, 0x7B6C, 0x7B8D, 0x83CD, 0x83CE, 0x83EE, 0x8BEE,
  0x8C0F, 0x8C0F, 0x8C0F, 0x8C0F, 0x736C, 0x6B4C, 0xFFFF, 0x5289, 0x2924, 0x8430, 0x630B, 0x5269,
  0x83EE, 0x83EE, 0x4A48, 0xE73D, 0xAD75, 0x5ACB, 0x6B4D, 0x6B2C, 0x52AA, 0x62EA, 0x9450, 0x8C2F,
  0x9450, 0x5A89, 0xAD75, 0xFFFF, 0x5ACA, 0x734C, 0x8C2F, 0x9470, 0x5AAA, 0xD6DA, 0xAD55, 0x62EA,
  0x9470, 0x9470, 0x9CB1, 0xA4B1, 0xA4D2, 0x6B4C, 0xA514, 0xDEFB, 0x4207, 0x6B6D, 0x39C7, 0xC618,
  0xC638, 0x5ACB, 0x9CD3, 0x8C50, 0x8410, 0x8410, 0x7BEF, 0x83F0, 0x83F0, 0x7BCF, 0x83EF, 0x738E,
  0x4228, 0x7BCF, 0x4A28, 0x20C2, 0x0000, 0x9492, 0xEF5D, 0x0020, 0x0000, 0x31A6, 0xFFFF, 0xC639,
  0x0021, 0x0841, 0x0841, 0x0000, 0x0000, 0x0000, 0x0000, 0x0020, 0x0000, 0x6B4D, 0xFFFF, 0x0020,
  0x0000, 0x0000, 0x0000, 0x0000, 0x0000, 0x0000, 0xA514, 0xFFFF, 0x4229, 0x0000, 0x0000, 0x0000,
  0x0000, 0x8430, 0xFFFF, 0x632D, 0x0021, 0x0000, 0x39E7, 0x2965, 0x0000, 0x0000, 0x0000, 0x0000,
  0x0000, 0x0000, 0x0000, 0x0000, 0x0000, 0x0000, 0x0000, 0x0000, 0x0000, 0x0000, 0x0000, 0x0000,
  0x0000, 0x0000, 0x0840, 0x0000, 0x0841, 0x6286, 0x6AA6, 0x6286, 0x0861, 0x0000, 0x39E6, 0x6AC6,
  0x6244, 0x62C8, 0x1060, 0x5A01, 0x6284, 0x5A67, 0x2963, 0x7163, 0x6A43, 0x6AE7, 0x6265, 0x4A25,
  0x41C6, 0x49A3, 0x5181, 0x8A85, 0x9285, 0x8264, 0x3101, 0x0000, 0x0000, 0x0000, 0x0000, 0x28C1,
  0x8245, 0x28C1, 0x0000, 0x0000, 0x0000, 0x0020, 0x3902, 0x7A43, 0x7A43, 0x8A85, 0x5181, 0x49A3,
  0x4A07, 0x5225, 0x5A66, 0x18A1, 0xAD55, 0xD6BA, 0x20E2, 0x59E5, 0x49A2, 0x20A0, 0xCE7A, 0xBDF8,
  0x20A0, 0x2923, 0x8451, 0x6B6D, 0x4207, 0x4A69, 0xEF9E, 0x9492, 0x30E2, 0x49C4, 0x41E6, 0xC618,
  0x39A6, 0x49C5, 0x5205, 0x5206, 0x5206, 0x5A26, 0x5A26, 0x5A06, 0x5226, 0x3964, 0x41E7, 0xEF9E,
  0x738E, 0x5269, 0x3985, 0x5A47, 0x5A27, 0x3985, 0x4208, 0xAD55, 0xF7BE, 0x5AEB, 0x39A6, 0x5207,
  0x5A68, 0x3124, 0xAD55, 0xD69A, 0x3165, 0x49C6, 0x5ACA, 0xFFDF, 0x528A, 0x5227, 0x41E7, 0x5269,
  0x62EB, 0x5269, 0x4A69, 0x5ACB, 0xB596, 0x3986, 0x62CA, 0x6AEB, 0x732B, 0x732B, 0x732B, 0x734C,
  0x734C, 0x7B6C, 0x7B6D, 0x7B6D, 0x62CA, 0x630C, 0xF7DF, 0x62EB, 0x41E7, 0x5269, 0xD6BA, 0x6B6D,
  0x4A28, 0x736C, 0x41E7, 0x630C, 0x8C51, 0x4A49, 0x5ACB, 0x4A48, 0x4A28, 0x83CE, 0x83CE, 0x83EE,
  0x8C0E, 0x6B0B, 0x39E7, 0xCE79, 0x8C51, 0x5ACA, 0x5269, 0x83EE, 0x5269, 0xD6BA, 0xA514, 0x5A89,
  0x83EE, 0x83EE, 0x83EE, 0x83EE, 0x8C0F, 0x736C, 0x4207, 0xAD55, 0xBDF7, 0xB596, 0xB5B6, 0xA534,
  0x5269, 0x736D, 0x9CD2, 0x94B2, 0x9CB2, 0x9CB2, 0x94B2, 0x9CD3, 0x94B2, 0x94B2, 0x9CB2, 0x8430,
  0x4228, 0x8C51, 0xC638, 0x528A, 0x4A69, 0x9CD3, 0x4A49, 0x0000, 0x0000, 0x0861, 0x9492, 0xDEDB,
  0xB5B6, 0xBDD7, 0xA514, 0x10A2, 0x0000, 0x0000, 0x0000, 0x0020, 0x18C3, 0xA514, 0xFFFF, 0x528A,
  0x0020, 0x0000, 0x0000, 0x0000, 0x0000, 0x0000, 0x39E7, 0xE73C, 0x8C51, 0x4A49, 0x18C3, 0x0000,
  0x0000, 0x18C3, 0x8430, 0x738E, 0x4A69, 0x5ACB, 0x2104, 0x0000, 0x0000, 0x0000, 0x0000, 0x0000,
  0x0000, 0x0000, 0x0000, 0x0000, 0x0000, 0x0000, 0x0000, 0x0000, 0x0000, 0x0000, 0x0000, 0x0000,
  0x0000, 0x0000, 0x0000, 0x0861, 0x6AA7, 0x7307, 0x6AE8, 0x0861, 0x0000, 0x1882, 0x5A67, 0x6263,
  0x6203, 0x0861, 0x3184, 0x51C1, 0x7306, 0x2965, 0x41E5, 0x6283, 0x5A44, 0x39C5, 0x5A02, 0x6221,
  0x4206, 0x3184, 0x3920, 0x4943, 0x59A2, 0x7204, 0x8A65, 0x69E4, 0x5163, 0x4962, 0x5182, 0x8245,
  0x8244, 0x8245, 0x5183, 0x4963, 0x4942, 0x61C3, 0x92A5, 0x8264, 0x59A2, 0x4122, 0x3941, 0x41C5,
  0x4A8A, 0x6AA5, 0x5A23, 0x18C2, 0x3185, 0x5247, 0x0020, 0x51E6, 0x6224, 0x3942, 0x4A28, 0x4207,
  0x3943, 0x4161, 0x2923, 0x5ACB, 0x5AAA, 0x5AAA, 0x5AAA, 0x41C6, 0x41A4, 0x4184, 0x3144, 0x41E7,
  0x3144, 0x49A5, 0x49C5, 0x49C5, 0x51C5, 0x51E5, 0x5206, 0x5206, 0x5206, 0x5206, 0x3123, 0x4A07,
  0x62CA, 0x528A, 0x3964, 0x5A26, 0x5A27, 0x3984, 0x5269, 0x5ACA, 0x5A8A, 0x5ACA, 0x39A6, 0x49E6,
  0x5A27, 0x4185, 0x41E7, 0x4A48, 0x3985, 0x51E6, 0x3985, 0x5289, 0x3985, 0x5227, 0x41A5, 0x4A28,
  0x5ACA, 0x5AAA, 0x5AAA, 0x62EB, 0x39A6, 0x41A5, 0x5A68, 0x5A89, 0x62A9, 0x62A9, 0x62A9, 0x62AA,
  0x62CA, 0x6ACA, 0x6AEA, 0x6AEB, 0x628A, 0x41C7, 0x52AA, 0x39C6, 0x5A89, 0x39A6, 0x4A69, 0x5ACB,
  0x41E7, 0x6AEB, 0x6AEB, 0x39A6, 0x528A, 0x630B, 0x630C, 0x528A, 0x5248, 0x736C, 0x7B6D, 0x7B8D,
  0x7B6D, 0x7B6D, 0x5248, 0x4A28, 0x6B2C, 0x5ACB, 0x4A28, 0x7B6D, 0x62EB, 0x5AEB, 0x4A49, 0x62EA,
  0x7BAD, 0x83AD, 0x83CE, 0x83CE, 0x83AE, 0x83AE, 0x5AAA, 0x4A28, 0x736D, 0x6B6D, 0x6B6D, 0x4207,
  0x6B0B, 0x7BAD, 0x83CE, 0x83EE, 0x83EE, 0x83EE, 0x83EF, 0x8C0F, 0x8C30, 0x8C50, 0x9471, 0x9471,
  0x83EF, 0x4208, 0x5ACA, 0x5AAA, 0x4A49, 0x31A6, 0x0000, 0x0000, 0x0000, 0x0000, 0x0000, 0x3186,
  0x528A, 0x528A, 0x39C7, 0x0000, 0x0000, 0x0000, 0x0000, 0x0000, 0x18E3, 0x4A49, 0x4208, 0x4208,
  0x0020, 0x0000, 0x0000, 0x0000, 0x0000, 0x0000, 0x0000, 0x2945, 0x4A49, 0x4228, 0x10A2, 0x0000,
  0x0000, 0x0000, 0x0861, 0xA534, 0xB5B6, 0xB5B6, 0x39C7, 0x0000, 0x0000, 0x0000, 0x0000, 0x0000,
  0x0000, 0x0000, 0x0000, 0x0000, 0x0000, 0x0000, 0x0000, 0x0000, 0x0000, 0x0000, 0x0000, 0x0000,
  0x0000, 0x0000, 0x0000, 0x0020, 0x2942, 0x3964, 0x0841, 0x0000, 0x2103, 0x49E4, 0x6A84, 0x41A3,
  0x39C3, 0x39A4, 0x6286, 0x6A85, 0x5A68, 0x4A05, 0x5A24, 0x5A02, 0x4A01, 0x3164, 0x5A23, 0x6243,
  0x6267, 0x5203, 0x5A23, 0x18A1, 0x3121, 0x28E2, 0x3902, 0x69C4, 0x9285, 0x8A84, 0x7A43, 0x9285,
  0x7222, 0x9285, 0x8263, 0x8A84, 0x8A84, 0x61C2, 0x4943, 0x4122, 0x3942, 0x39A5, 0x5223, 0x5A03,
  0x6265, 0x7B27, 0x5A24, 0x2103, 0x18A1, 0x3121, 0x41A3, 0x3964, 0x5A06, 0x5A24, 0x49C4, 0x4184,
  0x49C6, 0x49C5, 0x49C3, 0x3963, 0x3123, 0x3943, 0x3964, 0x49C5, 0x5206, 0x49C5, 0x49A5, 0x4164,
  0x49A5, 0x49C5, 0x49C5, 0x49C5, 0x49C5, 0x49E6, 0x49E6, 0x49C5, 0x49C5, 0x49A5, 0x49A5, 0x3964,
  0x3943, 0x4164, 0x49C5, 0x51E6, 0x51E6, 0x49E6, 0x4164, 0x3964, 0x3964, 0x4164, 0x49E5, 0x5206,
  0x5206, 0x5206, 0x49A5, 0x49A5, 0x5206, 0x5205, 0x49E5, 0x41A4, 0x49E5, 0x5206, 0x5226, 0x49E5,
  0x49A5, 0x41A5, 0x41A5, 0x41A4, 0x49E6, 0x5227, 0x5227, 0x5A47, 0x5A47, 0x5A68, 0x5A68, 0x5A68,
  0x5A68, 0x5A68, 0x5A69, 0x5A68, 0x5A68, 0x5228, 0x49E6, 0x5227, 0x5248, 0x5248, 0x4A07, 0x4A07,
  0x5A89, 0x5A89, 0x5A69, 0x5A69, 0x4A27, 0x4A07, 0x4A27, 0x5248, 0x62AA, 0x62CA, 0x6AEB, 0x6B0B,
  0x6B0B, 0x6AEB, 0x62EB, 0x5AA9, 0x5A69, 0x5AAA, 0x6B0B, 0x6B0B, 0x6B0B, 0x62AA, 0x62CA, 0x6B2B,
  0x734C, 0x736C, 0x7B6D, 0x7B8D, 0x736C, 0x734C, 0x734C, 0x62EB, 0x5AAA, 0x5AAA, 0x5AAA, 0x6B0B,
  0x736C, 0x7B8D, 0x7BAD, 0x83CE, 0x83CE, 0x83CE, 0x83CE, 0x7BCE, 0x83CE, 0x83CE, 0x7BCE, 0x7BAE,
  0x7BAD, 0x738D, 0x5247, 0x3964, 0x0000, 0x0000, 0x0000, 0x0000, 0x0000, 0x0000, 0x0000, 0x0000,
  0x0000, 0x0000, 0x0000, 0x0000, 0x0000, 0x0000, 0x0000, 0x0000, 0x0000, 0x0000, 0x0000, 0x0000,
  0x0000, 0x0000, 0x0000, 0x0000, 0x0000, 0x0000, 0x0000, 0x0000, 0x0000, 0x0000, 0x0000, 0x0000,
  0x0000, 0x0000, 0x0000, 0x0000, 0x0000, 0x0000, 0x0000, 0x0000, 0x0000, 0x0000, 0x0000, 0x0000,
  0x0000, 0x0000, 0x0000, 0x0000, 0x0000, 0x0000, 0x0000, 0x0000, 0x0000, 0x0000, 0x0000, 0x0000,
  0x0000, 0x0000, 0x0000, 0x0000, 0x0000, 0x0000, 0x0000, 0x3185, 0x940C, 0x6223, 0x49E4, 0x0840,
  0x0000, 0x6AA5, 0x5A24, 0x3123, 0x0800, 0x3122, 0x6221, 0x6A26, 0x1061, 0x6AA5, 0x5A23, 0x3164,
  0x5224, 0x6222, 0x20E2, 0x10A1, 0x5A01, 0x62A7, 0x10C3, 0x20C0, 0x4142, 0x4123, 0x3921, 0x4943,
  0x3921, 0x4963, 0x3921, 0x4143, 0x4142, 0x20C1, 0x18E5, 0x41A3, 0x6221, 0x7BCE, 0x2103, 0x6243,
  0x51E1, 0x3164, 0x49C3, 0x59E2, 0x0000, 0x1060, 0x6222, 0x4183, 0x0021, 0x20E2, 0x49C3, 0x3941,
  0x0000, 0x1061, 0x41A4, 0x5A03, 0x5205, 0x3164, 0x2903, 0x3964, 0x3964, 0x4184, 0x41A5, 0x49C5,
  0x49C5, 0x5226, 0x5A27, 0x5A27, 0x5A47, 0x5206, 0x5206, 0x5226, 0x5206, 0x51E6, 0x51E6, 0x49E6,
  0x49E6, 0x49E6, 0x49E6, 0x51E6, 0x49E6, 0x49C6, 0x49C5, 0x49C5, 0x49C5, 0x49C5, 0x49C5, 0x49C5,
  0x49C5, 0x49C5, 0x49C5, 0x49C5, 0x49C5, 0x49C5, 0x49C5, 0x49E5, 0x49E5, 0x5206, 0x5206, 0x5226,
  0x5206, 0x5206, 0x5206, 0x5206, 0x5206, 0x5206, 0x5227, 0x5A47, 0x5A47, 0x5A47, 0x5A47, 0x5A47,
  0x5A47, 0x5A47, 0x5A27, 0x5227, 0x5227, 0x5207, 0x5227, 0x5227, 0x5207, 0x5227, 0x5248, 0x5248,
  0x5248, 0x5227, 0x5228, 0x5228, 0x5248, 0x5248, 0x5248, 0x5248, 0x5A48, 0x5A69, 0x5A69, 0x5A89,
  0x5A89, 0x5A89, 0x5A89, 0x5A89, 0x5A89, 0x5A89, 0x5A8A, 0x62AA, 0x5AAA, 0x62AA, 0x62CA, 0x62CA,
  0x62EA, 0x6AEB, 0x6B0B, 0x6B0B, 0x6B0B, 0x6B0B, 0x6AEB, 0x62EB, 0x6AEB, 0x6AEB, 0x6B0B, 0x6B0B,
  0x6B0B, 0x734C, 0x734C, 0x734C, 0x736C, 0x736C, 0x736C, 0x736C, 0x736D, 0x736D, 0x738D, 0x736D,
  0x734C, 0x6B2C, 0x5A88, 0x49E6, 0x0861, 0x0000, 0x0000, 0x0000, 0x0000, 0x0000, 0x0000, 0x0000,
  0x0000, 0x0000, 0x0000, 0x0000, 0x0000, 0x0000, 0x0000, 0x0000, 0x0000, 0x0000, 0x0000, 0x0000,
  0x0000, 0x0000, 0x0000, 0x0000, 0x0000, 0x0000, 0x0000, 0x0000, 0x0000, 0x0000, 0x0000, 0x0000,
  0x0000, 0x0000, 0x0000, 0x0000, 0x0000, 0x0000, 0x0000, 0x0000, 0x0000, 0x0000, 0x0000, 0x0000,
  0x0000, 0x0000, 0x0000, 0x0000, 0x0000, 0x0000, 0x0000, 0x0000, 0x0000, 0x0000, 0x0000, 0x0000,
  0x0000, 0x0000, 0x0000, 0x0000, 0x0000, 0x0000, 0x0840, 0x5A64, 0x6286, 0x4A05, 0x0820, 0x18E3,
  0x5247, 0x6284, 0x5A65, 0x0800, 0x79C4, 0x6AE7, 0x5A24, 0x6B2A, 0x4A27, 0x5A03, 0x940C, 0x5AEC,
  0x28E0, 0x5A01, 0x6AE8, 0x6AC6, 0x6264, 0x5A06, 0x0000, 0x3100, 0x5A63, 0x39A1, 0x49C2, 0x41C4,
  0x4981, 0x4184, 0x4181, 0x49E3, 0x4182, 0x5A02, 0x1881, 0x39A2, 0x6A85, 0x72E7, 0x6AE8, 0x6243,
  0x3940, 0x0000, 0x49C3, 0x6243, 0x39A4, 0x18A1, 0x5A24, 0x72E7, 0x3963, 0x0000, 0x49E4, 0x5A03,
  0x3164, 0x0000, 0x0861, 0x3143, 0x5A45, 0x3164, 0x0000, 0x0000, 0x0000, 0x0000, 0x0841, 0x0860,
  0x1081, 0x20E3, 0x41A3, 0x3163, 0x3924, 0x51E6, 0x49E6, 0x5206, 0x51E6, 0x51E6, 0x49C5, 0x5206,
  0x5206, 0x5206, 0x5A26, 0x5226, 0x5206, 0x5206, 0x5206, 0x5206, 0x51E6, 0x5206, 0x51E6, 0x51E6,
  0x51E6, 0x51E6, 0x49E5, 0x49E6, 0x49E6, 0x49C5, 0x49C5, 0x49C5, 0x49C5, 0x49C5, 0x49C5, 0x49C5,
  0x49C5, 0x49C5, 0x49E5, 0x49C5, 0x49E6, 0x49E6, 0x51E6, 0x5206, 0x5206, 0x5206, 0x5226, 0x5226,
  0x5A26, 0x5A26, 0x5226, 0x5226, 0x5226, 0x5226, 0x5206, 0x5206, 0x5226, 0x5226, 0x5206, 0x5206,
  0x5206, 0x5206, 0x5227, 0x5207, 0x5207, 0x5207, 0x5227, 0x5227, 0x5227, 0x5248, 0x5248, 0x5248,
  0x5248, 0x5248, 0x5248, 0x5228, 0x5248, 0x5248, 0x5248, 0x5248, 0x5248, 0x5248, 0x5268, 0x5A69,
  0x5A89, 0x5A89, 0x5A89, 0x5A89, 0x5AA9, 0x5AA9, 0x5AA9, 0x5AA9, 0x5AA9, 0x5AA9, 0x62AA, 0x62AA,
  0x62CA, 0x62EB, 0x6AEB, 0x6AEB, 0x6B0B, 0x6B0B, 0x6B0B, 0x6B0C, 0x6B0C, 0x6B2C, 0x6B2C, 0x6B0C,
  0x6B0B, 0x62EB, 0x5A68, 0x5227, 0x0861, 0x0000, 0x0000, 0x0000, 0x0000, 0x0000, 0x0000, 0x0000,
  0x0000, 0x0000, 0x0000, 0x0000, 0x0000, 0x0000, 0x0000, 0x0000, 0x0000, 0x0000, 0x0000, 0x0000,
  0x0000, 0x0000, 0x0000, 0x0000, 0x0000, 0x0000, 0x0000, 0x0000, 0x0000, 0x0000, 0x0000, 0x0000,
  0x0000, 0x0000, 0x0000, 0x0000, 0x0000, 0x0000, 0x0000, 0x0000, 0x0000, 0x0000, 0x0000, 0x0000,
  0x0000, 0x0000, 0x0000, 0x0000, 0x0000, 0x0000, 0x0000, 0x0000, 0x0000, 0x0000, 0x0000, 0x0000,
  0x0000, 0x0000, 0x0000, 0x0000, 0x0000, 0x0000, 0x0000, 0x0020, 0x0020, 0x0000, 0x28C3, 0x6A67,
  0x6AA4, 0x6285, 0x3184, 0x2880, 0x7162, 0x5A21, 0x1880, 0x4A48, 0x72C5, 0x5224, 0x4A47, 0x83C9,
  0x6285, 0x6A85, 0x6B07, 0x5A01, 0x51C2, 0x1061, 0x41E5, 0x4982, 0x7B45, 0x62A0, 0x6244, 0x72A4,
  0x59E1, 0x6AE6, 0x59E0, 0x6AC5, 0x6264, 0x6283, 0x5A66, 0x1061, 0x5245, 0x59E0, 0x5A24, 0x6AC7,
  0x6264, 0x7308, 0x3985, 0x49C2, 0x72A4, 0x39A6, 0x18C2, 0x6222, 0x3940, 0x0020, 0x2102, 0x5A23,
  0x72C6, 0x4A06, 0x0840, 0x0000, 0x0000, 0x0000, 0x0000, 0x0000, 0x0000, 0x0000, 0x0000, 0x0000,
  0x0000, 0x0000, 0x0000, 0x0000, 0x0000, 0x0020, 0x0000, 0x0020, 0x0020, 0x2082, 0x0820, 0x18A2,
  0x20E2, 0x30E2, 0x20E3, 0x5143, 0x4185, 0x4165, 0x49A5, 0x49C5, 0x5205, 0x51E5, 0x5206, 0x5206,
  0x5206, 0x5206, 0x5206, 0x51E6, 0x5206, 0x5206, 0x5206, 0x5206, 0x5206, 0x5206, 0x5226, 0x5206,
  0x5206, 0x5206, 0x51E6, 0x51E6, 0x51E6, 0x49E5, 0x49E5, 0x49E5, 0x49C5, 0x49C5, 0x49E5, 0x49C5,
  0x49C5, 0x49C5, 0x49C5, 0x49C5, 0x49E6, 0x49E5, 0x49E5, 0x49E6, 0x51E6, 0x5206, 0x5206, 0x5206,
  0x5206, 0x5206, 0x5206, 0x5206, 0x5206, 0x5206, 0x5206, 0x5206, 0x5206, 0x5206, 0x5206, 0x5206,
  0x5226, 0x5227, 0x5207, 0x5207, 0x5207, 0x5227, 0x5227, 0x5227, 0x5227, 0x5227, 0x5227, 0x5228,
  0x5228, 0x5248, 0x5248, 0x5248, 0x5248, 0x5248, 0x5248, 0x5248, 0x5248, 0x5248, 0x5A68, 0x5A68,
  0x5A69, 0x5A89, 0x5A89, 0x5A89, 0x5A8A, 0x5AAA, 0x5AAA, 0x62AA, 0x62CA, 0x62EB, 0x62CA, 0x62AA,
  0x62AA, 0x5AAA, 0x5247, 0x5247, 0x0861, 0x0000, 0x0000, 0x0000, 0x0000, 0x0000, 0x0000, 0x0000,
  0x0000, 0x0000, 0x0000, 0x0000, 0x0000, 0x0000, 0x0000, 0x0000, 0x0000, 0x0000, 0x0000, 0x0000,
  0x0000, 0x0000, 0x0000, 0x0000, 0x0000, 0x0000, 0x0000, 0x0000, 0x0000, 0x0000, 0x0000, 0x0000,
  0x0000, 0x0000, 0x0000, 0x0000, 0x0000, 0x0000, 0x0000, 0x0000, 0x0000, 0x0000, 0x0000, 0x0000,
  0x0000, 0x0000, 0x0000, 0x0000, 0x0000, 0x0000, 0x0000, 0x0000, 0x0000, 0x0000, 0x0000, 0x0000,
  0x0000, 0x0000, 0x0000, 0x0000, 0x0000, 0x0000, 0x0000, 0x0000, 0x0000, 0x0000, 0x51E7, 0x8B8A,
  0x6B07, 0x39A6, 0x0000, 0x7B43, 0x5265, 0x72C6, 0x18C1, 0x2944, 0x5A01, 0x51E4, 0x0040, 0x49C0,
  0x6AA5, 0x49E6, 0x4A05, 0x6241, 0x4982, 0x1082, 0x6AA4, 0x6286, 0x7BAA, 0x5A60, 0x5A43, 0x6A84,
  0x51C1, 0x62C5, 0x51E1, 0x7A24, 0x82A9, 0x5223, 0x7B06, 0x2103, 0x49E4, 0x6241, 0x3962, 0x3164,
  0x6222, 0x6243, 0x10A2, 0x3120, 0x6242, 0x5267, 0x18C2, 0x7AE7, 0x6244, 0x5A67, 0x0000, 0x5268,
  0x7328, 0x7B27, 0x1081, 0x0000, 0x0000, 0x0000, 0x0000, 0x0000, 0x0000, 0x0000, 0x0000, 0x0000,
  0x0000, 0x0000, 0x0000, 0x0000, 0x0000, 0x0000, 0x0000, 0x0000, 0x0000, 0x0000, 0x0000, 0x0000,
  0x0000, 0x0000, 0x0000, 0x0000, 0x0000, 0x0000, 0x0000, 0x0862, 0x2102, 0x1881, 0x20E2, 0x20E2,
  0x20C2, 0x20C2, 0x3123, 0x4164, 0x3923, 0x3964, 0x4164, 0x4984, 0x41A5, 0x49C5, 0x49C5, 0x49C5,
  0x49C5, 0x49C5, 0x5206, 0x5206, 0x5206, 0x5206, 0x5206, 0x5206, 0x5226, 0x5226, 0x5206, 0x5206,
  0x5206, 0x51E6, 0x51E6, 0x49E6, 0x49E5, 0x49C5, 0x49C5, 0x49C5, 0x49A5, 0x49A5, 0x49A5, 0x49A5,
  0x41A5, 0x49A5, 0x49C5, 0x49C5, 0x49C5, 0x49C5, 0x49C5, 0x51E6, 0x51E6, 0x51E6, 0x51E6, 0x5206,
  0x5206, 0x5206, 0x5206, 0x5206, 0x5206, 0x5206, 0x5206, 0x5206, 0x5206, 0x5206, 0x4A06, 0x4A06,
  0x4A06, 0x5207, 0x5206, 0x5206, 0x5207, 0x5207, 0x5227, 0x49E6, 0x49E6, 0x4A06, 0x5227, 0x5227,
  0x5227, 0x5227, 0x5248, 0x5228, 0x5248, 0x5248, 0x5248, 0x5248, 0x5248, 0x5248, 0x5248, 0x5248,
  0x5249, 0x5248, 0x4A07, 0x5A48, 0x10A2, 0x0000, 0x0000, 0x0000, 0x0000, 0x0000, 0x0000, 0x0000,
  0x0000, 0x0000, 0x0000, 0x0000, 0x0000, 0x0000, 0x0000, 0x0000, 0x0000, 0x0000, 0x0000, 0x0000,
  0x0000, 0x0000, 0x0000, 0x0000, 0x0000, 0x0000, 0x0000, 0x0000, 0x0000, 0x0000, 0x0000, 0x0000,
  0x0000, 0x0000, 0x0000, 0x0000, 0x0000, 0x0000, 0x0000, 0x0000, 0x0000, 0x0000, 0x0000, 0x0000,
  0x0000, 0x0000, 0x0000, 0x0000, 0x0000, 0x0000, 0x0000, 0x0000, 0x0000, 0x0000, 0x0000, 0x0000,
  0x0000, 0x0000, 0x0000, 0x0000, 0x0000, 0x0000, 0x0000, 0x0000, 0x0000, 0x0000, 0x0021, 0x4227,
  0x2104, 0x10A0, 0x4A62, 0x4960, 0x6A84, 0x4A68, 0x4207, 0x6285, 0x5A01, 0x4A24, 0x0820, 0x5980,
  0x6AC6, 0x18E3, 0x41C5, 0x6242, 0x4982, 0x1061, 0x6222, 0x49C3, 0x2121, 0x6280, 0x5A23, 0x6A84,
  0x51C1, 0x62C5, 0x5A01, 0x51C3, 0x1861, 0x51C0, 0x6A83, 0x2103, 0x49C4, 0x6221, 0x3942, 0x0840,
  0x5A02, 0x6263, 0x1082, 0x3140, 0x6263, 0x6284, 0x3985, 0x5227, 0x5A21, 0x6A85, 0x3945, 0x0821,
  0x18E3, 0x3144, 0x0000, 0x0000, 0x0000, 0x0000, 0x0000, 0x0000, 0x0000, 0x0000, 0x0000, 0x0000,
  0x0000, 0x0000, 0x0000, 0x0000, 0x0000, 0x0000, 0x0000, 0x0000, 0x0000, 0x0000, 0x0000, 0x0000,
  0x0000, 0x0000, 0x0000, 0x0000, 0x0000, 0x0000, 0x0000, 0x0000, 0x0000, 0x0000, 0x0000, 0x0000,
  0x0000, 0x0000, 0x0000, 0x0000, 0x0000, 0x0000, 0x0800, 0x1800, 0x0841, 0x2081, 0x1860, 0x1881,
  0x18A1, 0x3122, 0x3903, 0x30E3, 0x3123, 0x30E2, 0x3943, 0x3923, 0x4184, 0x4164, 0x49A5, 0x49A5,
  0x49C5, 0x49E5, 0x49E6, 0x5206, 0x51E6, 0x51E6, 0x5206, 0x5206, 0x5206, 0x5206, 0x5206, 0x49E6,
  0x49E5, 0x49E5, 0x49E6, 0x49E6, 0x49C5, 0x49C5, 0x49A5, 0x49A5, 0x41A5, 0x49A5, 0x41A5, 0x41A5,
  0x41A5, 0x41A5, 0x41A5, 0x49C5, 0x49C5, 0x49C5, 0x49C5, 0x49E5, 0x49E6, 0x49E6, 0x49E6, 0x49E6,
  0x49E6, 0x49E5, 0x51E6, 0x49E6, 0x49E6, 0x49E6, 0x49E6, 0x49E6, 0x49E6, 0x49E6, 0x49E6, 0x4A06,
  0x4A06, 0x4A06, 0x4A06, 0x4A07, 0x4A07, 0x4A07, 0x4A07, 0x4A07, 0x4A07, 0x4A07, 0x4A07, 0x4A07,
  0x4A07, 0x49E7, 0x5206, 0x6289, 0x1082, 0x0000, 0x0000, 0x0000, 0x0000, 0x0000, 0x0000, 0x0000,
  0x0000, 0x0000, 0x0000, 0x0000, 0x0000, 0x0000, 0x0000, 0x0000, 0x0000, 0x0000, 0x0000, 0x0000,
  0x0000, 0x0000, 0x0000, 0x0000, 0x0000, 0x0000, 0x0000, 0x0000, 0x0000, 0x0000, 0x0000, 0x0000,
  0x0000, 0x0000, 0x0000, 0x0000, 0x0000, 0x0000, 0x0000, 0x0000, 0x0000, 0x0000, 0x0000, 0x0000,
  0x0000, 0x0000, 0x0000, 0x0000, 0x0000, 0x0000, 0x0000, 0x0000, 0x0000, 0x0000, 0x0000, 0x0000,
  0x0000, 0x0000, 0x0000, 0x0000, 0x0000, 0x0000, 0x0000, 0x0000, 0x0000, 0x0000, 0x0000, 0x0000,
  0x0000, 0x10A1, 0x8386, 0x6222, 0x5A63, 0x0861, 0x41C5, 0x6222, 0x51C0, 0x18C1, 0x3143, 0x59C1,
  0x6AE6, 0x41E5, 0x49E3, 0x6242, 0x5201, 0x1061, 0x6242, 0x49A2, 0x18C0, 0x62A0, 0x5A23, 0x6A84,
  0x51C1, 0x62C5, 0x5A01, 0x49E3, 0x0840, 0x51A0, 0x6AA4, 0x20E3, 0x6285, 0x6A63, 0x49A2, 0x41C4,
  0x6A82, 0x5A43, 0x41C4, 0x18C1, 0x5A64, 0x59E1, 0x3961, 0x0000, 0x59E2, 0x6244, 0x9BE7, 0x2920,
  0x0000, 0x0000, 0x0000, 0x0000, 0x0000, 0x0000, 0x0000, 0x0000, 0x0000, 0x0000, 0x0000, 0x0000,
  0x0000, 0x0000, 0x0000, 0x0000, 0x0000, 0x0000, 0x0000, 0x0000, 0x0000, 0x0000, 0x0000, 0x0000,
  0x0000, 0x0000, 0x0000, 0x0000, 0x0000, 0x0000, 0x0000, 0x0000, 0x0000, 0x0000, 0x0000, 0x0000,
  0x0000, 0x0000, 0x0000, 0x0000, 0x0000, 0x0000, 0x0000, 0x0000, 0x0000, 0x0000, 0x0000, 0x0000,
  0x0000, 0x0000, 0x0000, 0x0000, 0x0000, 0x0000, 0x0000, 0x0800, 0x1061, 0x1020, 0x1840, 0x1041,
  0x28C1, 0x2081, 0x2882, 0x30E2, 0x28C2, 0x30E2, 0x3123, 0x3943, 0x3943, 0x3964, 0x4184, 0x41A5,
  0x49A5, 0x49C5, 0x49E5, 0x49E6, 0x49E6, 0x5206, 0x5206, 0x5206, 0x5206, 0x4A06, 0x49E6, 0x49E6,
  0x49E6, 0x49E6, 0x49C5, 0x49C5, 0x41A5, 0x41A5, 0x41A5, 0x41A5, 0x41A5, 0x41A5, 0x4185, 0x41A5,
  0x4184, 0x41A5, 0x41A5, 0x49C5, 0x49C5, 0x49C5, 0x49C5, 0x49C5, 0x49C5, 0x49E6, 0x49E5, 0x49E6,
  0x49E6, 0x49E6, 0x49E6, 0x49E6, 0x49E6, 0x49E6, 0x49E6, 0x49E6, 0x49E6, 0x49E6, 0x49E6, 0x49E6,
  0x4A06, 0x49E6, 0x5206, 0x5A89, 0x1082, 0x0000, 0x0000, 0x0000, 0x0000, 0x0000, 0x0000, 0x0000,
  0x0000, 0x0000, 0x0000, 0x0000, 0x0000, 0x0000, 0x0000, 0x0000, 0x0000, 0x0000, 0x0000, 0x0000,
  0x0000, 0x0000, 0x0000, 0x0000, 0x0000, 0x0000, 0x0000, 0x0000, 0x0000, 0x0000, 0x0000, 0x0000,
  0x0000, 0x0000, 0x0000, 0x0000, 0x0000, 0x0000, 0x0000, 0x0000, 0x0000, 0x0000, 0x0000, 0x0000,
  0x0000, 0x0000, 0x0000, 0x0000, 0x0000, 0x0000, 0x0000, 0x0000, 0x0000, 0x0000, 0x0000, 0x0000,
  0x0000, 0x0000, 0x0000, 0x0000, 0x0000, 0x0000, 0x0000, 0x0000, 0x0000, 0x0000, 0x0000, 0x0000,
  0x0000, 0x1080, 0x4221, 0x28C0, 0x0020, 0x18A0, 0x5224, 0x6A83, 0x49C2, 0x0841, 0x6243, 0x6222,
  0x3983, 0x3941, 0x6241, 0x72C6, 0x1080, 0x1061, 0x6242, 0x49A3, 0x18E0, 0x62A0, 0x5A43, 0x6A84,
  0x51C1, 0x62C5, 0x5A01, 0x49E3, 0x1041, 0x51A0, 0x6AA4, 0x2103, 0x4220, 0x5222, 0x5A02, 0x6263,
  0x4A44, 0x6A85, 0x72E5, 0x18C3, 0x5A47, 0x6A83, 0x51E3, 0x20E3, 0x0000, 0x30E1, 0x3122, 0x0040,
  0x0000, 0x0000, 0x0000, 0x0000, 0x0000, 0x0000, 0x0000, 0x0000, 0x0000, 0x0000, 0x0000, 0x0000,
  0x0000, 0x0000, 0x0000, 0x0000, 0x0000, 0x0000, 0x0000, 0x0000, 0x0000, 0x0000, 0x0000, 0x0000,
  0x0000, 0x0000, 0x0000, 0x0000, 0x0000, 0x0000, 0x0000, 0x0000, 0x0000, 0x0000, 0x0000, 0x0000,
  0x0000, 0x0000, 0x0000, 0x0000, 0x0000, 0x0000, 0x0000, 0x0000, 0x0000, 0x0000, 0x0000, 0x0000,
  0x0000, 0x0000, 0x0000, 0x0000, 0x0000, 0x0000, 0x0000, 0x0000, 0x0000, 0x0000, 0x0000, 0x0000,
  0x0000, 0x0000, 0x0000, 0x0000, 0x0000, 0x0000, 0x0800, 0x0820, 0x0800, 0x1040, 0x1840, 0x2061,
  0x1061, 0x2081, 0x28A1, 0x28A2, 0x28E2, 0x30C2, 0x3903, 0x3923, 0x3943, 0x3944, 0x4184, 0x4185,
  0x41A5, 0x49C5, 0x49C5, 0x49E5, 0x49E6, 0x49E6, 0x49E6, 0x49E6, 0x49E6, 0x49E5, 0x49C5, 0x49C5,
  0x49A5, 0x41A5, 0x41A5, 0x41A5, 0x4184, 0x4184, 0x4184, 0x4185, 0x4184, 0x4184, 0x4184, 0x41A4,
  0x4185, 0x41A5, 0x41A5, 0x49C5, 0x49C5, 0x49C5, 0x49E5, 0x49E6, 0x49E6, 0x49E6, 0x49E6, 0x49E6,
  0x49E6, 0x49E5, 0x5A47, 0x3985, 0x0000, 0x0000, 0x0000, 0x0000, 0x0000, 0x0000, 0x0000, 0x0000,
  0x0000, 0x0000, 0x0000, 0x0000, 0x0000, 0x0000, 0x0000, 0x0000, 0x0000, 0x0000, 0x0000, 0x0000,
  0x0000, 0x0000, 0x0000, 0x0000, 0x0000, 0x0000, 0x0000, 0x0000, 0x0000, 0x0000, 0x0000, 0x0000,
  0x0000, 0x0000, 0x0000, 0x0000, 0x0000, 0x0000, 0x0000, 0x0000, 0x0000, 0x0000, 0x0000, 0x0000,
  0x0000, 0x0000, 0x0000, 0x0000, 0x0000, 0x0000, 0x0000, 0x0000, 0x0000, 0x0000, 0x0000, 0x0000,
  0x0000, 0x0000, 0x0000, 0x0000, 0x0000, 0x0000, 0x0000, 0x0000, 0x0000, 0x0000, 0x0000, 0x0000,
  0x0000, 0x0000, 0x0000, 0x0000, 0x0000, 0x39A4, 0x6AC5, 0x4204, 0x10A1, 0x1082, 0x5A03, 0x6A63,
  0x20C2, 0x28E0, 0x6242, 0x7268, 0x0000, 0x1081, 0x6243, 0x49A3, 0x18E0, 0x6280, 0x5A23, 0x6A84,
  0x51C1, 0x62C5, 0x5A01, 0x49E3, 0x1041, 0x51C0, 0x6AA4, 0x2944, 0x0000, 0x39A0, 0x6242, 0x4182,
  0x1904, 0x7307, 0x6A84, 0x20E3, 0x2944, 0x41C4, 0x7306, 0x7B64, 0x0000, 0x0000, 0x0000, 0x0000,
  0x0000, 0x0000, 0x0000, 0x0000, 0x0000, 0x0000, 0x0000, 0x0000, 0x0000, 0x0000, 0x0000, 0x0000,
  0x0000, 0x0000, 0x0000, 0x0000, 0x0000, 0x0000, 0x0000, 0x0000, 0x0000, 0x0000, 0x0000, 0x0000,
  0x0000, 0x0000, 0x0000, 0x0000, 0x0000, 0x0000, 0x0000, 0x0000, 0x0000, 0x0000, 0x0000, 0x0000,
  0x0000, 0x0000, 0x0000, 0x0000, 0x0000, 0x0000, 0x0000, 0x0000, 0x0000, 0x0000, 0x0000, 0x0000,
  0x0000, 0x0000, 0x0000, 0x0000, 0x0000, 0x0000, 0x0000, 0x0000, 0x0000, 0x0000, 0x0000, 0x0000,
  0x0000, 0x0000, 0x0000, 0x0000, 0x0000, 0x0000, 0x0000, 0x0000, 0x0000, 0x0000, 0x0000, 0x0000,
  0x0000, 0x0000, 0x0000, 0x0000, 0x0000, 0x0800, 0x1000, 0x0820, 0x0820, 0x0800, 0x1041, 0x1040,
  0x1820, 0x2081, 0x20A1, 0x28C2, 0x30E2, 0x3903, 0x3103, 0x3923, 0x3943, 0x4164, 0x4184, 0x41A5,
  0x41A5, 0x49C5, 0x49C5, 0x49C5, 0x49E5, 0x49E6, 0x49E5, 0x49C5, 0x49C5, 0x49C5, 0x41C5, 0x41A5,
  0x49A5, 0x41A5, 0x41A5, 0x41A5, 0x3964, 0x4184, 0x4184, 0x4185, 0x4184, 0x41A5, 0x41A5, 0x41A5,
  0x41A5, 0x49C5, 0x49E5, 0x5268, 0x0861, 0x0000, 0x0000, 0x0000, 0x0000, 0x0000, 0x0000, 0x0000,
  0x0000, 0x0000, 0x0000, 0x0000, 0x0000, 0x0000, 0x0000, 0x0000, 0x0000, 0x0000, 0x0000, 0x0000,
  0x0000, 0x0000, 0x0000, 0x0000, 0x0000, 0x0000, 0x0000, 0x0000, 0x0000, 0x0000, 0x0000, 0x0000,
  0x0000, 0x0000, 0x0000, 0x0000, 0x0000, 0x0000, 0x0000, 0x0000, 0x0000, 0x0000, 0x0000, 0x0000,
  0x0000, 0x0000, 0x0000, 0x0000, 0x0000, 0x0000, 0x0000, 0x0000, 0x0000, 0x0000, 0x0000, 0x0000,
  0x0000, 0x0000, 0x0000, 0x0000, 0x0000, 0x0000, 0x0000, 0x0000, 0x0000, 0x0000, 0x0000, 0x0000,
  0x0000, 0x0000, 0x0000, 0x0000, 0x0000, 0x0000, 0x0020, 0x0000, 0x0861, 0x7B69, 0x7308, 0x6AE6,
  0x1882, 0x3121, 0x6242, 0x7B29, 0x0000, 0x0840, 0x6222, 0x4162, 0x18E0, 0x62A0, 0x6223, 0x6A84,
  0x59E1, 0x62C5, 0x59E1, 0x49E3, 0x0840, 0x4980, 0x6A84, 0x20E3, 0x0000, 0x4200, 0x6221, 0x41C3,
  0x3082, 0x8AE7, 0x6B07, 0x7B29, 0x1081, 0x0000, 0x0840, 0x0860, 0x0000, 0x0000, 0x0000, 0x0000,
  0x0000, 0x0000, 0x0000, 0x0000, 0x0000, 0x0000, 0x0000, 0x0000, 0x0000, 0x0000, 0x0000, 0x0000,
  0x0000, 0x0000, 0x0000, 0x0000, 0x0000, 0x0000, 0x0000, 0x0000, 0x0000, 0x0000, 0x0000, 0x0000,
  0x0000, 0x0000, 0x0000, 0x0000, 0x0000, 0x0000, 0x0000, 0x0000, 0x0000, 0x0000, 0x0000, 0x0000,
  0x0000, 0x0000, 0x0000, 0x0000, 0x0000, 0x0000, 0x0000, 0x0000, 0x0000, 0x0000, 0x0000, 0x0000,
  0x0000, 0x0000, 0x0000, 0x0000, 0x0000, 0x0000, 0x0000, 0x0000, 0x0000, 0x0000, 0x0000, 0x0000,
  0x0000, 0x0000, 0x0000, 0x0000, 0x0000, 0x0000, 0x0000, 0x0000, 0x0000, 0x0000, 0x0000, 0x0000,
  0x0000, 0x0000, 0x0000, 0x0000, 0x0000, 0x0000, 0x0000, 0x0000, 0x0000, 0x0000, 0x0000, 0x0000,
  0x0000, 0x0000, 0x0000, 0x0000, 0x1000, 0x1000, 0x0800, 0x1020, 0x0800, 0x1040, 0x1820, 0x2041,
  0x2061, 0x28A2, 0x28A1, 0x28E2, 0x28C2, 0x30E2, 0x3123, 0x3943, 0x3964, 0x4164, 0x4184, 0x41A5,
  0x49A5, 0x49C6, 0x49C6, 0x49E6, 0x49E6, 0x49E6, 0x49C6, 0x49C5, 0x49C5, 0x49C5, 0x49C5, 0x41C5,
  0x41A5, 0x41A5, 0x49E5, 0x734C, 0x18E3, 0x0000, 0x0000, 0x0000, 0x0000, 0x0000, 0x0000, 0x0000,
  0x0000, 0x0000, 0x0000, 0x0000, 0x0000, 0x0000, 0x0000, 0x0000, 0x0000, 0x0000, 0x0000, 0x0000,
  0x0000, 0x0000, 0x0000, 0x0000, 0x0000, 0x0000, 0x0000, 0x0000, 0x0000, 0x0000, 0x0000, 0x0000,
  0x0000, 0x0000, 0x0000, 0x0000, 0x0000, 0x0000, 0x0000, 0x0000, 0x0000, 0x0000, 0x0000, 0x0000,
  0x0000, 0x0000, 0x0000, 0x0000, 0x0000, 0x0000, 0x0000, 0x0000, 0x0000, 0x0000, 0x0000, 0x0000,
  0x0000, 0x0000, 0x0000, 0x0000, 0x0000, 0x0000, 0x0000, 0x0000, 0x0000, 0x0000, 0x0000, 0x0000,
  0x0000, 0x0000, 0x0000, 0x0000, 0x0000, 0x0000, 0x0000, 0x0000, 0x0840, 0x39A3, 0x2924, 0x0020,
  0x4205, 0x7B48, 0x6B08, 0x4227, 0x0840, 0x41E6, 0x6AA5, 0x62A4, 0x1880, 0x61E1, 0x5A44, 0x72A4,
  0x51C0, 0x62C6, 0x5A01, 0x49E3, 0x10A1, 0x6284, 0x72E6, 0x4A46, 0x0861, 0x3961, 0x7B08, 0x7B69,
  0x6264, 0x0800, 0x2123, 0x41A5, 0x1082, 0x0000, 0x0000, 0x0000, 0x0000, 0x0000, 0x0000, 0x0000,
  0x0000, 0x0000, 0x0000, 0x0000, 0x0000, 0x0000, 0x0000, 0x0000, 0x0000, 0x0000, 0x0000, 0x0000,
  0x0000, 0x0000, 0x0000, 0x0000, 0x0000, 0x0000, 0x0000, 0x0000, 0x0000, 0x0000, 0x0000, 0x0000,
  0x0000, 0x0000, 0x0000, 0x0000, 0x0000, 0x0000, 0x0000, 0x0000, 0x0000, 0x0000, 0x0000, 0x0000,
  0x0000, 0x0000, 0x0000, 0x0000, 0x0000, 0x0000, 0x0000, 0x0000, 0x0000, 0x0000, 0x0000, 0x0000,
  0x0000, 0x0000, 0x0000, 0x0000, 0x0000, 0x0000, 0x0000, 0x0000, 0x0000, 0x0000, 0x0000, 0x0000,
  0x0000, 0x0000, 0x0000, 0x0000, 0x0000, 0x0000, 0x0000, 0x0000, 0x0000, 0x0000, 0x0000, 0x0000,
  0x0000, 0x0000, 0x0000, 0x0000, 0x0000, 0x0000, 0x0000, 0x0000, 0x0000, 0x0000, 0x0000, 0x0000,
  0x0000, 0x0000, 0x0000, 0x0000, 0x0000, 0x0000, 0x0000, 0x0000, 0x0000, 0x0000, 0x0000, 0x0000,
  0x0000, 0x0000, 0x0000, 0x0000, 0x0000, 0x1000, 0x0800, 0x1020, 0x0820, 0x0820, 0x0820, 0x1040,
  0x2060, 0x1881, 0x2081, 0x28A2, 0x28C2, 0x3103, 0x3923, 0x3943, 0x3964, 0x4184, 0x41A5, 0x49C5,
  0x49C5, 0x49C5, 0x5A26, 0x3164, 0x0000, 0x0000, 0x0000, 0x0000, 0x0000, 0x0000, 0x0000, 0x0000,
  0x0000, 0x0000, 0x0000, 0x0000, 0x0000, 0x0000, 0x0000, 0x0000, 0x0000, 0x0000, 0x0000, 0x0000,
  0x0000, 0x0000, 0x0000, 0x0000, 0x0000, 0x0000, 0x0000, 0x0000, 0x0000, 0x0000, 0x0000, 0x0000,
  0x0000, 0x0000, 0x0000, 0x0000, 0x0000, 0x0000, 0x0000, 0x0000, 0x0000, 0x0000, 0x0000, 0x0000,
  0x0000, 0x0000, 0x0000, 0x0000, 0x0000, 0x0000, 0x0000, 0x0000, 0x0000, 0x0000, 0x0000, 0x0000,
  0x0000, 0x0000, 0x0000, 0x0000, 0x0000, 0x0000, 0x0000, 0x0000, 0x0000, 0x0000, 0x0000, 0x0000,
  0x0000, 0x0000, 0x0000, 0x0000, 0x0000, 0x0000, 0x0000, 0x0000, 0x0000, 0x0000, 0x0000, 0x0000,
  0x2103, 0x39C3, 0x0841, 0x0000, 0x0861, 0x7345, 0x5284, 0x5281, 0x49C5, 0x72C6, 0x8404, 0x5203,
  0x6264, 0x39A5, 0x5A83, 0x72E7, 0x5247, 0x3185, 0x4A44, 0x9244, 0x1061, 0x0000, 0x18A3, 0x4205,
  0x4A60, 0x0000, 0x0000, 0x0000, 0x0000, 0x0000, 0x0000, 0x0000, 0x0000, 0x0000, 0x0000, 0x0000,
  0x0000, 0x0000, 0x0000, 0x0000, 0x0000, 0x0000, 0x0000, 0x0000, 0x0000, 0x0000, 0x0000, 0x0000,
  0x0000, 0x0000, 0x0000, 0x0000, 0x0000, 0x0000, 0x0000, 0x0000, 0x0000, 0x0000, 0x0000, 0x0000,
  0x0000, 0x0000, 0x0000, 0x0000, 0x0000, 0x0000, 0x0000, 0x0000, 0x0000, 0x0000, 0x0000, 0x0000,
  0x0000, 0x0000, 0x0000, 0x0000, 0x0000, 0x0000, 0x0000, 0x0000, 0x0000, 0x0000, 0x0000, 0x0000,
  0x0000, 0x0000, 0x0000, 0x0000, 0x0000, 0x0000, 0x0000, 0x0000, 0x0000, 0x0000, 0x0000, 0x0000,
  0x0000, 0x0000, 0x0000, 0x0000, 0x0000, 0x0000, 0x0000, 0x0000, 0x0000, 0x0000, 0x0000, 0x0000,
  0x0000, 0x0000, 0x0000, 0x0000, 0x0000, 0x0000, 0x0000, 0x0000, 0x0000, 0x0000, 0x0000, 0x0000,
  0x0000, 0x0000, 0x0000, 0x0000, 0x0000, 0x0000, 0x0000, 0x0000, 0x0000, 0x0000, 0x0000, 0x0000,
  0x0000, 0x0000, 0x0000, 0x0000, 0x0000, 0x0000, 0x0000, 0x0000, 0x0000, 0x0000, 0x0000, 0x0000,
  0x0000, 0x0000, 0x0000, 0x0000, 0x0000, 0x0800, 0x0800, 0x0800, 0x0820, 0x1020, 0x1040, 0x2881,
  0x30C1, 0x3902, 0x20C2, 0x0820, 0x0000, 0x0000, 0x0000, 0x0000, 0x0000, 0x0000, 0x0000, 0x0000,
  0x0000, 0x0000, 0x0000, 0x0000, 0x0000, 0x0000, 0x0000, 0x0000, 0x0000, 0x0000, 0x0000, 0x0000,
  0x0000, 0x0000, 0x0000, 0x0000, 0x0000, 0x0000, 0x0000, 0x0000, 0x0000, 0x0000, 0x0000, 0x0000,
  0x0000, 0x0000, 0x0000, 0x0000, 0x0000, 0x0000, 0x0000, 0x0000, 0x0000, 0x0000, 0x0000, 0x0000,
  0x0000, 0x0000, 0x0000, 0x0000, 0x0000, 0x0000, 0x0000, 0x0000, 0x0000, 0x0000, 0x0000, 0x0000,
  0x0000, 0x0000, 0x0000, 0x0000, 0x0000, 0x0000, 0x0000, 0x0000, 0x0000, 0x0000, 0x0000, 0x0000,
  0x0000, 0x0000, 0x0000, 0x0000, 0x0000, 0x0000, 0x0000, 0x0000, 0x0000, 0x0000, 0x0000, 0x0000,
  0x0000, 0x0000, 0x0000, 0x0000, 0x0000, 0x0000, 0x0000, 0x0000, 0x0000, 0x0000, 0x0000, 0x0000,
  0x0000, 0x0000, 0x0000, 0x0000, 0x0000, 0x0000, 0x0000, 0x0000, 0x0000, 0x0000, 0x0000, 0x0000,
  0x0000, 0x0000, 0x0000, 0x0000, 0x0000, 0x0000, 0x0000, 0x0000, 0x0000, 0x0000, 0x0000, 0x0000,
  0x0000, 0x0000, 0x0000, 0x0000, 0x0000, 0x0000, 0x0000, 0x0000, 0x0000, 0x0000, 0x0000, 0x0000,
  0x0000, 0x0000, 0x0000, 0x0000, 0x0000, 0x0000, 0x0000, 0x0000, 0x0000, 0x0000, 0x0000, 0x0000,
  0x0000, 0x0000, 0x0000, 0x0000, 0x0000, 0x0000, 0x0000, 0x0000, 0x0000, 0x0000, 0x0000, 0x0000,
  0x0000, 0x0000, 0x0000, 0x0000, 0x0000, 0x0000, 0x0000, 0x0000, 0x0000, 0x0000, 0x0000, 0x0000,
  0x0000, 0x0000, 0x0000, 0x0000, 0x0000, 0x0000, 0x0000, 0x0000, 0x0000, 0x0000, 0x0000, 0x0000,
  0x0000, 0x0000, 0x0000, 0x0000, 0x0000, 0x0000, 0x0000, 0x0000, 0x0000, 0x0000, 0x0000, 0x0000,
  0x0000, 0x0000, 0x0000, 0x0000, 0x0000, 0x0000, 0x0000, 0x0000, 0x0000, 0x0000, 0x0000, 0x0000,
  0x0000, 0x0000, 0x0000, 0x0000, 0x0000, 0x0000, 0x0000, 0x0000, 0x0000, 0x0000, 0x0000, 0x0000,
  0x0000, 0x0000, 0x0000, 0x0000, 0x0000, 0x0000, 0x0000, 0x0000, 0x0000, 0x0000, 0x0000, 0x0000,
  0x0000, 0x0000, 0x0000, 0x0000, 0x0000, 0x0000, 0x0000, 0x0000, 0x0000, 0x0000, 0x0000, 0x0000,
  0x0000, 0x0000, 0x0000, 0x0000, 0x0000, 0x0000, 0x0000, 0x0000, 0x0000, 0x0000, 0x0000, 0x0000,
  0x0000, 0x0000, 0x0000, 0x0000, 0x0000, 0x0000, 0x0000, 0x0000, 0x0000, 0x0000, 0x0000, 0x0000,
  0x0000, 0x0000, 0x0000, 0x0000, 0x0000, 0x0000, 0x0000, 0x0000, 0x0000, 0x0000, 0x0000, 0x0000,
  0x0000, 0x0000, 0x0000, 0x0000, 0x0000, 0x0000, 0x0000, 0x0000, 0x0000, 0x0000, 0x0000, 0x0000,
  0x0000, 0x0000, 0x0000, 0x0000, 0x0000, 0x0000, 0x0000, 0x0000, 0x0000, 0x0000, 0x0000, 0x0000,
  0x0000, 0x0000, 0x0000, 0x0000, 0x0000, 0x0000, 0x0000, 0x0000, 0x0000, 0x0000, 0x0000, 0x0000,
  0x0000, 0x0000, 0x0000, 0x0000, 0x0000, 0x0000, 0x0000, 0x0000, 0x0000, 0x0000, 0x0000, 0x0000,
  0x0000, 0x0000, 0x0000, 0x0000, 0x0000, 0x0000, 0x0000, 0x0000, 0x0000, 0x0000, 0x0000, 0x0000,
  0x0000, 0x0000, 0x0000, 0x0000, 0x0000, 0x0000, 0x0000, 0x0000, 0x0000, 0x0000, 0x0000, 0x0000,
  0x0000, 0x0000, 0x0000, 0x0000, 0x0000, 0x0000, 0x0000, 0x0000, 0x0000, 0x0000, 0x0000, 0x0000,
  0x0000, 0x0000, 0x0000, 0x0000, 0x0000, 0x0000, 0x0000, 0x0000, 0x0000, 0x0000, 0x0000, 0x0000,
  0x0000, 0x0000, 0x0000, 0x0000, 0x0000, 0x0000, 0x0000, 0x0000, 0x0000, 0x0000, 0x0000, 0x0000,
  0x0000, 0x0000, 0x0000, 0x0000, 0x0000, 0x0000, 0x0000, 0x0000, 0x0000, 0x0000, 0x0000, 0x0000,
  0x0000, 0x0000, 0x0000, 0x0000, 0x0000, 0x0000, 0x0000, 0x0000, 0x0000, 0x0000, 0x0000, 0x0000,
  0x0000, 0x0000, 0x0000, 0x0000, 0x0000, 0x0000, 0x0000, 0x0000, 0x0000, 0x0000, 0x0000, 0x0000,
  0x0000, 0x0000, 0x0000, 0x0000, 0x0000, 0x0000, 0x0000, 0x0000, 0x0000, 0x0000, 0x0000, 0x0000,
  0x0000, 0x0000, 0x0000, 0x0000, 0x0000, 0x0000, 0x0000, 0x0000, 0x0000, 0x0000, 0x0000, 0x0000,
  0x0000, 0x0000, 0x0000, 0x0000, 0x0000, 0x0000, 0x0000, 0x0000, 0x0000, 0x0000, 0x0000, 0x0000,
  0x0000, 0x0000, 0x0000, 0x0000, 0x0000, 0x0000, 0x0000, 0x0000, 0x0000, 0x0000, 0x0000, 0x0000,
  0x0000, 0x0000, 0x0000, 0x0000, 0x0000, 0x0000, 0x0000, 0x0000, 0x0000, 0x0000, 0x0000, 0x0000,
  0x0000, 0x0000, 0x0000, 0x0000, 0x0000, 0x0000, 0x0000, 0x0000, 0x0000, 0x0000, 0x0000, 0x0000,
  0x0000, 0x0000, 0x0000, 0x0000, 0x0000, 0x0000, 0x0000, 0x0000, 0x0000, 0x0000, 0x0000, 0x0000,
  0x0000, 0x0000, 0x0000, 0x0000, 0x0000, 0x0000, 0x0000, 0x0000, 0x0000, 0x0000, 0x0000, 0x0000,
  0x0000, 0x0000, 0x0000, 0x0000, 0x0000, 0x0000, 0x0000, 0x0000, 0x0000, 0x0000, 0x0000, 0x0000,
  0x0000, 0x0000, 0x0000, 0x0000, 0x0000, 0x0000, 0x0000, 0x0000, 0x0000, 0x0000, 0x0000, 0x0000,
  0x0000, 0x0000, 0x0000, 0x0000, 0x0000, 0x0000, 0x0000, 0x0000, 0x0000, 0x0000, 0x0000, 0x0000,
  0x0000, 0x0000, 0x0000, 0x0000, 0x0000, 0x0000, 0x0000, 0x0000, 0x0000, 0x0000, 0x0000, 0x0000,
  0x0000, 0x0000, 0x0000, 0x0000, 0x0000, 0x0000, 0x0000, 0x0000, 0x0000, 0x0000, 0x0000, 0x0000,
  0x0000, 0x0000, 0x0000, 0x0000, 0x0000, 0x0000, 0x0000, 0x0000, 0x0000, 0x0000, 0x0000, 0x0000,
  0x0000, 0x0000, 0x0000, 0x0000, 0x0000, 0x0000, 0x0000, 0x0000, 0x0000, 0x0000, 0x0000, 0x0000,
  0x0000, 0x0000, 0x0000, 0x0000, 0x0000, 0x0000, 0x0000, 0x0000, 0x0000, 0x0000, 0x0000, 0x0000,
  0x0000, 0x0000, 0x0000, 0x0000, 0x0000, 0x0000, 0x0000, 0x0000, 0x0000, 0x0000, 0x0000, 0x0000,
  0x0000, 0x0000, 0x0000, 0x0000, 0x0000, 0x0000, 0x0000, 0x0000, 0x0000, 0x0000, 0x0000, 0x0000,
  0x0000, 0x0000, 0x0000, 0x0000, 0x0000, 0x0000, 0x0000, 0x0000, 0x0000, 0x0000, 0x0000, 0x0000,
  0x0000, 0x0000, 0x0000, 0x0000, 0x0000, 0x0000, 0x0000, 0x0000, 0x0000, 0x0000, 0x0000, 0x0000,
  0x0000, 0x0000, 0x0000, 0x0000, 0x0000, 0x0000, 0x0000, 0x0000, 0x0000, 0x0000, 0x0000, 0x0000,
  0x0000, 0x0000, 0x0000, 0x0000, 0x0000, 0x0000, 0x0000, 0x0000, 0x0000, 0x0000, 0x0000, 0x0000,
  0x0000, 0x0000, 0x0000, 0x0000, 0x0000, 0x0000, 0x0000, 0x0000, 0x0000, 0x0000, 0x0000, 0x0000,
  0x0000, 0x0000, 0x0000, 0x0000, 0x0000, 0x0000, 0x0000, 0x0000, 0x0000, 0x0000, 0x0000, 0x0000,
  0x0000, 0x0000, 0x0000, 0x0000, 0x0000, 0x0000, 0x0000, 0x0000, 0x0000, 0x0000, 0x0000, 0x0000,
  0x0000, 0x0000, 0x0000, 0x0000, 0x0000, 0x0000, 0x0000, 0x0000, 0x0000, 0x0000, 0x0000, 0x0000,
  0x0000, 0x0000, 0x0000, 0x0000, 0x0000, 0x0000, 0x0000, 0x0000, 0x0000, 0x0000, 0x0000, 0x0000,
  0x0000, 0x0000, 0x0000, 0x0000, 0x0000, 0x0000, 0x0000, 0x0000, 0x0000, 0x0000, 0x0000, 0x0000,
  0x0000, 0x0000, 0x0000, 0x0000, 0x0000, 0x0000, 0x0000, 0x0000, 0x0000, 0x0000, 0x0000, 0x0000,
  0x0000, 0x0000, 0x0000, 0x0000, 0x0000, 0x0000, 0x0000, 0x0000, 0x0000, 0x0000, 0x0000, 0x0000,
  0x0000, 0x0000, 0x0000, 0x0000, 0x0000, 0x0000, 0x0000, 0x0000, 0x0000, 0x0000, 0x0000, 0x0000,
  0x0000, 0x0000, 0x0000, 0x0000, 0x0000, 0x0000, 0x0000, 0x0000, 0x0000, 0x0000, 0x0000, 0x0000,
  0x0000, 0x0000, 0x0000, 0x0000, 0x0000, 0x0000, 0x0000, 0x0000, 0x0000, 0x0000, 0x0000, 0x0000,
  0x0000, 0x0000, 0x0000, 0x0000, 0x0000, 0x0000, 0x0000, 0x0000, 0x0000, 0x0000, 0x0000, 0x0000,
  0x0000, 0x0000, 0x0000, 0x0000, 0x0000, 0x0000, 0x0000, 0x0000, 0x0000, 0x0000, 0x0000, 0x0000,
  0x0000, 0x0000, 0x0000, 0x0000, 0x0000, 0x0000, 0x0000, 0x0000, 0x0000, 0x0000, 0x0000, 0x0000,
  0x0000, 0x0000, 0x0000, 0x0000, 0x0000, 0x0000, 0x0000, 0x0000, 0x0000, 0x0000, 0x0000, 0x0000,
  0x0000, 0x0000, 0x0000, 0x0000, 0x0000, 0x0000, 0x0000, 0x0000, 0x0000, 0x0000, 0x0000, 0x0000,
  0x0000, 0x0000, 0x0000, 0x0000, 0x0000, 0x0000, 0x0000, 0x0000, 0x0000, 0x0000, 0x0000, 0x0000,
  0x0000, 0x0000, 0x0000, 0x0000, 0x0000, 0x0000, 0x0000, 0x0000, 0x0000, 0x0000, 0x0000, 0x0000,
  0x0000, 0x0000, 0x0000, 0x0000, 0x0000, 0x0000, 0x0000, 0x0000, 0x0000, 0x0000, 0x0000, 0x0000,
  0x0000, 0x0000, 0x0000, 0x0000, 0x0000, 0x0000, 0x0000, 0x0000, 0x0000, 0x0000, 0x0000, 0x0000,
  0x0000, 0x0000, 0x0000, 0x0000, 0x0000, 0x0000, 0x0000, 0x0000, 0x0000, 0x0000, 0x0000, 0x0000,
  0x0000, 0x0000, 0x0000, 0x0000, 0x0000, 0x0000, 0x0000, 0x0000, 0x0000, 0x0000, 0x0000, 0x0000,
  0x0000, 0x0000, 0x0000, 0x0000, 0x0000, 0x0000, 0x0000, 0x0000, 0x0000, 0x0000, 0x0000, 0x0000,
  0x0000, 0x0000, 0x0000, 0x0000, 0x0000, 0x0000, 0x0000, 0x0000, 0x0000, 0x0000, 0x0000, 0x0000,
  0x0000, 0x0000, 0x0000, 0x0000, 0x0000, 0x0000, 0x0000, 0x0000, 0x0000, 0x0000, 0x0000, 0x0000,
  0x0000, 0x0000, 0x0000, 0x0000, 0x0000, 0x0000, 0x0000, 0x0000, 0x0000, 0x0000, 0x0000, 0x0000,
  0x0000, 0x0000, 0x0000, 0x0000, 0x0000, 0x0000, 0x0000, 0x0000, 0x0000, 0x0000, 0x0000, 0x0000,
  0x0000, 0x0000, 0x0000, 0x0000, 0x0000, 0x0000, 0x0000, 0x0000, 0x0000, 0x0000, 0x0000, 0x0000,
  0x0000, 0x0000, 0x0000, 0x0000, 0x0000, 0x0000, 0x0000, 0x0000, 0x0000, 0x0000, 0x0000, 0x0000,
  0x0000, 0x0000, 0x0000, 0x0000, 0x0000, 0x0000, 0x0000, 0x0000, 0x0000, 0x0000, 0x0000, 0x0000,
  0x0000, 0x0000, 0x0000, 0x0000, 0x0000, 0x0000, 0x0000, 0x0000, 0x0000, 0x0000, 0x0000, 0x0000,
  0x0000, 0x0000, 0x0000, 0x0000, 0x0000, 0x0000, 0x0000, 0x0000, 0x0000, 0x0000, 0x0000, 0x0000,
  0x0000, 0x0000, 0x0000, 0x0000, 0x0000, 0x0000, 0x0000, 0x0000, 0x0000, 0x0000, 0x0000, 0x0000,
  0x0000, 0x0000, 0x0000, 0x0000, 0x0000, 0x0000, 0x0000, 0x0000, 0x0000, 0x0000, 0x0000, 0x0000,
  0x0000, 0x0000, 0x0000, 0x0000, 0x0000, 0x0000, 0x0000, 0x0000, 0x0000, 0x0000, 0x0000, 0x0000,
  0x0000, 0x0000, 0x0000, 0x0000, 0x0000, 0x0000, 0x0000, 0x0000, 0x0000, 0x0000, 0x0000, 0x0000,
  0x0000, 0x0000, 0x0000, 0x0000, 0x0000, 0x0000, 0x0000, 0x0000, 0x0000, 0x0000, 0x0000, 0x0000,
  0x0000, 0x0000, 0x0000, 0x0000, 0x0000, 0x0000, 0x0000, 0x0000, 0x0000, 0x0000, 0x0000, 0x0000,
  0x0000, 0x0000, 0x0000, 0x0000, 0x0000, 0x0000, 0x0000, 0x0000, 0x0000, 0x0000, 0x0000, 0x0000,
  0x0000, 0x0000, 0x0000, 0x0000, 0x0000, 0x0000, 0x0000, 0x0000, 0x0000, 0x0000, 0x0000, 0x0000,
  0x0000, 0x0000, 0x0000, 0x0000, 0x0000, 0x0000, 0x0000, 0x0000, 0x0000, 0x0000, 0x0000, 0x0000,
  0x0000, 0x0000, 0x0000, 0x0000, 0x0000, 0x0000, 0x0000, 0x0000, 0x0000, 0x0000, 0x0000, 0x0000,
  0x0000, 0x0000, 0x0000, 0x0000, 0x0000, 0x0000, 0x0000, 0x0000, 0x0000, 0x0000, 0x0000, 0x0000,
  0x0000, 0x0000, 0x0000, 0x0000, 0x0000, 0x0000, 0x0000, 0x0000, 0x0000, 0x0000, 0x0000, 0x0000,
  0x0000, 0x0000, 0x0000, 0x0000, 0x0000, 0x0000, 0x0000, 0x0000, 0x0000, 0x0000, 0x0000, 0x0000,
  0x0000, 0x0000, 0x0000, 0x0000, 0x0000, 0x0000, 0x0000, 0x0000, 0x0000, 0x0000, 0x0000, 0x0000,
  0x0000, 0x0000, 0x0000, 0x0000, 0x0000, 0x0000, 0x0000, 0x0000, 0x0000, 0x0000, 0x0000, 0x0000,
  0x0000, 0x0000, 0x0000, 0x0000, 0x0000, 0x0000, 0x0000, 0x0000, 0x0000, 0x0000, 0x0000, 0x0000,
  0x0000, 0x0000, 0x0000, 0x0000, 0x0000, 0x0000, 0x0000, 0x0000, 0x0000, 0x0000, 0x0000, 0x0000,
  0x0000, 0x0000, 0x0000, 0x0000, 0x0000, 0x0000, 0x0000, 0x0000, 0x0000, 0x0000, 0x0000, 0x0000,
  0x0000, 0x0000, 0x0000, 0x0000, 0x0000, 0x0000, 0x0000, 0x0000, 0x0000, 0x0000, 0x0000, 0x0000,
  0x0000, 0x0000, 0x0000, 0x0000, 0x0000, 0x0000, 0x0000, 0x0000, 0x0000, 0x0000, 0x0000, 0x0000,
  0x0000, 0x0000, 0x0000, 0x0000, 0x0000, 0x0000, 0x0000, 0x0000, 0x0000, 0x0000, 0x0000, 0x0000,
  0x0000, 0x0000, 0x0000, 0x0000, 0x0000, 0x0000, 0x0000, 0x0000, 0x0000, 0x0000, 0x0000, 0x0000,
  0x0000, 0x0000, 0x0000, 0x0000, 0x0000, 0x0000, 0x0000, 0x0000, 0x0000, 0x0000, 0x0000, 0x0000,
  0x0000, 0x0000, 0x0000, 0x0000, 0x0000, 0x0000, 0x0000, 0x0000, 0x0000, 0x0000, 0x0000, 0x0000,
  0x0000, 0x0000, 0x0000, 0x0000, 0x0000, 0x0000, 0x0000, 0x0000, 0x0000, 0x0000, 0x0000, 0x0000,
  0x0000, 0x0000, 0x0000, 0x0000, 0x0000, 0x0000, 0x0000, 0x0000, 0x0000, 0x0000, 0x0000, 0x0000,
  0x0000, 0x0000, 0x0000, 0x0000, 0x0000, 0x0000, 0x0000, 0x0000, 0x0000, 0x0000, 0x0000, 0x0000,
  0x0000, 0x0000, 0x0000, 0x0000, 0x0000, 0x0000, 0x0000, 0x0000, 0x0000, 0x0000, 0x0000, 0x0000,
  0x0000, 0x0000, 0x0000, 0x0000, 0x0000, 0x0000, 0x0000, 0x0000, 0x0000, 0x0000, 0x0000, 0x0000,
  0x0000, 0x0000, 0x0000, 0x0000, 0x0000, 0x0000, 0x0000, 0x0000, 0x0000, 0x0000, 0x0000, 0x0000,
  0x0000, 0x0000, 0x0000, 0x0000, 0x0000, 0x0000, 0x0000, 0x0000, 0x0000, 0x0000, 0x0000, 0x0000,
  0x0000, 0x0000, 0x0000, 0x0000, 0x0000, 0x0000, 0x0000, 0x0000, 0x0000, 0x0000, 0x0000, 0x0000,
  0x0000, 0x0000, 0x0000, 0x0000, 0x0000, 0x0000, 0x0000, 0x0000, 0x0000, 0x0000, 0x0000, 0x0000,
  0x0000, 0x0000, 0x0000, 0x0000, 0x0000, 0x0000, 0x0000, 0x0000, 0x0000, 0x0000, 0x0000, 0x0000,
  0x0000, 0x0000, 0x0000, 0x0000, 0x0000, 0x0000, 0x0000, 0x0000, 0x0000, 0x0000, 0x0000, 0x0000,
  0x0000, 0x0000, 0x0000, 0x0000, 0x0000, 0x0000, 0x0000, 0x0000, 0x0000, 0x0000, 0x0000, 0x0000,
  0x0000, 0x0000, 0x0000, 0x0000, 0x0000, 0x0000, 0x0000, 0x0000, 0x0000, 0x0000, 0x0000, 0x0000,
  0x0000, 0x0000, 0x0000, 0x0000, 0x0000, 0x0000, 0x0000, 0x0000, 0x0000, 0x0000, 0x0000, 0x0000,
  0x0000, 0x0000, 0x0000, 0x0000, 0x0000, 0x0000, 0x0000, 0x0000, 0x0000, 0x0000, 0x0000, 0x0000,
  0x0000, 0x0000, 0x0000, 0x0000, 0x0000, 0x0000, 0x0000, 0x0000, 0x0000, 0x0000, 0x0000, 0x0000,
  0x0000, 0x0000, 0x0000, 0x0000, 0x0000, 0x0000, 0x0000, 0x0000, 0x0000, 0x0000, 0x0000, 0x0000,
  0x0000, 0x0000, 0x0000, 0x0000, 0x0000, 0x0000, 0x0000, 0x0000, 0x0000, 0x0000, 0x0000, 0x0000,
  0x0000, 0x0000, 0x0000, 0x0000, 0x0000, 0x0000, 0x0000, 0x0000, 0x0000, 0x0000, 0x0000, 0x0000,
  0x0000, 0x0000, 0x0000, 0x0000, 0x0000, 0x0000, 0x0000, 0x0000, 0x0000, 0x0000, 0x0000, 0x0000,
  0x0000, 0x0000, 0x0000, 0x0000, 0x0000, 0x0000, 0x0000, 0x0000, 0x0000, 0x0000, 0x0000, 0x0000,
  0x0000, 0x0000, 0x0000, 0x0000, 0x0000, 0x0000, 0x0000, 0x0000, 0x0000, 0x0000, 0x0000, 0x0000,
  0x0000, 0x0000, 0x0000, 0x0000, 0x0000, 0x0000, 0x0000, 0x0000, 0x0000, 0x0000, 0x0000, 0x0000,
  0x0000, 0x0000, 0x0000, 0x0000, 0x0000, 0x0000, 0x0000, 0x0000, 0x0000, 0x0000, 0x0000, 0x0000,
  0x0000, 0x0000, 0x0000, 0x0000, 0x0000, 0x0000, 0x0000, 0x0000, 0x0000, 0x0000, 0x0000, 0x0000,
  0x0000, 0x0000, 0x0000, 0x0000, 0x0000, 0x0000, 0x0000, 0x0000, 0x0000, 0x0000, 0x0000, 0x0000,
  0x0000, 0x0000, 0x0000, 0x0000, 0x0000, 0x0000, 0x0000, 0x0000, 0x0000, 0x0000, 0x0000, 0x0000,
  0x0000, 0x0000, 0x0000, 0x0000, 0x0000, 0x0000, 0x0000, 0x0000, 0x0000, 0x0000, 0x0000, 0x0000,
  0x0000, 0x0000, 0x0000, 0x0000, 0x0000, 0x0000, 0x0000, 0x0000, 0x0000, 0x0000, 0x0000, 0x0000,
  0x0000, 0x0000, 0x0000, 0x0000, 0x0000, 0x0000, 0x0000, 0x0000, 0x0000, 0x0000, 0x0000, 0x0000,
  0x0000, 0x0000, 0x0000, 0x0000, 0x0000, 0x0000, 0x0000, 0x0000, 0x0000, 0x0000, 0x0000, 0x0000,
  0x0000, 0x0000, 0x0000, 0x0000, 0x0000, 0x0000, 0x0000, 0x0000, 0x0000, 0x0000, 0x0000, 0x0000,
  0x0000, 0x0000, 0x0000, 0x0000, 0x0000, 0x0000, 0x0000, 0x0000, 0x0000, 0x0000, 0x0000, 0x0000,
  0x0000, 0x0000, 0x0000, 0x0000, 0x0000, 0x0000, 0x0000, 0x0000, 0x0000, 0x0000, 0x0000, 0x0000,
  0x0000, 0x0000, 0x0000, 0x0000, 0x0000, 0x0000, 0x0000, 0x0000, 0x0000, 0x0000, 0x0000, 0x0000,
  0x0000, 0x0000, 0x0000, 0x0000, 0x0000, 0x0000, 0x0000, 0x0000, 0x0000, 0x0000, 0x0000, 0x0000,
  0x0000, 0x0000, 0x0000, 0x0000, 0x0000, 0x0000, 0x0000, 0x0000, 0x0000, 0x0000, 0x0000, 0x0000,
  0x0000, 0x0000, 0x0000, 0x0000, 0x0000, 0x0000, 0x0000, 0x0000, 0x0000, 0x0000, 0x0000, 0x0000,
  0x0000, 0x0000, 0x0000, 0x0000, 0x0000, 0x0000, 0x0000, 0x0000, 0x0000, 0x0000, 0x0000, 0x0000,
  0x0000, 0x0000, 0x0000, 0x0000, 0x0000, 0x0000, 0x0000, 0x0000, 0x0000, 0x0000, 0x0000, 0x0000,
  0x0000, 0x0000, 0x0000, 0x0000, 0x0000, 0x0000, 0x0000, 0x0000, 0x0000, 0x0000, 0x0000, 0x0000,
  0x0000, 0x0000, 0x0000, 0x0000, 0x0000, 0x0000, 0x0000, 0x0000, 0x0000, 0x0000, 0x0000, 0x0000,
  0x0000, 0x0000, 0x0000, 0x0000, 0x0000, 0x0000, 0x0000, 0x0000, 0x0000, 0x0000, 0x0000, 0x0000,
  0x0000, 0x0000, 0x0000, 0x0000, 0x0000, 0x0000, 0x0000, 0x0000, 0x0000, 0x0000, 0x0000, 0x0000,
  0x0000, 0x0000, 0x0000, 0x0000, 0x0000, 0x0000, 0x0000, 0x0000, 0x0000, 0x0000, 0x0000, 0x0000,
  0x0000, 0x0000, 0x0000, 0x0000, 0x0000, 0x0000, 0x0000, 0x0000, 0x0000, 0x0000, 0x0000, 0x0000,
  0x0000, 0x0000, 0x0000, 0x0000, 0x0000, 0x0000, 0x0000, 0x0000, 0x0000, 0x0000, 0x0000, 0x0000,
  0x0000, 0x0000, 0x0000, 0x0000, 0x0000, 0x0000, 0x0000, 0x0000, 0x0000, 0x0000, 0x0000, 0x0000,
  0x0000, 0x0000, 0x0000, 0x0000, 0x0000, 0x0000, 0x0000, 0x0000, 0x0000, 0x0000, 0x0000, 0x0000,
  0x0000, 0x0000, 0x0000, 0x0000, 0x0000, 0x0000, 0x0000, 0x0000, 0x0000, 0x0000, 0x0000, 0x0000,
  0x0000, 0x0000, 0x0000, 0x0000, 0x0000, 0x0000, 0x0000, 0x0000, 0x0000, 0x0000, 0x0000, 0x0000,
  0x0000, 0x0000, 0x0000, 0x0000, 0x0000, 0x0000, 0x0000, 0x0000, 0x0000, 0x0000, 0x0000, 0x0000,
  0x0000, 0x0000, 0x0000, 0x0000, 0x0000, 0x0000, 0x0000, 0x0000, 0x0000, 0x0000, 0x0000, 0x0000,
  0x0000, 0x0000, 0x0000, 0x0000, 0x0000, 0x0000, 0x0000, 0x0000, 0x0000, 0x0000, 0x0000, 0x0000,
  0x0000, 0x0000, 0x0000, 0x0000, 0x0000, 0x0000, 0x0000, 0x0000, 0x0000, 0x0000, 0x0000, 0x0000,
  0x0000, 0x0000, 0x0000, 0x0000, 0x0000, 0x0000, 0x0000, 0x0000, 0x0000, 0x0000, 0x0000, 0x0000,
  0x0000, 0x0000, 0x0000, 0x0000, 0x0000, 0x0000, 0x0000, 0x0000, 0x0000, 0x0000, 0x0000, 0x0000,
  0x0000, 0x0000, 0x0000, 0x0000, 0x0000, 0x0000, 0x0000, 0x0000, 0x0000, 0x0000, 0x0000, 0x0000,
  0x0000, 0x0000, 0x0000, 0x0000, 0x0000, 0x0000, 0x0000, 0x0000, 0x0000, 0x0000, 0x0000, 0x0000,
  0x0000, 0x0000, 0x0000, 0x0000, 0x0000, 0x0000, 0x0000, 0x0000, 0x0000, 0x0000, 0x0000, 0x0000,
  0x0000, 0x0000, 0x0000, 0x0000, 0x0000, 0x0000, 0x0000, 0x0000, 0x0000, 0x0000, 0x0000, 0x0000,
  0x0000, 0x0000, 0x0000, 0x0000, 0x0000, 0x0000, 0x0000, 0x0000, 0x0000, 0x0000, 0x0000, 0x0000,
  0x0000, 0x0000, 0x0000, 0x0000, 0x0000, 0x0000, 0x0000, 0x0000, 0x0000, 0x0000, 0x0000, 0x0000,
  0x0000, 0x0000, 0x0000, 0x0000, 0x0000, 0x0000, 0x0000, 0x0000, 0x0000, 0x0000, 0x0000, 0x0000,
  0x0000, 0x0000, 0x0000, 0x0000, 0x0000, 0x0000, 0x0000, 0x0000, 0x0000, 0x0000, 0x0000, 0x0000,
  0x0000, 0x0000, 0x0000, 0x0000, 0x0000, 0x0000, 0x0000, 0x0000, 0x0000, 0x0000, 0x0000, 0x0000,
  0x0000, 0x0000, 0x0000, 0x0000, 0x0000, 0x0000, 0x0000, 0x0000, 0x0000, 0x0000, 0x0000, 0x0000,
  0x0000, 0x0000, 0x0000, 0x0000, 0x0000, 0x0000, 0x0000, 0x0000, 0x0000, 0x0000, 0x0000, 0x0000,
  0x0000, 0x0000, 0x0000, 0x0000, 0x0000, 0x0000, 0x0000, 0x0000, 0x0000, 0x0000, 0x0000, 0x0000,
  0x0000, 0x0000, 0x0000, 0x0000, 0x0000, 0x0000, 0x0000, 0x0000, 0x0000, 0x0000, 0x0000, 0x0000,
  0x0000, 0x0000, 0x0000, 0x0000, 0x0000, 0x0000, 0x0000, 0x0000, 0x0000, 0x0000, 0x0000, 0x0000,
  0x0000, 0x0000, 0x0000, 0x0000, 0x0000, 0x0000, 0x0000, 0x0000, 0x0000, 0x0000, 0x0000, 0x0000,
  0x0000, 0x0000, 0x0000, 0x0000, 0x0000, 0x0000, 0x0000, 0x0000, 0x0000, 0x0000, 0x0000, 0x0000,
  0x0000, 0x0000, 0x0000, 0x0000, 0x0000, 0x0000, 0x0000, 0x0000, 0x0000, 0x0000, 0x0000, 0x0000,
  0x0000, 0x0000, 0x0000, 0x0000, 0x0000, 0x0000, 0x0000, 0x0000, 0x0000, 0x0000, 0x0000, 0x0000,
  0x0000, 0x0000, 0x0000, 0x0000, 0x0000, 0x0000, 0x0000, 0x0000, 0x0000, 0x0000, 0x0000, 0x0000,
  0x0000, 0x0000, 0x0000, 0x0000, 0x0000, 0x0000, 0x0000, 0x0000, 0x0000, 0x0000, 0x0000, 0x0000,
  0x0000, 0x0000, 0x0000, 0x0000, 0x0000, 0x0000, 0x0000, 0x0000, 0x0000, 0x0000, 0x0000, 0x0000,
  0x0000, 0x0000, 0x0000, 0x0000, 0x0000, 0x0000, 0x0000, 0x0000, 0x0000, 0x0000, 0x0000, 0x0000,
  0x0000, 0x0000, 0x0000, 0x0000, 0x0000, 0x0000, 0x0000, 0x0000, 0x0000, 0x0000, 0x0000, 0x0000,
  0x0000, 0x0000, 0x0000, 0x0000, 0x0000, 0x0000, 0x0000, 0x0000, 0x0000, 0x0000, 0x0000, 0x0000,
  0x0000, 0x0000, 0x0000, 0x0000, 0x0000, 0x0000, 0x0000, 0x0000, 0x0000, 0x0000, 0x0000, 0x0000,
  0x0000, 0x0000, 0x0000, 0x0000, 0x0000, 0x0000, 0x0000, 0x0000, 0x0000, 0x0000, 0x0000, 0x0000,
  0x0000, 0x0000, 0x0000, 0x0000, 0x0000, 0x0000, 0x0000, 0x0000, 0x0000, 0x0000, 0x0000, 0x0000,
  0x0000, 0x0000, 0x0000, 0x0000, 0x0000, 0x0000, 0x0000, 0x0000, 0x0000, 0x0000, 0x0000, 0x0000,
  0x0000, 0x0000, 0x0000, 0x0000, 0x0000, 0x0000, 0x0000, 0x0000, 0x0000, 0x0000, 0x0000, 0x0000,
  0x0000, 0x0000, 0x0000, 0x0000, 0x0000, 0x0000, 0x0000, 0x0000, 0x0000, 0x0000, 0x0000, 0x0000,
  0x0000, 0x0000, 0x0000, 0x0000, 0x0000, 0x0000, 0x0000, 0x0000, 0x0000, 0x0000, 0x0000, 0x0000,
  0x0000, 0x0000, 0x0000, 0x0000, 0x0000, 0x0000, 0x0000, 0x0000, 0x0000, 0x0000, 0x0000, 0x0000,
  0x0000, 0x0000, 0x0000, 0x0000, 0x0000, 0x0000, 0x0000, 0x0000, 0x0000, 0x0000, 0x0000, 0x0000,
  0x0000, 0x0000, 0x0000, 0x0000, 0x0000, 0x0000, 0x0000, 0x0000, 0x0000, 0x0000, 0x0000, 0x0000,
  0x0000, 0x0000, 0x0000, 0x0000, 0x0000, 0x0000, 0x0000, 0x0000, 0x0000, 0x0000, 0x0000, 0x0000,
  0x0000, 0x0000, 0x0000, 0x0000, 0x0000, 0x0000, 0x0000, 0x0000, 0x0000, 0x0000, 0x0000, 0x0000,
  0x0000, 0x0000, 0x0000, 0x0000, 0x0000, 0x0000, 0x0000, 0x0000, 0x0000, 0x0000, 0x0000, 0x0000,
  0x0000, 0x0000, 0x0000, 0x0000, 0x0000, 0x0000, 0x0000, 0x0000, 0x0000, 0x0000, 0x0000, 0x0000,
  0x0000, 0x0000, 0x0000, 0x0000, 0x0000, 0x0000, 0x0000, 0x0000, 0x0000, 0x0000, 0x0000, 0x0000,
  0x0000, 0x0000, 0x0000, 0x0000, 0x0000, 0x0000, 0x0000, 0x0000, 0x0000, 0x0000, 0x0000, 0x0000,
  0x0000, 0x0000, 0x0000, 0x0000, 0x0000, 0x0000, 0x0000, 0x0000, 0x0000, 0x0000, 0x0000, 0x0000,
  0x0000, 0x0000, 0x0000, 0x0000, 0x0000, 0x0000, 0x0000, 0x0000, 0x0000, 0x0000, 0x0000, 0x0000,
  0x0000, 0x0000, 0x0000, 0x0000, 0x0000, 0x0000, 0x0000, 0x0000, 0x0000, 0x0000, 0x0000, 0x0000,
  0x0000, 0x0000, 0x0000, 0x0000, 0x0000, 0x0000, 0x0000, 0x0000, 0x0000, 0x0000, 0x0000, 0x0000,
  0x0000, 0x0000, 0x0000, 0x0000, 0x0000, 0x0000, 0x0000, 0x0000, 0x0000, 0x0000, 0x0000, 0x0000,
  0x0000, 0x0000, 0x0000, 0x0000, 0x0000, 0x0000, 0x0000, 0x0000, 0x0000, 0x0000, 0x0000, 0x0000,
  0x0000, 0x0000, 0x0000, 0x0000, 0x0000, 0x0000, 0x0000, 0x0000, 0x0000, 0x0000, 0x0000, 0x0000,
  0x0000, 0x0000, 0x0000, 0x0000, 0x0000, 0x0000, 0x0000, 0x0000, 0x0000, 0x0000, 0x0000, 0x0000,
  0x0000, 0x0000, 0x0000, 0x0000, 0x0000, 0x0000, 0x0000, 0x0000, 0x0000, 0x0000, 0x0000, 0x0000,
  0x0000, 0x0000, 0x0000, 0x0000, 0x0000, 0x0000, 0x0000, 0x0000, 0x0000, 0x0000, 0x0000, 0x0000,
  0x0000, 0x0000, 0x0000, 0x0000, 0x0000, 0x0000, 0x0000, 0x0000, 0x0000, 0x0000, 0x0000, 0x0000,
  0x0000, 0x0000, 0x0000, 0x0000, 0x0000, 0x0000, 0x0000, 0x0000, 0x0000, 0x0000, 0x0000, 0x0000,
  0x0000, 0x0000, 0x0000, 0x0000, 0x0000, 0x0000, 0x0000, 0x0000, 0x0000, 0x0000, 0x0000, 0x0000,
  0x0000, 0x0000, 0x0000, 0x0000, 0x0000, 0x0000, 0x0000, 0x0000, 0x0000, 0x0000, 0x0000, 0x0000,
  0x0000, 0x0000, 0x0000, 0x0000, 0x0000, 0x0000, 0x0000, 0x0000, 0x0000, 0x0000, 0x0000, 0x0000,
  0x0000, 0x0000, 0x0000, 0x0000, 0x0000, 0x0000, 0x0000, 0x0000, 0x0000, 0x0000, 0x0000, 0x0000,
  0x0000, 0x0000, 0x0000, 0x0000, 0x0000, 0x0000, 0x0000, 0x0000, 0x0000, 0x0000, 0x0000, 0x0000,
  0x0000, 0x0000, 0x0000, 0x0000, 0x0000, 0x0000, 0x0000, 0x0000, 0x0000, 0x0000, 0x0000, 0x0000,
  0x0000, 0x0000, 0x0000, 0x0000, 0x0000, 0x0000, 0x0000, 0x0000, 0x0000, 0x0000, 0x0000, 0x0000,
  0x0000, 0x0000, 0x0000, 0x0000, 0x0000, 0x0000, 0x0000, 0x0000, 0x0000, 0x0000, 0x0000, 0x0000,
  0x0000, 0x0000, 0x0000, 0x0000, 0x0000, 0x0000, 0x0000, 0x0000, 0x0000, 0x0000, 0x0000, 0x0000,
  0x0000, 0x0000, 0x0000, 0x0000, 0x0000, 0x0000, 0x0000, 0x0000, 0x0000, 0x0000, 0x0000, 0x0000,
  0x0000, 0x0000, 0x0000, 0x0000, 0x0000, 0x0000, 0x0000, 0x0000, 0x0000, 0x0000, 0x0000, 0x0000,
  0x0000, 0x0000, 0x0000, 0x0000, 0x0000, 0x0000, 0x0000, 0x0000, 0x0000, 0x0000, 0x0000, 0x0000,
  0x0000, 0x0000, 0x0000, 0x0000, 0x0000, 0x0000, 0x0000, 0x0000, 0x0000, 0x0000, 0x0000, 0x0000,
  0x0000, 0x0000, 0x0000, 0x0000, 0x0000, 0x0000, 0x0000, 0x0000, 0x0000, 0x0000, 0x0000, 0x0000,
  0x0000, 0x0000, 0x0000, 0x0000, 0x0000, 0x0000, 0x0000, 0x0000, 0x0000, 0x0000, 0x0000, 0x0000,
  0x0000, 0x0000, 0x0000, 0x0000, 0x0000, 0x0000, 0x0000, 0x0000, 0x0000, 0x0000, 0x0000, 0x0000,
  0x0000, 0x0000, 0x0000, 0x0000, 0x0000, 0x0000, 0x0000, 0x0000, 0x0000, 0x0000, 0x0000, 0x0000,
  0x0000, 0x0000, 0x0000, 0x0000, 0x0000, 0x0000, 0x0000, 0x0000, 0x0000, 0x0000, 0x0000, 0x0000,
  0x0000, 0x0000, 0x0000, 0x0000, 0x0000, 0x0000, 0x0000, 0x0000, 0x0000, 0x0000, 0x0000, 0x0000,
  0x0000, 0x0000, 0x0000, 0x0000, 0x0000, 0x0000, 0x0000, 0x0000, 0x0000, 0x0000, 0x0000, 0x0000,
  0x0000, 0x0000, 0x0000, 0x0000, 0x0000, 0x0000, 0x0000, 0x0000, 0x0000, 0x0000, 0x0000, 0x0000,
  0x0000, 0x0000, 0x0000, 0x0000, 0x0000, 0x0000, 0x0000, 0x0000, 0x0000, 0x0000, 0x0000, 0x0000,
  0x0000, 0x0000, 0x0000, 0x0000, 0x0000, 0x0000, 0x0000, 0x0000, 0x0000, 0x0000, 0x0000, 0x0000,
  0x0000, 0x0000, 0x0000, 0x0000, 0x0000, 0x0000, 0x0000, 0x0000, 0x0000, 0x0000, 0x0000, 0x0000,
  0x0000, 0x0000, 0x0000, 0x0000, 0x0000, 0x0000, 0x0000, 0x0000, 0x0000, 0x0000, 0x0000, 0x0000,
  0x0000, 0x0000, 0x0000, 0x0000, 0x0000, 0x0000, 0x0000, 0x0000, 0x0000, 0x0000, 0x0000, 0x0000,
  0x0000, 0x0000, 0x0000, 0x0000, 0x0000, 0x0000, 0x0000, 0x0000, 0x0000, 0x0000, 0x0000, 0x0000,
  0x0000, 0x0000, 0x0000, 0x0000, 0x0000, 0x0000, 0x0000, 0x0000, 0x0000, 0x0000, 0x0000, 0x0000,
  0x0000, 0x0000, 0x0000, 0x0000, 0x0000, 0x0000, 0x0000, 0x0000, 0x0000, 0x0000, 0x0000, 0x0000,
  0x0000, 0x0000, 0x0000, 0x0000, 0x0000, 0x0000, 0x0000, 0x0000, 0x0000, 0x0000, 0x0000, 0x0000,
  0x0000, 0x0000, 0x0000, 0x0000, 0x0000, 0x0000, 0x0000, 0x0000, 0x0000, 0x0000, 0x0000, 0x0000,
  0x0000, 0x0000, 0x0000, 0x0000, 0x0000, 0x0000, 0x0000, 0x0000, 0x0000, 0x0000, 0x0000, 0x0000,
  0x0000, 0x0000, 0x0000, 0x0000, 0x0000, 0x0000, 0x0000, 0x0000, 0x0000, 0x0000, 0x0000, 0x0000,
  0x0000, 0x0000, 0x0000, 0x0000, 0x0000, 0x0000, 0x0000, 0x0000, 0x0000, 0x0000, 0x0000, 0x0000,
  0x0000, 0x0000, 0x0000, 0x0000, 0x0000, 0x0000, 0x0000, 0x0000, 0x0000, 0x0000, 0x0000, 0x0000,
  0x0000, 0x0000, 0x0000, 0x0000, 0x0000, 0x0000, 0x0000, 0x0000, 0x0000, 0x0000, 0x0000, 0x0000,
  0x0000, 0x0000, 0x0000, 0x0000, 0x0000, 0x0000, 0x0000, 0x0000, 0x0000, 0x0000, 0x0000, 0x0000,
  0x0000, 0x0000, 0x0000, 0x0000, 0x0000, 0x0000, 0x0000, 0x0000, 0x0000, 0x0000, 0x0000, 0x0000,
  0x0000, 0x0000, 0x0000, 0x0000, 0x0000, 0x0000, 0x0000, 0x0000, 0x0000, 0x0000, 0x0000, 0x0000,
  0x0000, 0x0000, 0x0000, 0x0000, 0x0000, 0x0000, 0x0000, 0x0000, 0x0000, 0x0000, 0x0000, 0x0000,
  0x0000, 0x0000, 0x0000, 0x0000, 0x0000, 0x0000, 0x0000, 0x0000, 0x0000, 0x0000, 0x0000, 0x0000,
  0x0000, 0x0000, 0x0000, 0x0000, 0x0000, 0x0000, 0x0000, 0x0000, 0x0000, 0x0000, 0x0000, 0x0000,
  0x0000, 0x0000, 0x0000, 0x0000, 0x0000, 0x0000, 0x0000, 0x0000, 0x0000, 0x0000, 0x0000, 0x0000,
  0x0000, 0x0000, 0x0000, 0x0000, 0x0000, 0x0000, 0x0000, 0x0000, 0x0000, 0x0000, 0x0000, 0x0000,
  0x0000, 0x0000, 0x0000, 0x0000, 0x0000, 0x0000, 0x0000, 0x0000, 0x0000, 0x0000, 0x0000, 0x0000,
  0x0000, 0x0000, 0x0000, 0x0000, 0x0000, 0x0000, 0x0000, 0x0000, 0x0000, 0x0000, 0x0000, 0x0000,
  0x0000, 0x0000, 0x0000, 0x0000, 0x0000, 0x0000, 0x0000, 0x0000, 0x0000, 0x0000, 0x0000, 0x0000,
  0x0000, 0x0000, 0x0000, 0x0000, 0x0000, 0x0000, 0x0000, 0x0000, 0x0000, 0x0000, 0x0000, 0x0000,
  0x0000, 0x0000, 0x0000, 0x0000, 0x0000, 0x0000, 0x0000, 0x0000, 0x0000, 0x0000, 0x0000, 0x0000,
  0x0000, 0x0000, 0x0000, 0x0000, 0x0000, 0x0000, 0x0000, 0x0000, 0x0000, 0x0000, 0x0000, 0x0000,
  0x0000, 0x0000, 0x0000, 0x0000, 0x0000, 0x0000, 0x0000, 0x0000, 0x0000, 0x0000, 0x0000, 0x0000,
  0x0000, 0x0000, 0x0000, 0x0000, 0x0000, 0x0000, 0x0000, 0x0000, 0x0000, 0x0000, 0x0000, 0x0000,
  0x0000, 0x0000, 0x0000, 0x0000, 0x0000, 0x0000, 0x0000, 0x0000, 0x0000, 0x0000, 0x0000, 0x0000,
  0x0000, 0x0000, 0x0000, 0x0000, 0x0000, 0x0000, 0x0000, 0x0000, 0x0000, 0x0000, 0x0000, 0x0000,
  0x0000, 0x0000, 0x0000, 0x0000, 0x0000, 0x0000, 0x0000, 0x0000, 0x0000, 0x0000, 0x0000, 0x0000,
  0x0000, 0x0000, 0x0000, 0x0000, 0x0000, 0x0000, 0x0000, 0x0000, 0x0000, 0x0000, 0x0000, 0x0000,
  0x0000, 0x0000, 0x0000, 0x0000, 0x0000, 0x0000, 0x0000, 0x0000, 0x0000, 0x0000, 0x0000, 0x0000,
  0x0000, 0x0000, 0x0000, 0x0000, 0x0000, 0x0000, 0x0000, 0x0000, 0x0000, 0x0000, 0x0000, 0x0000,
  0x0000, 0x0000, 0x0000, 0x0000, 0x0000, 0x0000, 0x0000, 0x0000, 0x0000, 0x0000, 0x0000, 0x0000,
  0x0000, 0x0000, 0x0000, 0x0000, 0x0000, 0x0000, 0x0000, 0x0000, 0x0000, 0x0000, 0x0000, 0x0000,
  0x0000, 0x0000, 0x0000, 0x0000, 0x0000, 0x0000, 0x0000, 0x0000, 0x0000, 0x0000, 0x0000, 0x0000,
  0x0000, 0x0000, 0x0000, 0x0000, 0x0000, 0x0000, 0x0000, 0x0000, 0x0000, 0x0000, 0x0000, 0x0000,
  0x0000, 0x0000, 0x0000, 0x0000, 0x0000, 0x0000, 0x0000, 0x0000, 0x0000, 0x0000, 0x0000, 0x0000,
  0x0000, 0x0000, 0x0000, 0x0000, 0x0000, 0x0000, 0x0000, 0x0000, 0x0000, 0x0000, 0x0000, 0x0000,
  0x0000, 0x0000, 0x0000, 0x0000, 0x0000, 0x0000, 0x0000, 0x0000, 0x0000, 0x0000, 0x0000, 0x0000,
  0x0000, 0x0000, 0x0000, 0x0000, 0x0000, 0x0000, 0x0000, 0x0000, 0x0000, 0x0000, 0x0000, 0x0000,
  0x0000, 0x0000, 0x0000, 0x0000, 0x0000, 0x0000, 0x0000, 0x0000, 0x0000, 0x0000, 0x0000, 0x0000,
  0x0000, 0x0000, 0x0000, 0x0000, 0x0000, 0x0000, 0x0000, 0x0000, 0x0000, 0x0000, 0x0000, 0x0000,
  0x0000, 0x0000, 0x0000, 0x0000, 0x0000, 0x0000, 0x0000, 0x0000, 0x0000, 0x0000, 0x0000, 0x0000,
  0x0000, 0x0000, 0x0000, 0x0000, 0x0000, 0x0000, 0x0000, 0x0000, 0x0000, 0x0000, 0x0000, 0x0000,
  0x0000, 0x0000, 0x0000, 0x0000, 0x0000, 0x0000, 0x0000, 0x0000, 0x0000, 0x0000, 0x0000, 0x0000,
  0x0000, 0x0000, 0x0000, 0x0000, 0x0000, 0x0000, 0x0000, 0x0000, 0x0000, 0x0000, 0x0000, 0x0000,
  0x0000, 0x0000, 0x0000, 0x0000, 0x0000, 0x0000, 0x0000, 0x0000, 0x0000, 0x0000, 0x0000, 0x0000,
  0x0000, 0x0000, 0x0000, 0x0000, 0x0000, 0x0000, 0x0000, 0x0000, 0x0000, 0x0000, 0x0000, 0x0000,
  0x0000, 0x0000, 0x0000, 0x0000, 0x0000, 0x0000, 0x0000, 0x0000, 0x0000, 0x0000, 0x0000, 0x0000,
  0x0000, 0x0000, 0x0000, 0x0000, 0x0000, 0x0000, 0x0000, 0x0000, 0x0000, 0x0000, 0x0000, 0x0000,
  0x0000, 0x0000, 0x0000, 0x0000, 0x0000, 0x0000, 0x0000, 0x0000, 0x0000, 0x0000, 0x0000, 0x0000,
  0x0000, 0x0000, 0x0000, 0x0000, 0x0000, 0x0000, 0x0000, 0x0000, 0x0000, 0x0000, 0x0000, 0x0000,
  0x0000, 0x0000, 0x0000, 0x0000, 0x0000, 0x0000, 0x0000, 0x0000, 0x0000, 0x0000, 0x0000, 0x0000,
  0x0000, 0x0000, 0x0000, 0x0000, 0x0000, 0x0000, 0x0000, 0x0000, 0x0000, 0x0000, 0x0000, 0x0000,
  0x0000, 0x0000, 0x0000, 0x0000, 0x0000, 0x0000, 0x0000, 0x0000, 0x0000, 0x0000, 0x0000, 0x0000,
  0x0000, 0x0000, 0x0000, 0x0000, 0x0000, 0x0000, 0x0000, 0x0000, 0x0000, 0x0000, 0x0000, 0x0000,
  0x0000, 0x0000, 0x0000, 0x0000, 0x0000, 0x0000, 0x0000, 0x0000, 0x0000, 0x0000, 0x0000, 0x0000,
  0x0000, 0x0000, 0x0000, 0x0000, 0x0000, 0x0000, 0x0000, 0x0000, 0x0000, 0x0000, 0x0000, 0x0000,
  0x0000, 0x0000, 0x0000, 0x0000, 0x0000, 0x0000, 0x0000, 0x0000, 0x0000, 0x0000, 0x0000, 0x0000,
  0x0000, 0x0000, 0x0000, 0x0000, 0x0000, 0x0000, 0x0000, 0x0000, 0x0000, 0x0000, 0x0000, 0x0000,
  0x0000, 0x0000, 0x0000, 0x0000, 0x0000, 0x0000, 0x0000, 0x0000, 0x0000, 0x0000, 0x0000, 0x0000,
  0x0000, 0x0000, 0x0000, 0x0000, 0x0000, 0x0000, 0x0000, 0x0000, 0x0000, 0x0000, 0x0000, 0x0000,
  0x0000, 0x0000, 0x0000, 0x0000, 0x0000, 0x0000, 0x0000, 0x0000, 0x0000, 0x0000, 0x0000, 0x0000,
  0x0000, 0x0000, 0x0000, 0x0000, 0x0000, 0x0000, 0x0000, 0x0000, 0x0000, 0x0000, 0x0000, 0x0000,
  0x0000, 0x0000, 0x0000, 0x0000, 0x0000, 0x0000, 0x0000, 0x0000, 0x0000, 0x0000, 0x0000, 0x0000,
  0x0000, 0x0000, 0x0000, 0x0000, 0x0000, 0x0000, 0x0000, 0x0000, 0x0000, 0x0000, 0x0000, 0x0000,
  0x0000, 0x0000, 0x0000, 0x0000, 0x0000, 0x0000, 0x0000, 0x0000, 0x0000, 0x0000, 0x0000, 0x0000,
  0x0000, 0x0000, 0x0000, 0x0000, 0x0000, 0x0000, 0x0000, 0x0000, 0x0000, 0x0000, 0x0000, 0x0000,
  0x0000, 0x0000, 0x0000, 0x0000, 0x0000, 0x0000, 0x0000, 0x0000, 0x0000, 0x0000, 0x0000, 0x0000,
  0x0000, 0x0000, 0x0000, 0x0000, 0x0000, 0x0000, 0x0000, 0x0000, 0x0000, 0x0000, 0x0000, 0x0000,
  0x0000, 0x0000, 0x0000, 0x0000, 0x0000, 0x0000, 0x0000, 0x0000, 0x0000, 0x0000, 0x0000, 0x0000,
  0x0000, 0x0000, 0x0000, 0x0000, 0x0000, 0x0000, 0x0000, 0x0000, 0x0000, 0x0000, 0x0000, 0x0000,
  0x0000, 0x0000, 0x0000, 0x0000, 0x0000, 0x0000, 0x0000, 0x0000, 0x0000, 0x0000, 0x0000, 0x0000,
  0x0000, 0x0000, 0x0000, 0x0000, 0x0000, 0x0000, 0x0000, 0x0000, 0x0000, 0x0000, 0x0000, 0x0000,
  0x0000, 0x0000, 0x0000, 0x0000, 0x0000, 0x0000, 0x0000, 0x0000, 0x0000, 0x0000, 0x0000, 0x0000,
  0x0000, 0x0000, 0x0000, 0x0000, 0x0000, 0x0000, 0x0000, 0x0000, 0x0000, 0x0000, 0x0000, 0x0000,
  0x0000, 0x0000, 0x0000, 0x0000, 0x0000, 0x0000, 0x0000, 0x0000, 0x0000, 0x0000, 0x0000, 0x0000,
  0x0000, 0x0000, 0x0000, 0x0000, 0x0000, 0x0000, 0x0000, 0x0000, 0x0000, 0x0000, 0x0000, 0x0000,
  0x0000, 0x0000, 0x0000, 0x0000, 0x0000, 0x0000, 0x0000, 0x0000, 0x0000, 0x0000, 0x0000, 0x0000,
  0x0000, 0x0000, 0x0000, 0x0000, 0x0000, 0x0000, 0x0000, 0x0000, 0x0000, 0x0000, 0x0000, 0x0000,
  0x0000, 0x0000, 0x0000, 0x0000, 0x0000, 0x0000, 0x0000, 0x0000, 0x0000, 0x0000, 0x0000, 0x0000,
  0x0000, 0x0000, 0x0000, 0x0000, 0x0000, 0x0000, 0x0000, 0x0000, 0x0000, 0x0000, 0x0000, 0x0000,
  0x0000, 0x0000, 0x0000, 0x0000, 0x0000, 0x0000, 0x0000, 0x0000, 0x0000, 0x0000, 0x0000, 0x0000,
  0x0000, 0x0000, 0x0000, 0x0000, 0x0000, 0x0000, 0x0000, 0x0000, 0x0000, 0x0000, 0x0000, 0x0000,
  0x0000, 0x0000, 0x0000, 0x0000, 0x0000, 0x0000, 0x0000, 0x0000, 0x0000, 0x0000, 0x0000, 0x0000,
  0x0000, 0x0000, 0x0000, 0x0000, 0x0000, 0x0000, 0x0000, 0x0000, 0x0000, 0x0000, 0x0000, 0x0000,
  0x0000, 0x0000, 0x0000, 0x0000, 0x0000, 0x0000, 0x0000, 0x0000, 0x0000, 0x0000, 0x0000, 0x0000,
  0x0000, 0x0000, 0x0000, 0x0000, 0x0000, 0x0000, 0x0000, 0x0000, 0x0000, 0x0000, 0x0000, 0x0000,
  0x0000, 0x0000, 0x0000, 0x0000, 0x0000, 0x0000, 0x0000, 0x0000, 0x0000, 0x0000, 0x0000, 0x0000,
  0x0000, 0x0000, 0x0000, 0x0000, 0x0000, 0x0000, 0x0000, 0x0000, 0x0000, 0x0000, 0x0000, 0x0000,
  0x0000, 0x0000, 0x0000, 0x0000, 0x0000, 0x0000, 0x0000, 0x0000, 0x0000, 0x0000, 0x0000, 0x0000,
  0x0000, 0x0000, 0x0000, 0x0000, 0x0000, 0x0000, 0x0000, 0x0000, 0x0000, 0x0000, 0x0000, 0x0000,
  0x0000, 0x0000, 0x0000, 0x0000, 0x0000, 0x0000, 0x0000, 0x0000, 0x0000, 0x0000, 0x0000, 0x0000,
  0x0000, 0x0000, 0x0000, 0x0000, 0x0000, 0x0000, 0x0000, 0x0000, 0x0000, 0x0000, 0x0000, 0x0000,
  0x0000, 0x0000, 0x0000, 0x0000, 0x0000, 0x0000, 0x0000, 0x0000, 0x0000, 0x0000, 0x0000, 0x0000,
  0x0000, 0x0000, 0x0000, 0x0000, 0x0000, 0x0000, 0x0000, 0x0000, 0x0000, 0x0000, 0x0000, 0x0000,
  0x0000, 0x0000, 0x0000, 0x0000, 0x0000, 0x0000, 0x0000, 0x0000, 0x0000, 0x0000, 0x0000, 0x0000,
  0x0000, 0x0000, 0x0000, 0x0000, 0x0000, 0x0000, 0x0000, 0x0000, 0x0000, 0x0000, 0x0000, 0x0000,
  0x0000, 0x0000, 0x0000, 0x0000, 0x0000, 0x0000, 0x0000, 0x0000, 0x0000, 0x0000, 0x0000, 0x0000,
  0x0000, 0x0000, 0x0000, 0x0000, 0x0000, 0x0000, 0x0000, 0x0000, 0x0000, 0x0000, 0x0000, 0x0000,
  0x0000, 0x0000, 0x0000, 0x0000, 0x0000, 0x0000, 0x0000, 0x0000, 0x0000, 0x0000, 0x0000, 0x0000,
  0x0000, 0x0000, 0x0000, 0x0000, 0x0000, 0x0000, 0x0000, 0x0000, 0x0000, 0x0000, 0x0000, 0x0000,
  0x0000, 0x0000, 0x0000, 0x0000, 0x0000, 0x0000, 0x0000, 0x0000, 0x0000, 0x0000, 0x0000, 0x0000,
  0x0000, 0x0000, 0x0000, 0x0000, 0x0000, 0x0000, 0x0000, 0x0000, 0x0000, 0x0000, 0x0000, 0x0000,
  0x0000, 0x0000, 0x0000, 0x0000, 0x0000, 0x0000, 0x0000, 0x0000, 0x0000, 0x0000, 0x0000, 0x0000,
  0x0000, 0x0000, 0x0000, 0x0000, 0x0000, 0x0000, 0x0000, 0x0000, 0x0000, 0x0000, 0x0000, 0x0000,
  0x0000, 0x0000, 0x0000, 0x0000, 0x0000, 0x0000, 0x0000, 0x0000, 0x0000, 0x0000, 0x0000, 0x0000,
  0x0000, 0x0000, 0x0000, 0x0000, 0x0000, 0x0000, 0x0000, 0x0000, 0x0000, 0x0000, 0x0000, 0x0000,
  0x0000, 0x0000, 0x0000, 0x0000, 0x0000, 0x0000, 0x0000, 0x0000, 0x0000, 0x0000, 0x0000, 0x0000,
  0x0000, 0x0000, 0x0000, 0x0000, 0x0000, 0x0000, 0x0000, 0x0000, 0x0000, 0x0000, 0x0000, 0x0000,
  0x0000, 0x0000, 0x0000, 0x0000, 0x0000, 0x0000, 0x0000, 0x0000, 0x0000, 0x0000, 0x0000, 0x0000,
  0x0000, 0x0000, 0x0000, 0x0000, 0x0000, 0x0000, 0x0000, 0x0000, 0x0000, 0x0000, 0x0000, 0x0000,
  0x0000, 0x0000, 0x0000, 0x0000, 0x0000, 0x0000, 0x0000, 0x0000, 0x0000, 0x0000, 0x0000, 0x0000,
  0x0000, 0x0000, 0x0000, 0x0000, 0x0000, 0x0000, 0x0000, 0x0000, 0x0000, 0x0000, 0x0000, 0x0000,
  0x0000, 0x0000, 0x0000, 0x0000, 0x0000, 0x0000, 0x0000, 0x0000, 0x0000, 0x0000, 0x0000, 0x0000,
  0x0000, 0x0000, 0x0000, 0x0000, 0x0000, 0x0000, 0x0000, 0x0000, 0x0000, 0x0000, 0x0000, 0x0000,
  0x0000, 0x0000, 0x0000, 0x0000, 0x0000, 0x0000, 0x0000, 0x0000, 0x0000, 0x0000, 0x0000, 0x0000,
  0x0000, 0x0000, 0x0000, 0x0000, 0x0000, 0x0000, 0x0000, 0x0000, 0x0000, 0x0000, 0x0000, 0x0000,
  0x0000, 0x0000, 0x0000, 0x0000, 0x0000, 0x0000, 0x0000, 0x0000, 0x0000, 0x0000, 0x0000, 0x0000,
  0x0000, 0x0000, 0x0000, 0x0000, 0x0000, 0x0000, 0x0000, 0x0000, 0x0000, 0x0000, 0x0000, 0x0000,
  0x0000, 0x0000, 0x0000, 0x0000, 0x0000, 0x0000, 0x0000, 0x0000, 0x0000, 0x0000, 0x0000, 0x0000,
  0x0000, 0x0000, 0x0000, 0x0000, 0x0000, 0x0000, 0x0000, 0x0000, 0x0000, 0x0000, 0x0000, 0x0000,
  0x0000, 0x0000, 0x0000, 0x0000, 0x0000, 0x0000, 0x0000, 0x0000, 0x0000, 0x0000, 0x0000, 0x0000,
  0x0000, 0x0000, 0x0000, 0x0000, 0x0000, 0x0000, 0x0000, 0x0000, 0x0000, 0x0000, 0x0000, 0x0000,
  0x0000, 0x0000, 0x0000, 0x0000, 0x0000, 0x0000, 0x0000, 0x0000, 0x0000, 0x0000, 0x0000, 0x0000,
  0x0000, 0x0000, 0x0000, 0x0000, 0x0000, 0x0000, 0x0000, 0x0000, 0x0000, 0x0000, 0x0000, 0x0000,
  0x0000, 0x0000, 0x0000, 0x0000, 0x0000, 0x0000, 0x0000, 0x0000, 0x0000, 0x0000, 0x0000, 0x0000,
  0x0000, 0x0000, 0x0000, 0x0000, 0x0000, 0x0000, 0x0000, 0x0000, 0x0000, 0x0000, 0x0000, 0x0000,
  0x0000, 0x0000, 0x0000, 0x0000, 0x0000, 0x0000, 0x0000, 0x0000, 0x0000, 0x0000, 0x0000, 0x0000,
  0x0000, 0x0000, 0x0000, 0x0000, 0x0000, 0x0000, 0x0000, 0x0000, 0x0000, 0x0000, 0x0000, 0x0000,
  0x0000, 0x0000, 0x0000, 0x0000, 0x0000, 0x0000, 0x0000, 0x0000, 0x0000, 0x0000, 0x0000, 0x0000,
  0x0000, 0x0000, 0x0000, 0x0000, 0x0000, 0x0000, 0x0000, 0x0000, 0x0000, 0x0000, 0x0000, 0x0000,
  0x0000, 0x0000, 0x0000, 0x0000, 0x0000, 0x0000, 0x0000, 0x0000, 0x0000, 0x0000, 0x0000, 0x0000,
  0x0000, 0x0000, 0x0000, 0x0000, 0x0000, 0x0000, 0x0000, 0x0000, 0x0000, 0x0000, 0x0000, 0x0000,
  0x0000, 0x0000, 0x0000, 0x0000, 0x0000, 0x0000, 0x0000, 0x0000, 0x0000, 0x0000, 0x0000, 0x0000,
  0x0000, 0x0000, 0x0000, 0x0000, 0x0000, 0x0000, 0x0000, 0x0000, 0x0000, 0x0000, 0x0000, 0x0000,
  0x0000, 0x0000, 0x0000, 0x0000, 0x0000, 0x0000, 0x0000, 0x0000, 0x0000, 0x0000, 0x0000, 0x0000,
  0x0000, 0x0000, 0x0000, 0x0000, 0x0000, 0x0000, 0x0000, 0x0000, 0x0000, 0x0000, 0x0000, 0x0000,
  0x0000, 0x0000, 0x0000, 0x0000, 0x0000, 0x0000, 0x0000, 0x0000, 0x0000, 0x0000, 0x0000, 0x0000,
  0x0000, 0x0000, 0x0000, 0x0000, 0x0000, 0x0000, 0x0000, 0x0000, 0x0000, 0x0000, 0x0000, 0x0000,
  0x0000, 0x0000, 0x0000, 0x0000, 0x0000, 0x0000, 0x0000, 0x0000, 0x0000, 0x0000, 0x0000, 0x0000,
  0x0000, 0x0000, 0x0000, 0x0000, 0x0000, 0x0000, 0x0000, 0x0000, 0x0000, 0x0000, 0x0000, 0x0000,
  0x0000, 0x0000, 0x0000, 0x0000, 0x0000, 0x0000, 0x0000, 0x0000, 0x0000, 0x0000, 0x0000, 0x0000,
  0x0000, 0x0000, 0x0000, 0x0000, 0x0000, 0x0000, 0x0000, 0x0000, 0x0000, 0x0000, 0x0000, 0x0000,
  0x0000, 0x0000, 0x0000, 0x0000, 0x0000, 0x0000, 0x0000, 0x0000, 0x0000, 0x0000, 0x0000, 0x0000,
  0x0000, 0x0000, 0x0000, 0x0000, 0x0000, 0x0000, 0x0000, 0x0000, 0x0000, 0x0000, 0x0000, 0x0000,
  0x0000, 0x0000, 0x0000, 0x0000, 0x0000, 0x0000, 0x0000, 0x0000, 0x0000, 0x0000, 0x0000, 0x0000,
  0x0000, 0x0000, 0x0000, 0x0000, 0x0000, 0x0000, 0x0000, 0x0000, 0x0000, 0x0000, 0x0000, 0x0000,
  0x0000, 0x0000, 0x0000, 0x0000, 0x0000, 0x0000, 0x0000, 0x0000, 0x0000, 0x0000, 0x0000, 0x0000,
  0x0000, 0x0000, 0x0000, 0x0000, 0x0000, 0x0000, 0x0000, 0x0000, 0x0000, 0x0000, 0x0000, 0x0000,
  0x0000, 0x0000, 0x0000, 0x0000, 0x0000, 0x0000, 0x0000, 0x0000, 0x0000, 0x0000, 0x0000, 0x0000,
  0x0000, 0x0000, 0x0000, 0x0000, 0x0000, 0x0000, 0x0000, 0x0000, 0x0000, 0x0000, 0x0000, 0x0000,
  0x0000, 0x0000, 0x0000, 0x0000, 0x0000, 0x0000, 0x0000, 0x0000, 0x0000, 0x0000, 0x0000, 0x0000,
  0x0000, 0x0000, 0x0000, 0x0000, 0x0000, 0x0000, 0x0000, 0x0000, 0x0000, 0x0000, 0x0000, 0x0000,
  0x0000, 0x0000, 0x0000, 0x0000, 0x0000, 0x0000, 0x0000, 0x0000, 0x0000, 0x0000, 0x0000, 0x0000,
  0x0000, 0x0000, 0x0000, 0x0000, 0x0000, 0x0000, 0x0000, 0x0000, 0x0000, 0x0000, 0x0000, 0x0000,
  0x0000, 0x0000, 0x0000, 0x0000, 0x0000, 0x0000, 0x0000, 0x0000, 0x0000, 0x0000, 0x0000, 0x0000,
  0x0000, 0x0000, 0x0000, 0x0000, 0x0000, 0x0000, 0x0000, 0x0000, 0x0000, 0x0000, 0x0000, 0x0000,
  0x0000, 0x0000, 0x0000, 0x0000, 0x0000, 0x0000, 0x0000, 0x0000, 0x0000, 0x0000, 0x0000, 0x0000,
  0x0000, 0x0000, 0x0000, 0x0000, 0x0000, 0x0000, 0x0000, 0x0000, 0x0000, 0x0000, 0x0000, 0x0000,
  0x0000, 0x0000, 0x0000, 0x0000, 0x0000, 0x0000, 0x0000, 0x0000, 0x0000, 0x0000, 0x0000, 0x0000,
  0x0000, 0x0000, 0x0000, 0x0000, 0x0000, 0x0000, 0x0000, 0x0000, 0x0000, 0x0000, 0x0000, 0x0000,
  0x0000, 0x0000, 0x0000, 0x0000, 0x0000, 0x0000, 0x0000, 0x0000, 0x0000, 0x0000, 0x0000, 0x0000,
  0x0000, 0x0000, 0x0000, 0x0000, 0x0000, 0x0000, 0x0000, 0x0000, 0x0000, 0x0000, 0x0000, 0x0000,
  0x0000, 0x0000, 0x0000, 0x0000, 0x0000, 0x0000, 0x0000, 0x0000, 0x0000, 0x0000, 0x0000, 0x0000,
  0x0000, 0x0000, 0x0000, 0x0000, 0x0000, 0x0000, 0x0000, 0x0000, 0x0000, 0x0000, 0x0000, 0x0000,
  0x0000, 0x0000, 0x0000, 0x0000, 0x0000, 0x0000, 0x0000, 0x0000, 0x0000, 0x0000, 0x0000, 0x0000,
  0x0000, 0x0000, 0x0000, 0x0000, 0x0000, 0x0000, 0x0000, 0x0000, 0x0000, 0x0000, 0x0000, 0x0000,
  0x0000, 0x0000, 0x0000, 0x0000, 0x0000, 0x0000, 0x0000, 0x0000, 0x0000, 0x0000, 0x0000, 0x0000,
  0x0000, 0x0000, 0x0000, 0x0000, 0x0000, 0x0000, 0x0000, 0x0000, 0x0000, 0x0000, 0x0000, 0x0000,
  0x0000, 0x0000, 0x0000, 0x0000, 0x0000, 0x0000, 0x0000, 0x0000, 0x0000, 0x0000, 0x0000, 0x0000,
  0x0000, 0x0000, 0x0000, 0x0000, 0x0000, 0x0000, 0x0000, 0x0000, 0x0000, 0x0000, 0x0000, 0x0000,
  0x0000, 0x0000, 0x0000, 0x0000, 0x0000, 0x0000, 0x0000, 0x0000, 0x0000, 0x0000, 0x0000, 0x0000,
  0x0000, 0x0000, 0x0000, 0x0000, 0x0000, 0x0000, 0x0000, 0x0000, 0x0000, 0x0000, 0x0000, 0x0000,
  0x0000, 0x0000, 0x0000, 0x0000, 0x0000, 0x0000, 0x0000, 0x0000, 0x0000, 0x0000, 0x0000, 0x0000,
  0x0000, 0x0000, 0x0000, 0x0000, 0x0000, 0x0000, 0x0000, 0x0000, 0x0000, 0x0000, 0x0000, 0x0000,
  0x0000, 0x0000, 0x0000, 0x0000, 0x0000, 0x0000, 0x0000, 0x0000, 0x0000, 0x0000, 0x0000, 0x0000,
  0x0000, 0x0000, 0x0000, 0x0000, 0x0000, 0x0000, 0x0000, 0x0000, 0x0000, 0x0000, 0x0000, 0x0000,
  0x0000, 0x0000, 0x0000, 0x0000, 0x0000, 0x0000, 0x0000, 0x0000, 0x0000, 0x0000, 0x0000, 0x0000,
  0x0000, 0x0000, 0x0000, 0x0000, 0x0000, 0x0000, 0x0000, 0x0000, 0x0000, 0x0000, 0x0000, 0x0000,
  0x0000, 0x0000, 0x0000, 0x0000, 0x0000, 0x0000, 0x0000, 0x0000, 0x0000, 0x0000, 0x0000, 0x0000,
  0x0000, 0x0000, 0x0000, 0x0000, 0x0000, 0x0000, 0x0000, 0x0000, 0x0000, 0x0000, 0x0000, 0x0000,
  0x0000, 0x0000, 0x0000, 0x0000, 0x0000, 0x0000, 0x0000, 0x0000, 0x0000, 0x0000, 0x0000, 0x0000,
  0x0000, 0x0000, 0x0000, 0x0000, 0x0000, 0x0000, 0x0000, 0x0000, 0x0000, 0x0000, 0x0000, 0x0000,
  0x0000, 0x0000, 0x0000, 0x0000, 0x0000, 0x0000, 0x0000, 0x0000, 0x0000, 0x0000, 0x0000, 0x0000,
  0x0000, 0x0000, 0x0000, 0x0000, 0x0000, 0x0000, 0x0000, 0x0000, 0x0000, 0x0000, 0x0000, 0x0000,
  0x0000, 0x0000, 0x0000, 0x0000, 0x0000, 0x0000, 0x0000, 0x0000, 0x0000, 0x0000, 0x0000, 0x0000,
  0x0000, 0x0000, 0x0000, 0x0000, 0x0000, 0x0000, 0x0000, 0x0000, 0x0000, 0x0000, 0x0000, 0x0000,
  0x0000, 0x0000, 0x0000, 0x0000, 0x0000, 0x0000, 0x0000, 0x0000, 0x0000, 0x0000, 0x0000, 0x0000,
  0x0000, 0x0000, 0x0000, 0x0000, 0x0000, 0x0000, 0x0000, 0x0000, 0x0000, 0x0000, 0x0000, 0x0000,
  0x0000, 0x0000, 0x0000, 0x0000, 0x0000, 0x0000, 0x0000, 0x0000, 0x0000, 0x0000, 0x0000, 0x0000,
  0x0000, 0x0000, 0x0000, 0x0000, 0x0000, 0x0000, 0x0000, 0x0000, 0x0000, 0x0000, 0x0000, 0x0000,
  0x0000, 0x0000, 0x0000, 0x0000, 0x0000, 0x0000, 0x0000, 0x0000, 0x0000, 0x0000, 0x0000, 0x0000,
  0x0000, 0x0000, 0x0000, 0x0000, 0x0000, 0x0000, 0x0000, 0x0000, 0x0000, 0x0000, 0x0000, 0x0000,
  0x0000, 0x0000, 0x0000, 0x0000, 0x0000, 0x0000, 0x0000, 0x0000, 0x0000, 0x0000, 0x0000, 0x0000,
  0x0000, 0x0000, 0x0000, 0x0000, 0x0000, 0x0000, 0x0000, 0x0000, 0x0000, 0x0000, 0x0000, 0x0000,
  0x0000, 0x0000, 0x0000, 0x0000, 0x0000, 0x0000, 0x0000, 0x0000, 0x0000, 0x0000, 0x0000, 0x0000,
  0x0000, 0x0000, 0x0000, 0x0000, 0x0000, 0x0000, 0x0000, 0x0000, 0x0000, 0x0000, 0x0000, 0x0000,
  0x0000, 0x0000, 0x0000, 0x0000, 0x0000, 0x0000, 0x0000, 0x0000, 0x0000, 0x0000, 0x0000, 0x0000,
  0x0000, 0x0000, 0x0000, 0x0000, 0x0000, 0x0000, 0x0000, 0x0000, 0x0000, 0x0000, 0x0000, 0x0000,
  0x0000, 0x0000, 0x0000, 0x0000, 0x0000, 0x0000, 0x0000, 0x0000, 0x0000, 0x0000, 0x0000, 0x0000,
  0x0000, 0x0000, 0x0000, 0x0000, 0x0000, 0x0000, 0x0000, 0x0000, 0x0000, 0x0000, 0x0000, 0x0000,
  0x0000, 0x0000, 0x0000, 0x0000, 0x0000, 0x0000, 0x0000, 0x0000, 0x0000, 0x0000, 0x0000, 0x0000,
  0x0000, 0x0000, 0x0000, 0x0000, 0x0000, 0x0000, 0x0000, 0x0000, 0x0000, 0x0000, 0x0000, 0x0000,
  0x0000, 0x0000, 0x0000, 0x0000, 0x0000, 0x0000, 0x0000, 0x0000, 0x0000, 0x0000, 0x0000, 0x0000,
  0x0000, 0x0000, 0x0000, 0x0000, 0x0000, 0x0000, 0x0000, 0x0000, 0x0000, 0x0000, 0x0000, 0x0000,
  0x0000, 0x0000, 0x0000, 0x0000, 0x0000, 0x0000, 0x0000, 0x0000, 0x0000, 0x0000, 0x0000, 0x0000,
  0x0000, 0x0000, 0x0000, 0x0000, 0x0000, 0x0000, 0x0000, 0x0000, 0x0000, 0x0000, 0x0000, 0x0000,
  0x0000, 0x0000, 0x0000, 0x0000, 0x0000, 0x0000, 0x0000, 0x0000, 0x0000, 0x0000, 0x0000, 0x0000,
  0x0000, 0x0000, 0x0000, 0x0000, 0x0000, 0x0000, 0x0000, 0x0000, 0x0000, 0x0000, 0x0000, 0x0000,
  0x0000, 0x0000, 0x0000, 0x0000, 0x0000, 0x0000, 0x0000, 0x0000, 0x0000, 0x0000, 0x0000, 0x0000,
  0x0000, 0x0000, 0x0000, 0x0000, 0x0000, 0x0000, 0x0000, 0x0000, 0x0000, 0x0000, 0x0000, 0x0000,
  0x0000, 0x0000, 0x0000, 0x0000, 0x0000, 0x0000, 0x0000, 0x0000, 0x0000, 0x0000, 0x0000, 0x0000,
  0x0000, 0x0000, 0x0000, 0x0000, 0x0000, 0x0000, 0x0000, 0x0000, 0x0000, 0x0000, 0x0000, 0x0000,
  0x0000, 0x0000, 0x0000, 0x0000, 0x0000, 0x0000, 0x0000, 0x0000, 0x0000, 0x0000, 0x0000, 0x0000,
  0x0000, 0x0000, 0x0000, 0x0000, 0x0000, 0x0000, 0x0000, 0x0000, 0x0000, 0x0000, 0x0000, 0x0000,
  0x0000, 0x0000, 0x0000, 0x0000, 0x0000, 0x0000, 0x0000, 0x0000, 0x0000, 0x0000, 0x0000, 0x0000,
  0x0000, 0x0000, 0x0000, 0x0000, 0x0000, 0x0000, 0x0000, 0x0000, 0x0000, 0x0000, 0x0000, 0x0000,
  0x0000, 0x0000, 0x0000, 0x0000, 0x0000, 0x0000, 0x0000, 0x0000, 0x0000, 0x0000, 0x0000, 0x0000,
  0x0000, 0x0000, 0x0000, 0x0000, 0x0000, 0x0000, 0x0000, 0x0000, 0x0000, 0x0000, 0x0000, 0x0000,
  0x0000, 0x0000, 0x0000, 0x0000, 0x0000, 0x0000, 0x0000, 0x0000, 0x0000, 0x0000, 0x0000, 0x0000,
  0x0000, 0x0000, 0x0000, 0x0000, 0x0000, 0x0000, 0x0000, 0x0000, 0x0000, 0x0000, 0x0000, 0x0000,
  0x0000, 0x0000, 0x0000, 0x0000, 0x0000, 0x0000, 0x0000, 0x0000, 0x0000, 0x0000, 0x0000, 0x0000,
  0x0000, 0x0000, 0x0000, 0x0000, 0x0000, 0x0000, 0x0000, 0x0000, 0x0000, 0x0000, 0x0000, 0x0000,
  0x0000, 0x0000, 0x0000, 0x0000, 0x0000, 0x0000, 0x0000, 0x0000, 0x0000, 0x0000, 0x0000, 0x0000,
  0x0000, 0x0000, 0x0000, 0x0000, 0x0000, 0x0000, 0x0000, 0x0000, 0x0000, 0x0000, 0x0000, 0x0000,
  0x0000, 0x0000, 0x0000, 0x0000, 0x0000, 0x0000, 0x0000, 0x0000, 0x0000, 0x0000, 0x0000, 0x0000,
  0x0000, 0x0000, 0x0000, 0x0000, 0x0000, 0x0000, 0x0000, 0x0000, 0x0000, 0x0000, 0x0000, 0x0000,
  0x0000, 0x0000, 0x0000, 0x0000, 0x0000, 0x0000, 0x0000, 0x0000, 0x0000, 0x0000, 0x0000, 0x0000,
  0x0000, 0x0000, 0x0000, 0x0000, 0x0000, 0x0000, 0x0000, 0x0000, 0x0000, 0x0000, 0x0000, 0x0000,
  0x0000, 0x0000, 0x0000, 0x0000, 0x0000, 0x0000, 0x0000, 0x0000, 0x0000, 0x0000, 0x0000, 0x0000,
  0x0000, 0x0000, 0x0000, 0x0000, 0x0000, 0x0000, 0x0000, 0x0000, 0x0000, 0x0000, 0x0000, 0x0000,
  0x0000, 0x0000, 0x0000, 0x0000, 0x0000, 0x0000, 0x0000, 0x0000, 0x0000, 0x0000, 0x0000, 0x0000,
  0x0000, 0x0000, 0x0000, 0x0000, 0x0000, 0x0000, 0x0000, 0x0000, 0x0000, 0x0000, 0x0000, 0x0000,
  0x0000, 0x0000, 0x0000, 0x0000, 0x0000, 0x0000, 0x0000, 0x0000, 0x0000, 0x0000, 0x0000, 0x0000,
  0x0000, 0x0000, 0x0000, 0x0000, 0x0000, 0x0000, 0x0000, 0x0000, 0x0000, 0x0000, 0x0000, 0x0000,
  0x0000, 0x0000, 0x0000, 0x0000, 0x0000, 0x0000, 0x0000, 0x0000, 0x0000, 0x0000, 0x0000, 0x0000,
  0x0000, 0x0000, 0x0000, 0x0000, 0x0000, 0x0000, 0x0000, 0x0000, 0x0000, 0x0000, 0x0000, 0x0000,
  0x0000, 0x0000, 0x0000, 0x0000, 0x0000, 0x0000, 0x0000, 0x0000, 0x0000, 0x0000, 0x0000, 0x0000,
  0x0000, 0x0000, 0x0000, 0x0000, 0x0000, 0x0000, 0x0000, 0x0000, 0x0000, 0x0000, 0x0000, 0x0000,
  0x0000, 0x0000, 0x0000, 0x0000, 0x0000, 0x0000, 0x0000, 0x0000, 0x0000, 0x0000, 0x0000, 0x0000,
  0x0000, 0x0000, 0x0000, 0x0000, 0x0000, 0x0000, 0x0000, 0x0000, 0x0000, 0x0000, 0x0000, 0x0000,
  0x0000, 0x0000, 0x0000, 0x0000, 0x0000, 0x0000, 0x0000, 0x0000, 0x0000, 0x0000, 0x0000, 0x0000,
  0x0000, 0x0000, 0x0000, 0x0000, 0x0000, 0x0000, 0x0000, 0x0000, 0x0000, 0x0000, 0x0000, 0x0000,
  0x0000, 0x0000, 0x0000, 0x0000, 0x0000, 0x0000, 0x0000, 0x0000, 0x0000, 0x0000, 0x0000, 0x0000,
  0x0000, 0x0000, 0x0000, 0x0000, 0x0000, 0x0000, 0x0000, 0x0000, 0x0000, 0x0000, 0x0000, 0x0000,
  0x0000, 0x0000, 0x0000, 0x0000, 0x0000, 0x0000, 0x0000, 0x0000, 0x0000, 0x0000, 0x0000, 0x0000,
  0x0000, 0x0000, 0x0000, 0x0000, 0x0000, 0x0000, 0x0000, 0x0000, 0x0000, 0x0000, 0x0000, 0x0000,
  0x0000, 0x0000, 0x0000, 0x0000, 0x0000, 0x0000, 0x0000, 0x0000, 0x0000, 0x0000, 0x0000, 0x0000,
  0x0000, 0x0000, 0x0000, 0x0000, 0x0000, 0x0000, 0x0000, 0x0000, 0x0000, 0x0000, 0x0000, 0x0000,
  0x0000, 0x0000, 0x0000, 0x0000, 0x0000, 0x0000, 0x0000, 0x0000, 0x0000, 0x0000, 0x0000, 0x0000,
  0x0000, 0x0000, 0x0000, 0x0000, 0x0000, 0x0000, 0x0000, 0x0000, 0x0000, 0x0000, 0x0000, 0x0000,
  0x0000, 0x0000, 0x0000, 0x0000, 0x0000, 0x0000, 0x0000, 0x0000, 0x0000, 0x0000, 0x0000, 0x0000,
  0x0000, 0x0000, 0x0000, 0x0000, 0x0000, 0x0000, 0x0000, 0x0000, 0x0000, 0x0000, 0x0000, 0x0000,
  0x0000, 0x0000, 0x0000, 0x0000, 0x0000, 0x0000, 0x0000, 0x0000, 0x0000, 0x0000, 0x0000, 0x0000,
  0x0000, 0x0000, 0x0000, 0x0000, 0x0000, 0x0000, 0x0000, 0x0000, 0x0000, 0x0000, 0x0000, 0x0000,
  0x0000, 0x0000, 0x0000, 0x0000, 0x0000, 0x0000, 0x0000, 0x0000, 0x0000, 0x0000, 0x0000, 0x0000,
  0x0000, 0x0000, 0x0000, 0x0000, 0x0000, 0x0000, 0x0000, 0x0000, 0x0000, 0x0000, 0x0000, 0x0000,
  0x0000, 0x0000, 0x0000, 0x0000, 0x0000, 0x0000, 0x0000, 0x0000, 0x0000, 0x0000, 0x0000, 0x0000,
  0x0000, 0x0000, 0x0000, 0x0000, 0x0000, 0x0000, 0x0000, 0x0000, 0x0000, 0x0000, 0x0000, 0x0000,
  0x0000, 0x0000, 0x0000, 0x0000, 0x0000, 0x0000, 0x0000, 0x0000, 0x0000, 0x0000, 0x0000, 0x0000,
  0x0000, 0x0000, 0x0000, 0x0000, 0x0000, 0x0000, 0x0000, 0x0000, 0x0000, 0x0000, 0x0000, 0x0000,
  0x0000, 0x0000, 0x0000, 0x0000, 0x0000, 0x0000, 0x0000, 0x0000, 0x0000, 0x0000, 0x0000, 0x0000,
  0x0000, 0x0000, 0x0000, 0x0000, 0x0000, 0x0000, 0x0000, 0x0000, 0x0000, 0x0000, 0x0000, 0x0000,
  0x0000, 0x0000, 0x0000, 0x0000, 0x0000, 0x0000, 0x0000, 0x0000, 0x0000, 0x0000, 0x0000, 0x0000,
  0x0000, 0x0000, 0x0000, 0x0000, 0x0000, 0x0000, 0x0000, 0x0000, 0x0000, 0x0000, 0x0000, 0x0000,
  0x0000, 0x0000, 0x0000, 0x0000, 0x0000, 0x0000, 0x0000, 0x0000, 0x0000, 0x0000, 0x0000, 0x0000,
  0x0000, 0x0000, 0x0000, 0x0000, 0x0000, 0x0000, 0x0000, 0x0000, 0x0000, 0x0000, 0x0000, 0x0000,
  0x0000, 0x0000, 0x0000, 0x0000, 0x0000, 0x0000, 0x0000, 0x0000, 0x0000, 0x0000, 0x0000, 0x0000,
  0x0000, 0x0000, 0x0000, 0x0000, 0x0000, 0x0000, 0x0000, 0x0000, 0x0000, 0x0000, 0x0000, 0x0000,
  0x0000, 0x0000, 0x0000, 0x0000, 0x0000, 0x0000, 0x0000, 0x0000, 0x0000, 0x0000, 0x0000, 0x0000,
  0x0000, 0x0000, 0x0000, 0x0000, 0x0000, 0x0000, 0x0000, 0x0000, 0x0000, 0x0000, 0x0000, 0x0000,
  0x0000, 0x0000, 0x0000, 0x0000, 0x0000, 0x0000, 0x0000, 0x0000, 0x0000, 0x0000, 0x0000, 0x0000,
  0x0000, 0x0000, 0x0000, 0x0000, 0x0000, 0x0000, 0x0000, 0x0000, 0x0000, 0x0000, 0x0000, 0x0000,
  0x0000, 0x0000, 0x0000, 0x0000, 0x0000, 0x0000, 0x0000, 0x0000, 0x0000, 0x0000, 0x0000, 0x0000,
  0x0000, 0x0000, 0x0000, 0x0000, 0x0000, 0x0000, 0x0000, 0x0000, 0x0000, 0x0000, 0x0000, 0x0000
};
